# persist.sys.fanctrl.by.temperatue=0, stock ladder disabled
epoch,step,phase,level_cmd,duty_cmd,adc,fan_rb,level_rb,led_status,pll,ddr,sar
1788606748,1,4:40,4,40,961,40,4,1,59100,62800,56000
1788606749,1,4:40,4,40,1015,40,4,1,61000,63100,56800
1788606751,1,4:40,4,40,1047,40,4,1,60200,62700,56600
1788606752,1,4:40,4,40,1073,40,4,1,60400,62300,56400
1788606753,1,4:40,4,40,1090,40,4,1,60200,62500,56600
1788606754,1,4:40,4,40,1098,40,4,1,60600,62500,56600
1788606756,1,4:40,4,40,1106,40,4,1,60900,62700,56700
1788606757,1,4:40,4,40,1115,40,4,1,60100,62700,56400
1788606758,1,4:40,4,40,1124,40,4,1,60900,63200,56800
1788606760,1,4:40,4,40,1130,40,4,1,60800,62900,56800
1788606761,1,4:40,4,40,1138,40,4,1,60500,62800,56800
1788606762,1,4:40,4,40,1143,40,4,1,60200,62500,56600
1788606764,1,4:40,4,40,1150,40,4,1,60700,63000,56700
1788606765,1,4:40,4,40,1157,40,4,1,60900,63200,56700
1788606766,1,4:40,4,40,1162,40,4,1,61000,63000,56600
1788606767,1,4:40,4,40,1169,40,4,1,60000,62600,56500
1788606769,1,4:40,4,40,1177,40,4,1,60600,63300,56600
1788606770,1,4:40,4,40,1178,40,4,1,60200,62900,56500
1788606771,1,4:40,4,40,1186,40,4,1,59800,62800,56200
1788606773,1,4:40,4,40,1190,40,4,1,60300,62500,56500
1788606774,1,4:40,4,40,1196,40,4,1,60500,62400,56400
1788606775,1,4:40,4,40,1196,40,4,1,59700,62000,56100
1788606776,1,4:40,4,40,1202,40,4,1,60400,62600,56400
1788606778,1,4:40,4,40,1207,40,4,1,60000,61900,56000
1788606779,1,4:40,4,40,1213,40,4,1,60200,62400,56100
1788606780,1,4:40,4,40,1218,40,4,1,59600,62400,56000
1788606782,1,4:40,4,40,1220,40,4,1,59900,61900,56000
1788606783,1,4:40,4,40,1224,40,4,1,59800,62400,56000
1788606784,1,4:40,4,40,1231,40,4,1,59900,61900,56000
1788606785,1,4:40,4,40,1233,40,4,1,59800,61900,55900
1788606787,1,4:40,4,40,1235,40,4,1,59700,62200,55900
1788606788,1,4:40,4,40,1242,40,4,1,59100,61800,55700
1788606789,1,4:40,4,40,1243,40,4,1,60200,62400,56200
1788606791,1,4:40,4,40,1249,40,4,1,59000,61400,55700
1788606792,1,4:40,4,40,1252,40,4,1,59200,61700,55500
1788606793,1,4:40,4,40,1257,40,4,1,59700,61800,55700
1788606795,1,4:40,4,40,1258,40,4,1,59200,62000,55600
1788606796,1,4:40,4,40,1261,40,4,1,58900,61000,55400
1788606797,1,4:40,4,40,1263,40,4,1,58900,61200,55200
1788606798,1,4:40,4,40,1266,40,4,1,59200,61800,55400
1788606800,1,4:40,4,40,1269,40,4,1,59200,61000,55300
1788606801,1,4:40,4,40,1274,40,4,1,59700,62000,55200
1788606802,1,4:40,4,40,1277,40,4,1,59200,61200,55300
1788606804,1,4:40,4,40,1280,40,4,1,59100,61600,55300
1788606805,1,4:40,4,40,1283,40,4,1,58800,61200,55200
1788606806,1,4:40,4,40,1286,40,4,1,58400,60700,55000
1788606807,1,4:40,4,40,1289,40,4,1,58300,60700,54900
1788606809,1,4:40,4,40,1291,40,4,1,58700,60700,55000
1788606810,1,4:40,4,40,1293,40,4,1,58500,60500,54800
1788606811,1,4:40,4,40,1296,40,4,1,58500,60400,54800
1788606813,1,4:40,4,40,1302,40,4,1,57700,60000,54300
1788606814,1,4:40,4,40,1302,40,4,1,58000,60300,54500
1788606815,1,4:40,4,40,1305,40,4,1,58400,60500,54600
1788606816,1,4:40,4,40,1308,40,4,1,57600,60600,54400
1788606818,1,4:40,4,40,1309,40,4,1,58000,60700,54400
1788606819,1,4:40,4,40,1314,40,4,1,58400,60300,54400
1788606820,1,4:40,4,40,1315,40,4,1,57700,59900,54300
1788606822,1,4:40,4,40,1315,40,4,1,58100,59800,54000
1788606823,1,4:40,4,40,1320,40,4,1,57900,60500,54200
1788606824,1,4:40,4,40,1325,40,4,1,57900,60600,54400
1788606826,1,4:40,4,40,1323,40,4,1,57800,59800,54100
1788606827,1,4:40,4,40,1323,40,4,1,57300,60100,54000
1788606828,1,4:40,4,40,1328,40,4,1,57800,59800,54100
1788606829,1,4:40,4,40,1330,40,4,1,57800,60200,54000
1788606831,1,4:40,4,40,1331,40,4,1,57300,59600,53900
1788606832,1,4:40,4,40,1332,40,4,1,57400,59200,53800
1788606833,1,4:40,4,40,1337,40,4,1,57500,59900,54000
1788606835,1,4:40,4,40,1337,40,4,1,57300,59500,53800
1788606836,1,4:40,4,40,1339,40,4,1,57100,59800,53700
1788606837,1,4:40,4,40,1341,40,4,1,57000,59400,53600
1788606838,1,4:40,4,40,1346,40,4,1,57600,59700,53700
1788606840,1,4:40,4,40,1346,40,4,1,57100,59400,53600
1788606841,1,4:40,4,40,1347,40,4,1,57100,59700,53600
1788606842,1,4:40,4,40,1350,40,4,1,57000,59200,53500
1788606844,1,4:40,4,40,1353,40,4,1,57600,59400,53600
1788606845,1,4:40,4,40,1353,40,4,1,57100,59200,53500
1788606846,1,4:40,4,40,1356,40,4,1,56900,59100,53400
1788606848,1,4:40,4,40,1359,40,4,1,56800,59100,53300
1788606849,1,4:40,4,40,1360,40,4,1,56900,59100,53400
1788606850,1,4:40,4,40,1360,40,4,1,57000,59100,53300
1788606851,1,4:40,4,40,1361,40,4,1,57000,59000,53200
1788606853,1,4:40,4,40,1362,40,4,1,56800,58600,53100
1788606854,1,4:40,4,40,1366,40,4,1,56800,59400,53200
1788606855,1,4:40,4,40,1366,40,4,1,57000,59100,53300
1788606857,1,4:40,4,40,1369,40,4,1,56800,58400,53100
1788606858,1,4:40,4,40,1370,40,4,1,56800,58800,53000
1788606859,1,4:40,4,40,1371,40,4,1,56700,59100,53200
1788606860,1,4:40,4,40,1377,40,4,1,56700,58700,53000
1788606862,1,4:40,4,40,1373,40,4,1,56200,58600,52900
1788606863,1,4:40,4,40,1375,40,4,1,56300,58300,52800
1788606864,1,4:40,4,40,1377,40,4,1,56600,59000,52800
1788606866,1,4:40,4,40,1380,40,4,1,56100,58300,52700
1788606867,1,4:40,4,40,1381,40,4,1,56100,58100,52600
1788606868,1,4:40,4,40,1385,40,4,1,56000,58200,52500
1788606869,1,4:40,4,40,1385,40,4,1,56400,58500,52800
1788606871,1,4:40,4,40,1388,43,4,1,56300,58300,52600
1788606872,1,4:40,4,40,1389,40,4,1,55800,58100,52500
1788606873,1,4:40,4,40,1387,40,4,1,56400,58400,52600
1788606875,1,4:40,4,40,1390,40,4,1,56200,58400,52500
1788606876,1,4:40,4,40,1391,40,4,1,56000,58100,52400
1788606877,1,4:40,4,40,1391,40,4,1,54700,58100,51700
1788606878,1,4:40,4,40,1393,40,4,1,55600,58400,52200
1788606880,1,4:40,4,40,1396,40,4,1,55900,58600,52500
1788606881,1,4:40,4,40,1396,40,4,1,55600,58400,52300
1788606882,1,4:40,4,40,1397,40,4,1,55700,57700,52100
1788606884,1,4:40,4,40,1399,40,4,1,55900,58400,52300
1788606885,1,4:40,4,40,1400,40,4,1,55500,57800,52100
1788606886,1,4:40,4,40,1401,40,4,1,55600,57900,52200
1788606888,1,4:40,4,40,1402,40,4,1,55800,58000,52300
1788606889,1,4:40,4,40,1402,40,4,1,56000,58100,52100
1788606890,1,4:40,4,40,1404,40,4,1,55600,57500,52100
1788606891,1,4:40,4,40,1404,40,4,1,55300,57500,52000
1788606893,1,4:40,4,40,1409,40,4,1,55300,57700,52000
1788606894,1,4:40,4,40,1407,40,4,1,55600,57600,52000
1788606895,1,4:40,4,40,1412,40,4,1,55300,57500,51900
1788606897,1,4:40,4,40,1412,40,4,1,55100,57400,51900
1788606898,1,4:40,4,40,1414,40,4,1,55100,57600,51800
1788606899,1,4:40,4,40,1416,40,4,1,55700,58300,52000
1788606901,1,4:40,4,40,1418,40,4,1,55500,57700,52000
1788606902,1,4:40,4,40,1417,40,4,1,55000,57800,51800
1788606903,1,4:40,4,40,1416,40,4,1,55700,58000,52000
1788606904,1,4:40,4,40,1418,40,4,1,55400,57400,51800
1788606906,1,4:40,4,40,1421,40,4,1,55300,57300,51800
1788606907,1,4:40,4,40,1422,40,4,1,55000,57100,51600
1788606908,1,4:40,4,40,1425,40,4,1,55000,57500,51600
1788606910,1,4:40,4,40,1423,40,4,1,55700,57400,51800
1788606911,1,4:40,4,40,1424,40,4,1,55000,57100,51600
1788606912,1,4:40,4,40,1426,40,4,1,54900,56900,51500
1788606913,1,4:40,4,40,1426,40,4,1,55200,57500,51700
1788606915,1,4:40,4,40,1427,40,4,1,55600,58100,51800
1788606916,1,4:40,4,40,1429,40,4,1,55000,57000,51500
1788606917,1,4:40,4,40,1432,40,4,1,54900,56700,51300
1788606919,1,4:40,4,40,1431,40,4,1,55000,57400,51500
1788606920,1,4:40,4,40,1433,40,4,1,54800,57000,51400
1788606921,1,4:40,4,40,1430,40,4,1,54600,56700,51200
1788606923,1,4:40,4,40,1438,40,4,1,54500,56800,51200
1788606924,1,4:40,4,40,1437,40,4,1,54900,57200,51300
1788606925,1,4:40,4,40,1437,40,4,1,54900,57000,51300
1788606926,1,4:40,4,40,1439,40,4,1,54600,56800,51200
1788606928,1,4:40,4,40,1440,40,4,1,54500,56700,51100
1788606929,1,4:40,4,40,1439,40,4,1,55100,57200,51300
1788606930,1,4:40,4,40,1439,40,4,1,54500,56700,51200
1788606932,1,4:40,4,40,1441,40,4,1,54500,56400,51100
1788606933,1,4:40,4,40,1443,40,4,1,53800,55900,50300
1788606934,1,4:40,4,40,1446,40,4,1,54600,56800,51000
1788606935,1,4:40,4,40,1444,40,4,1,54800,56800,51200
1788606937,1,4:40,4,40,1447,40,4,1,54400,56600,51000
1788606938,1,4:40,4,40,1448,40,4,1,54200,56400,50900
1788606939,1,4:40,4,40,1447,40,4,1,54600,57300,51100
1788606941,1,4:40,4,40,1448,40,4,1,54500,56400,51000
1788606942,1,4:40,4,40,1451,40,4,1,54700,57900,50900
1788606943,1,4:40,4,40,1450,40,4,1,54200,56600,50900
1788606944,1,4:40,4,40,1452,40,4,1,54500,56700,51000
1788606946,1,4:40,4,40,1453,40,4,1,54400,56700,50900
1788606947,1,4:40,4,40,1452,40,4,1,53900,56300,50700
1788606948,1,4:40,4,40,1456,40,4,1,54000,56400,50700
1788606950,1,4:40,4,40,1452,40,4,1,54800,56700,50900
1788606951,1,4:40,4,40,1456,40,4,1,54500,56200,50700
1788606952,1,4:40,4,40,1459,40,4,1,54600,56700,50800
1788606954,1,4:40,4,40,1457,40,4,1,54400,56500,50700
1788606955,1,4:40,4,40,1460,40,4,1,54300,56200,50700
1788606956,1,4:40,4,40,1461,40,4,1,54300,56700,50600
1788606957,1,4:40,4,40,1462,40,4,1,53900,56100,50500
1788606959,1,4:40,4,40,1460,40,4,1,54000,56900,50600
1788606960,1,4:40,4,40,1464,40,4,1,53900,56200,50700
1788606961,1,4:40,4,40,1461,40,4,1,54200,56300,50600
1788606963,1,4:40,4,40,1463,40,4,1,53900,56100,50500
1788606964,1,4:40,4,40,1465,40,4,1,54300,56600,50700
1788606965,1,4:40,4,40,1465,40,4,1,53900,56700,50500
1788606966,1,4:40,4,40,1471,40,4,1,53800,55800,50500
1788606968,1,4:40,4,40,1469,40,4,1,53600,55600,50400
1788606969,1,4:40,4,40,1468,40,4,1,54100,56300,50500
1788606970,1,4:40,4,40,1468,40,4,1,54300,56300,50500
1788606972,1,4:40,4,40,1474,40,4,1,54200,55900,50500
1788606973,1,4:40,4,40,1475,40,4,1,53900,56000,50400
1788606974,1,4:40,4,40,1472,40,4,1,53900,55900,50500
1788606975,1,4:40,4,40,1474,40,4,1,53700,55800,50300
1788606977,1,4:40,4,40,1476,40,4,1,53600,55800,50200
1788606978,1,4:40,4,40,1478,40,4,1,53800,55800,50300
1788606979,1,4:40,4,40,1477,40,4,1,54200,56100,50400
1788606981,1,4:40,4,40,1480,40,4,1,53600,55700,50200
1788606982,1,4:40,4,40,1478,40,4,1,53500,55700,50100
1788606983,1,4:40,4,40,1478,40,4,1,53300,55800,50200
1788606985,1,4:40,4,40,1479,40,4,1,53700,56400,50200
1788606986,1,4:40,4,40,1478,40,4,1,53400,55600,50100
1788606987,1,4:40,4,40,1482,40,4,1,53400,56000,50000
1788606988,1,4:40,4,40,1480,40,4,1,52900,55900,49700
1788606990,1,4:40,4,40,1480,40,4,1,53800,55900,50200
1788606991,1,4:40,4,40,1481,40,4,1,53600,55600,50000
1788606992,1,4:40,4,40,1483,40,4,1,53500,55300,49900
1788606994,1,4:40,4,40,1485,40,4,1,53600,56100,50100
1788606995,1,4:40,4,40,1485,40,4,1,53600,55600,50000
1788606996,1,4:40,4,40,1487,40,4,1,53100,55000,49800
1788606997,1,4:40,4,40,1486,40,4,1,52700,54800,49200
1788606999,1,4:40,4,40,1487,40,4,1,53300,56000,49900
1788607000,1,4:40,4,40,1488,40,4,1,53500,55600,49900
1788607001,1,4:40,4,40,1490,40,4,1,53400,55700,49800
1788607003,1,4:40,4,40,1491,40,4,1,53300,55200,49800
1788607004,1,4:40,4,40,1489,40,4,1,53400,55800,50000
1788607005,1,4:40,4,40,1491,40,4,1,53200,55300,49800
1788607007,1,4:40,4,40,1491,40,4,1,53500,55100,49500
1788607008,1,4:40,4,40,1493,40,4,1,53000,55000,49600
1788607009,1,4:40,4,40,1495,40,4,1,53300,55400,49800
1788607010,1,4:40,4,40,1494,40,4,1,52900,55100,49700
1788607012,1,4:40,4,40,1496,40,4,1,53000,55300,49600
1788607013,1,4:40,4,40,1494,40,4,1,53100,55400,49800
1788607014,1,4:40,4,40,1496,40,4,1,52900,55300,49700
1788607016,1,4:40,4,40,1498,40,4,1,53100,55500,49600
1788607017,1,4:40,4,40,1499,40,4,1,52800,55000,49600
1788607018,1,4:40,4,40,1501,40,4,1,53100,55500,49700
1788607020,1,4:40,4,40,1496,40,4,1,53000,55300,49600
1788607021,1,4:40,4,40,1499,40,4,1,52900,54900,49500
1788607022,1,4:40,4,40,1503,40,4,1,53000,55100,49600
1788607023,1,4:40,4,40,1501,40,4,1,53300,55100,49600
1788607025,1,4:40,4,40,1501,40,4,1,52700,55100,49500
1788607026,1,4:40,4,40,1504,40,4,1,53000,55100,49500
1788607027,1,4:40,4,40,1503,40,4,1,52600,54900,49300
1788607029,1,4:40,4,40,1503,40,4,1,53300,55500,49600
1788607030,1,4:40,4,40,1503,40,4,1,52800,55400,49600
1788607031,1,4:40,4,40,1505,40,4,1,52700,54900,49400
1788607032,1,4:40,4,40,1506,40,4,1,53000,55100,49400
1788607034,1,4:40,4,40,1505,40,4,1,53400,55200,49500
1788607035,1,4:40,4,40,1509,40,4,1,53100,55000,49500
1788607036,1,4:40,4,40,1507,40,4,1,52500,54700,49300
1788607038,1,4:40,4,40,1509,40,4,1,52500,54500,49200
1788607039,1,4:40,4,40,1511,40,4,1,52900,55300,49500
1788607040,1,4:40,4,40,1509,40,4,1,52900,55200,49300
1788607042,1,4:40,4,40,1510,40,4,1,52700,54800,49200
1788607043,1,4:40,4,40,1511,40,4,1,52800,55400,49300
1788607044,1,4:40,4,40,1510,40,4,1,53200,55300,49300
1788607045,1,4:40,4,40,1511,40,4,1,53000,54800,49300
1788607047,1,4:40,4,40,1512,40,4,1,52500,54700,49200
1788607048,1,4:40,4,40,1515,40,4,1,52600,55000,49200
1788607049,1,4:40,4,40,1513,40,4,1,52900,54900,49200
1788607051,1,4:40,4,40,1515,40,4,1,52300,54500,49000
1788607052,1,4:40,4,40,1515,40,4,1,52800,54700,49100
1788607053,1,4:40,4,40,1517,40,4,1,52400,54500,49000
1788607054,1,4:40,4,40,1517,40,4,1,52900,54800,49200
1788607056,1,4:40,4,40,1518,40,4,1,52400,54800,49100
1788607057,1,4:40,4,40,1519,40,4,1,52200,54500,49000
1788607058,1,4:40,4,40,1520,40,4,1,52500,54700,49100
1788607060,1,4:40,4,40,1518,40,4,1,52900,54900,49200
1788607061,1,4:40,4,40,1519,40,4,1,52300,54600,49000
1788607062,1,4:40,4,40,1520,40,4,1,52100,54100,48600
1788607063,1,4:40,4,40,1520,40,4,1,52000,54400,49000
1788607065,1,4:40,4,40,1522,40,4,1,52500,54800,49100
1788607066,1,4:40,4,40,1522,40,4,1,52600,54500,49000
1788607067,1,4:40,4,40,1522,40,4,1,52100,54800,48800
1788607069,1,4:40,4,40,1521,40,4,1,52600,54700,49100
1788607070,1,4:40,4,40,1522,40,4,1,52300,54900,48900
1788607071,1,4:40,4,40,1525,40,4,1,52300,54800,48900
1788607072,1,4:40,4,40,1524,40,4,1,52200,54300,48900
1788607074,1,4:40,4,40,1525,40,4,1,52300,54300,49000
1788607075,1,4:40,4,40,1527,40,4,1,52400,54700,49100
1788607076,1,4:40,4,40,1527,40,4,1,52300,54500,48900
1788607078,1,4:40,4,40,1527,40,4,1,51700,54700,48700
1788607079,1,4:40,4,40,1526,40,4,1,52400,54800,48900
1788607080,1,4:40,4,40,1527,40,4,1,52600,54400,49000
1788607081,1,4:40,4,40,1527,40,4,1,52700,54500,48900
1788607083,1,4:40,4,40,1528,40,4,1,52200,54200,48800
1788607084,1,4:40,4,40,1531,40,4,1,52400,55000,48800
1788607085,1,4:40,4,40,1532,40,4,1,52100,54200,48800
1788607087,1,4:40,4,40,1532,40,4,1,52000,54100,48700
1788607088,1,4:40,4,40,1531,40,4,1,52300,54300,48700
1788607089,1,4:40,4,40,1535,40,4,1,52100,54300,48700
1788607091,1,4:40,4,40,1533,40,4,1,52400,54700,48800
1788607092,1,4:40,4,40,1533,40,4,1,52100,54600,48600
1788607093,1,4:40,4,40,1534,40,4,1,51900,54000,48500
1788607094,1,4:40,4,40,1533,40,4,1,52400,54700,48700
1788607096,1,4:40,4,40,1535,40,4,1,52100,53900,48600
1788607097,1,4:40,4,40,1535,40,4,1,51900,54000,48600
1788607098,1,4:40,4,40,1539,40,4,1,52000,54200,48500
1788607100,1,4:40,4,40,1539,40,4,1,52400,54800,48700
1788607101,1,4:40,4,40,1539,40,4,1,52100,54100,48600
1788607102,1,4:40,4,40,1539,40,4,1,52100,53800,48400
1788607103,1,4:40,4,40,1540,40,4,1,51900,53800,48600
1788607105,1,4:40,4,40,1541,40,4,1,52100,54100,48600
1788607106,1,4:40,4,40,1542,40,4,1,51900,54200,48500
1788607107,1,4:40,4,40,1540,40,4,1,51900,54500,48400
1788607109,1,4:40,4,40,1545,40,4,1,51200,54100,48100
1788607110,1,4:40,4,40,1542,40,4,1,52200,54200,48600
1788607111,1,4:40,4,40,1541,40,4,1,52100,54200,48500
1788607112,1,4:40,4,40,1543,40,4,1,51600,53700,48400
1788607114,1,4:40,4,40,1542,40,4,1,52000,54000,48500
1788607115,1,4:40,4,40,1543,40,4,1,52300,54300,48500
1788607116,1,4:40,4,40,1544,40,4,1,52100,54100,48600
1788607118,1,4:40,4,40,1547,40,4,1,51700,53600,48000
1788607119,1,4:40,4,40,1543,40,4,1,51800,53800,48300
1788607120,1,4:40,4,40,1548,40,4,1,52200,54200,48500
1788607122,1,4:40,4,40,1550,40,4,1,51700,53800,48400
1788607123,1,4:40,4,40,1546,40,4,1,51500,54200,48200
1788607124,1,4:40,4,40,1547,40,4,1,51800,54000,48300
1788607125,1,4:40,4,40,1548,40,4,1,51600,54400,48300
1788607127,1,4:40,4,40,1550,40,4,1,51800,53800,48200
1788607128,1,4:40,4,40,1551,40,4,1,51500,53500,48200
1788607129,1,4:40,4,40,1549,40,4,1,51800,54100,48400
1788607131,1,4:40,4,40,1550,40,4,1,51700,53900,48300
1788607132,1,4:40,4,40,1550,40,4,1,51600,53600,48200
1788607133,1,4:40,4,40,1550,40,4,1,51500,53500,48200
1788607134,1,4:40,4,40,1551,40,4,1,52000,54000,48300
1788607136,1,4:40,4,40,1553,40,4,1,51800,53600,48200
1788607137,1,4:40,4,40,1555,40,4,1,51700,53800,48100
1788607138,1,4:40,4,40,1554,40,4,1,51200,53700,48100
1788607140,1,4:40,4,40,1555,40,4,1,52000,54200,48200
1788607141,1,4:40,4,40,1553,43,4,1,51500,53700,48200
1788607142,1,4:40,4,40,1554,40,4,1,51200,53300,48000
1788607144,1,4:40,4,40,1554,40,4,1,51500,53700,48000
1788607145,1,4:40,4,40,1555,40,4,1,51500,54000,48300
1788607146,1,4:40,4,40,1555,40,4,1,51500,53500,48200
1788607147,1,4:40,4,40,1557,40,4,1,51100,53900,48000
1788607149,1,4:40,4,40,1557,40,4,1,51200,53500,48000
1788607150,1,4:40,4,40,1557,40,4,1,51700,53800,48200
1788607151,1,4:40,4,40,1557,40,4,1,51700,53400,48000
1788607153,1,4:40,4,40,1557,40,4,1,51400,53200,47900
1788607154,1,4:40,4,40,1559,40,4,1,51700,53700,48100
1788607155,1,4:40,4,40,1557,40,4,1,51500,54000,48200
1788607157,1,4:40,4,40,1558,40,4,1,51500,53200,47900
1788607158,1,4:40,4,40,1562,40,4,1,51000,53100,47900
1788607159,1,4:40,4,40,1561,40,4,1,51900,54300,48200
1788607160,1,4:40,4,40,1561,40,4,1,51400,53500,48000
1788607162,1,4:40,4,40,1563,40,4,1,51200,53400,47900
1788607163,1,4:40,4,40,1561,40,4,1,52700,55200,48600
1788607164,1,4:40,4,40,1561,40,4,1,52100,54300,48300
1788607166,1,4:40,4,40,1563,40,4,1,51500,53800,48100
1788607167,1,4:40,4,40,1562,40,4,1,51600,54000,48000
1788607168,1,4:40,4,40,1562,40,4,1,51400,53200,47800
1788607169,1,4:40,4,40,1561,40,4,1,51600,53600,48000
1788607171,1,4:40,4,40,1563,40,4,1,51300,53500,47900
1788607172,1,4:40,4,40,1563,40,4,1,50900,53200,47700
1788607173,1,4:40,4,40,1570,40,4,1,50200,53500,47200
1788607175,1,4:40,4,40,1566,40,4,1,51500,53500,47900
1788607176,1,4:40,4,40,1565,40,4,1,51200,53600,47800
1788607177,1,4:40,4,40,1571,40,4,1,51100,53300,47800
1788607178,1,4:40,4,40,1570,40,4,1,51300,53200,47800
1788607180,1,4:40,4,40,1570,40,4,1,51200,53500,47900
1788607181,1,4:40,4,40,1566,40,4,1,51200,53100,47700
1788607182,1,4:40,4,40,1567,40,4,1,51200,53500,47800
1788607184,1,4:40,4,40,1567,40,4,1,50900,52900,47600
1788607185,1,4:40,4,40,1569,40,4,1,51400,53300,47800
1788607186,1,4:40,4,40,1574,40,4,1,51100,53200,47900
1788607187,1,4:40,4,40,1572,40,4,1,50700,53000,47600
1788607189,1,4:40,4,40,1570,40,4,1,51100,53500,47700
1788607190,1,4:40,4,40,1570,40,4,1,51100,53300,47700
1788607191,1,4:40,4,40,1569,40,4,1,50800,53200,47700
1788607193,1,4:40,4,40,1573,40,4,1,51300,53200,47700
1788607194,1,4:40,4,40,1572,40,4,1,51400,53400,47600
1788607195,1,4:40,4,40,1572,40,4,1,51600,53200,47800
1788607197,1,4:40,4,40,1572,40,4,1,50700,53500,47600
1788607198,1,4:40,4,40,1573,40,4,1,51100,53000,47600
1788607199,1,4:40,4,40,1572,40,4,1,51700,53500,48000
1788607200,1,4:40,4,40,1575,40,4,1,51100,53300,47900
1788607202,1,4:40,4,40,1573,40,4,1,51200,53100,47800
1788607203,1,4:40,4,40,1573,40,4,1,51100,52900,47600
1788607204,1,4:40,4,40,1576,40,4,1,51100,53200,47800
1788607206,1,4:40,4,40,1576,40,4,1,50900,53500,47600
1788607207,1,4:40,4,40,1574,40,4,1,50800,53100,47600
1788607208,1,4:40,4,40,1578,40,4,1,50700,53100,47500
1788607210,1,4:40,4,40,1578,40,4,1,50900,53300,47600
1788607211,1,4:40,4,40,1578,40,4,1,50900,52900,47600
1788607212,1,4:40,4,40,1578,40,4,1,50800,53200,47600
1788607214,1,4:40,4,40,1577,40,4,1,53600,55900,48900
1788607215,1,4:40,4,40,1578,40,4,1,53000,54900,48800
1788607216,1,4:40,4,40,1577,40,4,1,51100,53200,47800
1788607217,1,4:40,4,40,1578,40,4,1,51500,53700,47900
1788607219,1,4:40,4,40,1579,40,4,1,51300,53800,47900
1788607220,1,4:40,4,40,1580,40,4,1,51900,53900,48000
1788607221,1,4:40,4,40,1580,40,4,1,51200,53200,47700
1788607223,1,4:40,4,40,1577,40,4,1,50600,53000,47400
1788607224,1,4:40,4,40,1579,40,4,1,51400,53600,47800
1788607225,1,4:40,4,40,1581,40,4,1,51400,53100,47700
1788607226,1,4:40,4,40,1583,40,4,1,50700,52800,47500
1788607228,1,4:40,4,40,1581,40,4,1,52000,54100,48200
1788607229,1,4:40,4,40,1582,40,4,1,50900,53200,47600
1788607230,1,4:40,4,40,1585,40,4,1,51100,53200,47700
1788607232,1,4:40,4,40,1584,40,4,1,51000,52800,47600
1788607233,1,4:40,4,40,1581,40,4,1,50800,52600,47300
1788607234,1,4:40,4,40,1584,40,4,1,50900,53600,47600
1788607236,1,4:40,4,40,1585,40,4,1,51000,52900,47500
1788607237,1,4:40,4,40,1584,40,4,1,50500,52900,47400
1788607238,1,4:40,4,40,1587,40,4,1,50300,52400,46800
1788607239,1,4:40,4,40,1583,40,4,1,50800,52900,47400
1788607241,1,4:40,4,40,1586,40,4,1,51000,53200,47600
1788607242,1,4:40,4,40,1584,40,4,1,50800,52800,47400
1788607243,1,4:40,4,40,1584,40,4,1,50500,52800,47300
1788607245,1,4:40,4,40,1587,40,4,1,51200,52900,47500
1788607246,1,4:40,4,40,1586,40,4,1,50600,52600,47300
1788607247,1,4:40,4,40,1589,40,4,1,50500,53100,47200
1788607248,1,4:40,4,40,1589,40,4,1,50500,52700,47200
1788607250,1,4:40,4,40,1588,40,4,1,51100,52900,47300
1788607251,1,4:40,4,40,1589,40,4,1,50600,52700,47300
1788607252,1,4:40,4,40,1589,40,4,1,50700,52400,47100
1788607254,1,4:40,4,40,1588,40,4,1,50700,52600,47200
1788607255,1,4:40,4,40,1589,40,4,1,51000,52700,47300
1788607256,1,4:40,4,40,1588,40,4,1,50600,52400,47100
1788607257,1,4:40,4,40,1591,40,4,1,50700,52700,47200
1788607259,1,4:40,4,40,1589,40,4,1,50500,52400,47100
1788607260,1,4:40,4,40,1590,40,4,1,51600,53200,47600
1788607261,1,4:40,4,40,1590,40,4,1,50400,53000,47200
1788607263,1,4:40,4,40,1598,40,4,1,50400,53100,47100
1788607264,1,4:40,4,40,1593,40,4,1,50800,52900,47200
1788607265,1,4:40,4,40,1592,40,4,1,50500,53100,47100
1788607267,1,4:40,4,40,1593,40,4,1,50500,52700,47200
1788607268,1,4:40,4,40,1594,40,4,1,50200,52900,47000
1788607269,1,4:40,4,40,1593,40,4,1,50200,52800,47100
1788607270,1,4:40,4,40,1594,40,4,1,50800,53200,47300
1788607272,1,4:40,4,40,1593,40,4,1,50500,52700,47300
1788607273,1,4:40,4,40,1596,40,4,1,50400,53000,47100
1788607274,1,4:40,4,40,1598,40,4,1,51000,53300,47400
1788607276,1,4:40,4,40,1595,40,4,1,50700,52700,47200
1788607277,1,4:40,4,40,1596,40,4,1,50600,52700,47100
1788607278,1,4:40,4,40,1594,40,4,1,50600,52900,47200
1788607279,1,4:40,4,40,1595,40,4,1,50900,52800,47200
1788607281,1,4:40,4,40,1597,40,4,1,50600,52500,47200
1788607282,1,4:40,4,40,1595,40,4,1,50300,52300,47000
1788607283,1,4:40,4,40,1598,40,4,1,50500,52700,47000
1788607285,1,4:40,4,40,1596,40,4,1,50900,52700,47200
1788607286,1,4:40,4,40,1597,40,4,1,50600,52700,47100
1788607287,1,4:40,4,40,1598,40,4,1,50300,52100,47000
1788607288,1,4:40,4,40,1597,40,4,1,50300,52300,46900
1788607290,1,4:40,4,40,1597,40,4,1,50800,52700,47100
1788607291,1,4:40,4,40,1598,43,4,1,50300,52300,46900
1788607292,1,4:40,4,40,1598,40,4,1,50300,52200,46800
1788607294,1,4:40,4,40,1599,40,4,1,49800,51800,46500
1788607295,1,4:40,4,40,1604,40,4,1,50600,52700,47100
1788607296,1,4:40,4,40,1603,40,4,1,50500,52400,47000
1788607298,1,4:40,4,40,1602,40,4,1,50000,52100,46900
1788607299,1,4:40,4,40,1603,40,4,1,50500,52500,46900
1788607300,1,4:40,4,40,1602,40,4,1,50500,52400,47100
1788607301,1,4:40,4,40,1601,40,4,1,50000,52300,46900
1788607303,1,4:40,4,40,1602,40,4,1,50000,51800,46500
1788607304,1,4:40,4,40,1601,40,4,1,49800,52400,46800
1788607305,1,4:40,4,40,1601,40,4,1,50300,52300,46900
1788607307,1,4:40,4,40,1602,40,4,1,50300,52300,46900
1788607308,1,4:40,4,40,1603,40,4,1,50200,52100,46800
1788607309,1,4:40,4,40,1603,40,4,1,50300,52500,47000
1788607310,1,4:40,4,40,1604,40,4,1,50500,52300,46900
1788607312,1,4:40,4,40,1606,40,4,1,50000,52200,46800
1788607313,1,4:40,4,40,1603,40,4,1,50200,52200,46700
1788607314,1,4:40,4,40,1606,40,4,1,50200,52400,46900
1788607316,1,4:40,4,40,1602,40,4,1,50400,52800,46900
1788607317,1,4:40,4,40,1604,40,4,1,50200,52300,46800
1788607318,1,4:40,4,40,1606,40,4,1,50300,52400,47000
1788607320,1,4:40,4,40,1604,40,4,1,50500,52300,46800
1788607321,1,4:40,4,40,1606,40,4,1,50000,52100,46700
1788607322,1,4:40,4,40,1605,40,4,1,50200,52100,46700
1788607324,1,4:40,4,40,1606,40,4,1,50200,52200,46900
1788607325,1,4:40,4,40,1608,40,4,1,50200,52100,46700
1788607326,1,4:40,4,40,1607,40,4,1,50000,51900,46600
1788607327,1,4:40,4,40,1607,40,4,1,49700,51900,46600
1788607329,1,4:40,4,40,1610,40,4,1,50300,52300,46900
1788607330,1,4:40,4,40,1607,40,4,1,50100,52200,46700
1788607331,1,4:40,4,40,1611,40,4,1,50300,52100,46700
1788607333,1,4:40,4,40,1609,40,4,1,49800,52100,46700
1788607334,1,4:40,4,40,1610,40,4,1,50300,52300,46700
1788607335,1,4:40,4,40,1611,40,4,1,50300,52200,46700
1788607336,1,4:40,4,40,1611,40,4,1,49600,52000,46600
1788607338,1,4:40,4,40,1611,40,4,1,50200,52400,46700
1788607339,1,4:40,4,40,1611,40,4,1,49900,52600,46600
1788607340,1,4:40,4,40,1609,40,4,1,49900,52200,46600
1788607342,1,4:40,4,40,1614,40,4,1,49900,51900,46600
1788607343,1,4:40,4,40,1611,40,4,1,50100,52100,46800
1788607344,1,4:40,4,40,1609,40,4,1,50300,52200,46800
1788607346,1,4:40,4,40,1609,40,4,1,50000,52100,46600
1788607347,1,4:40,4,40,1612,40,4,1,49800,52500,46500
1788607348,1,4:40,4,40,1614,40,4,1,50000,52500,46700
1788607349,1,4:40,4,40,1611,40,4,1,50500,52900,46800
1788607351,1,4:40,4,40,1613,40,4,1,49800,52000,46600
1788607352,1,4:40,4,40,1613,40,4,1,50000,52000,46500
1788607353,1,4:40,4,40,1614,40,4,1,50300,52300,46700
1788607355,1,4:40,4,40,1614,40,4,1,50000,52700,46700
1788607356,1,4:40,4,40,1614,40,4,1,50000,51900,46500
1788607357,1,4:40,4,40,1613,40,4,1,50000,52100,46600
1788607358,1,4:40,4,40,1621,40,4,1,50500,52600,46700
1788607360,1,4:40,4,40,1614,40,4,1,49900,52100,46600
1788607361,1,4:40,4,40,1616,40,4,1,49700,52000,46500
1788607362,1,4:40,4,40,1615,40,4,1,49600,51800,46500
1788607364,1,4:40,4,40,1615,40,4,1,50000,52200,46700
1788607365,1,4:40,4,40,1614,40,4,1,49900,52000,46500
1788607366,1,4:40,4,40,1615,40,4,1,49900,52100,46600
1788607367,1,4:40,4,40,1616,40,4,1,48600,52200,45900
1788607369,1,4:40,4,40,1617,40,4,1,49600,52100,46500
1788607370,1,4:40,4,40,1617,40,4,1,49900,52200,46500
1788607371,1,4:40,4,40,1617,40,4,1,49700,52100,46600
1788607373,1,4:40,4,40,1617,40,4,1,49900,52000,46500
1788607374,1,4:40,4,40,1616,40,4,1,50200,52400,46700
1788607375,1,4:40,4,40,1616,40,4,1,50200,52000,46500
1788607376,1,4:40,4,40,1617,40,4,1,50000,51900,46500
1788607378,1,4:40,4,40,1620,40,4,1,49600,51900,46400
1788607379,1,4:40,4,40,1620,40,4,1,50000,52200,46600
1788607380,1,4:40,4,40,1619,40,4,1,49900,52300,46600
1788607382,1,4:40,4,40,1620,40,4,1,49600,51700,46400
1788607383,1,4:40,4,40,1617,40,4,1,49900,52400,46500
1788607384,1,4:40,4,40,1620,40,4,1,50100,52100,46600
1788607386,1,4:40,4,40,1618,40,4,1,49800,51700,46500
1788607387,1,4:40,4,40,1623,40,4,1,50400,52300,46600
1788607388,1,4:40,4,40,1621,40,4,1,49600,51900,46500
1788607389,1,4:40,4,40,1617,40,4,1,49900,52000,46600
1788607391,1,4:40,4,40,1620,40,4,1,49600,51900,46500
1788607392,1,4:40,4,40,1623,40,4,1,49500,51800,46400
1788607393,1,4:40,4,40,1622,40,4,1,49900,52000,46500
1788607395,1,4:40,4,40,1624,40,4,1,49700,51800,46500
1788607396,1,4:40,4,40,1620,40,4,1,49800,52000,46400
1788607397,1,4:40,4,40,1620,40,4,1,49800,51700,46400
1788607398,1,4:40,4,40,1623,40,4,1,49600,51900,46400
1788607400,1,4:40,4,40,1622,40,4,1,50200,52000,46500
1788607401,1,4:40,4,40,1619,40,4,1,49800,52000,46400
1788607402,1,4:40,4,40,1621,40,4,1,49400,51800,46400
1788607404,1,4:40,4,40,1621,40,4,1,50400,52300,46600
1788607405,1,4:40,4,40,1622,40,4,1,50100,52100,46500
1788607406,1,4:40,4,40,1622,40,4,1,49700,52100,46400
1788607408,1,4:40,4,40,1622,40,4,1,49200,51600,46200
1788607409,1,4:40,4,40,1623,40,4,1,49800,52000,46400
1788607410,1,4:40,4,40,1622,40,4,1,49300,51600,46300
1788607411,1,4:40,4,40,1626,40,4,1,49600,51700,46300
1788607413,1,4:40,4,40,1625,40,4,1,49900,52100,46400
1788607414,1,4:40,4,40,1627,40,4,1,50000,52700,46500
1788607415,1,4:40,4,40,1617,40,4,1,49800,51800,46400
1788607417,1,4:40,4,40,1622,40,4,1,49600,52100,46200
1788607418,1,4:40,4,40,1625,40,4,1,49900,51800,46300
1788607419,1,4:40,4,40,1626,40,4,1,49900,52200,46400
1788607420,1,4:40,4,40,1624,40,4,1,49600,51500,46400
1788607422,1,4:40,4,40,1625,40,4,1,49400,51700,46200
1788607423,1,4:40,4,40,1626,40,4,1,49400,51800,46300
1788607424,1,4:40,4,40,1622,40,4,1,50200,52100,46500
1788607426,1,4:40,4,40,1627,40,4,1,49500,51600,46200
1788607427,1,4:40,4,40,1626,40,4,1,49500,51500,46200
1788607428,1,4:40,4,40,1625,40,4,1,49900,52000,46300
1788607430,1,4:40,4,40,1627,40,4,1,49300,51600,46200
1788607431,1,4:40,4,40,1628,40,4,1,49600,51500,46200
1788607432,1,4:40,4,40,1628,40,4,1,48500,51000,45600
1788607433,1,4:40,4,40,1622,40,4,1,49300,51800,46300
1788607435,1,4:40,4,40,1627,40,4,1,49600,51900,46300
1788607436,1,4:40,4,40,1628,40,4,1,49400,51500,46100
1788607437,1,4:40,4,40,1628,40,4,1,49300,51900,46100
1788607439,1,4:40,4,40,1627,40,4,1,50100,52100,46400
1788607440,1,4:40,4,40,1628,40,4,1,49600,52300,46400
1788607441,1,4:40,4,40,1627,40,4,1,49400,51500,46200
1788607442,1,4:40,4,40,1633,40,4,1,49300,51500,46200
1788607444,1,4:40,4,40,1627,40,4,1,49500,51700,46200
1788607445,1,4:40,4,40,1628,40,4,1,49400,51900,46300
1788607446,1,4:40,4,40,1629,40,4,1,49500,51600,46200
1788607448,1,4:40,4,40,1628,40,4,1,49300,51800,46100
1788607449,1,4:40,4,40,1630,40,4,1,49700,51800,46300
1788607450,1,4:40,4,40,1628,40,4,1,49400,51700,46200
1788607452,1,4:40,4,40,1629,40,4,1,49600,51400,46100
1788607453,1,4:40,4,40,1629,40,4,1,49300,51400,46100
1788607454,1,4:40,4,40,1630,40,4,1,49700,51800,46200
1788607455,1,4:40,4,40,1630,40,4,1,49100,51500,46100
1788607457,1,4:40,4,40,1629,40,4,1,49200,51200,46100
1788607458,1,4:40,4,40,1630,40,4,1,49600,51600,46200
1788607459,1,4:40,4,40,1629,40,4,1,49700,51800,46200
1788607461,1,4:40,4,40,1630,40,4,1,49300,52100,46100
1788607462,1,4:40,4,40,1630,40,4,1,49200,51400,46000
1788607463,1,4:40,4,40,1631,40,4,1,49200,51600,46000
1788607464,1,4:40,4,40,1631,40,4,1,49800,51700,46200
1788607466,1,4:40,4,40,1632,40,4,1,49500,51400,46000
1788607467,1,4:40,4,40,1629,40,4,1,49100,51200,45900
1788607468,1,4:40,4,40,1635,40,4,1,49500,51500,46000
1788607470,1,4:40,4,40,1632,40,4,1,50100,52000,46400
1788607471,1,4:40,4,40,1633,40,4,1,49200,51600,46000
1788607472,1,4:40,4,40,1631,40,4,1,49400,51300,46000
1788607473,1,4:40,4,40,1634,40,4,1,49800,51800,46300
1788607475,1,4:40,4,40,1634,40,4,1,49500,51500,46200
1788607476,1,4:40,4,40,1634,40,4,1,49300,51400,46000
1788607477,1,4:40,4,40,1633,40,4,1,49600,51300,46000
1788607479,1,4:40,4,40,1632,40,4,1,49000,51500,45900
1788607480,1,4:40,4,40,1634,40,4,1,49600,51800,46200
1788607481,1,4:40,4,40,1637,40,4,1,49400,51900,46000
1788607482,1,4:40,4,40,1634,40,4,1,49300,51400,45900
1788607484,1,4:40,4,40,1635,40,4,1,49600,51600,46200
1788607485,1,4:40,4,40,1633,40,4,1,49800,51600,46100
1788607486,1,4:40,4,40,1634,40,4,1,49500,51400,46000
1788607488,1,4:40,4,40,1636,40,4,1,48700,50800,45400
1788607489,1,4:40,4,40,1635,40,4,1,49200,51600,45900
1788607490,1,4:40,4,40,1637,40,4,1,49900,51600,46200
1788607491,1,4:40,4,40,1638,40,4,1,49500,51200,45900
1788607493,1,4:40,4,40,1635,40,4,1,49400,51200,45900
1788607494,1,4:40,4,40,1637,40,4,1,49600,51700,46100
1788607495,1,4:40,4,40,1637,40,4,1,49500,51300,46100
1788607497,1,4:40,4,40,1639,40,4,1,49400,51300,45900
1788607498,1,4:40,4,40,1635,40,4,1,49200,51200,45900
1788607499,1,4:40,4,40,1635,40,4,1,49600,51500,46000
1788607501,1,4:40,4,40,1634,40,4,1,49600,51900,46100
1788607502,1,4:40,4,40,1637,40,4,1,49300,51300,46000
1788607503,1,4:40,4,40,1642,40,4,1,49200,51400,45900
1788607505,1,4:40,4,40,1637,40,4,1,49500,51500,46000
1788607506,1,4:40,4,40,1637,40,4,1,49400,51200,45900
1788607507,1,4:40,4,40,1638,40,4,1,49700,51300,46000
1788607508,1,4:40,4,40,1639,40,4,1,49000,51500,46000
1788607510,1,4:40,4,40,1639,40,4,1,49600,51400,46000
1788607511,1,4:40,4,40,1640,40,4,1,49400,51200,46000
1788607512,1,4:40,4,40,1638,40,4,1,49300,51200,45800
1788607514,1,4:40,4,40,1639,40,4,1,49500,51800,46000
1788607515,1,4:40,4,40,1642,40,4,1,49700,51600,46100
1788607516,1,4:40,4,40,1641,40,4,1,49200,51400,46000
1788607517,1,4:40,4,40,1638,40,4,1,49300,52000,46100
1788607519,1,4:40,4,40,1639,40,4,1,49300,51400,46000
1788607520,1,4:40,4,40,1636,40,4,1,49600,51800,46100
1788607521,1,4:40,4,40,1639,40,4,1,49300,51200,45800
1788607523,1,4:40,4,40,1644,40,4,1,49400,51200,45900
1788607524,2,4:30,4,30,1639,30,4,1,49500,51500,46000
1788607525,2,4:30,4,30,1641,30,4,1,49200,51800,45900
1788607527,2,4:30,4,30,1641,30,4,1,49000,51800,45800
1788607528,2,4:30,4,30,1641,30,4,1,49000,51600,45800
1788607529,2,4:30,4,30,1637,30,4,1,49500,51500,46000
1788607530,2,4:30,4,30,1641,30,4,1,49300,51500,45900
1788607532,2,4:30,4,30,1639,30,4,1,49000,51000,45800
1788607533,2,4:30,4,30,1638,30,4,1,49200,51600,45900
1788607534,2,4:30,4,30,1638,30,4,1,49900,51800,46200
1788607536,2,4:30,4,30,1637,30,4,1,49100,51300,45900
1788607537,2,4:30,4,30,1641,30,4,1,49300,51700,45800
1788607538,2,4:30,4,30,1639,30,4,1,49500,51500,45900
1788607540,2,4:30,4,30,1638,30,4,1,49200,51400,46000
1788607541,2,4:30,4,30,1637,30,4,1,49400,51200,45900
1788607542,2,4:30,4,30,1637,30,4,1,49200,51200,45900
1788607543,2,4:30,4,30,1636,30,4,1,49000,51400,45800
1788607545,2,4:30,4,30,1634,30,4,1,49700,51700,46100
1788607546,2,4:30,4,30,1636,30,4,1,49500,51100,45900
1788607547,2,4:30,4,30,1634,30,4,1,49000,51000,45900
1788607549,2,4:30,4,30,1622,30,4,1,49700,51600,46100
1788607550,2,4:30,4,30,1636,30,4,1,49500,51300,46000
1788607551,2,4:30,4,30,1633,30,4,1,49400,51100,45900
1788607552,2,4:30,4,30,1633,30,4,1,48700,50600,45400
1788607554,2,4:30,4,30,1631,30,4,1,49100,51300,45900
1788607555,2,4:30,4,30,1630,30,4,1,49500,51900,46200
1788607556,2,4:30,4,30,1634,30,4,1,49200,51900,46000
1788607558,2,4:30,4,30,1629,30,4,1,49100,51800,45900
1788607559,2,4:30,4,30,1629,30,4,1,49500,51500,46100
1788607560,2,4:30,4,30,1630,30,4,1,49200,51500,46100
1788607561,2,4:30,4,30,1629,30,4,1,49500,51600,46200
1788607563,2,4:30,4,30,1629,30,4,1,49600,51500,46000
1788607564,2,4:30,4,30,1631,30,4,1,49400,52200,46200
1788607565,2,4:30,4,30,1630,30,4,1,49700,52100,46200
1788607567,2,4:30,4,30,1628,30,4,1,49300,51400,46100
1788607568,2,4:30,4,30,1627,30,4,1,49400,51300,46100
1788607569,2,4:30,4,30,1627,30,4,1,50200,51900,46400
1788607571,2,4:30,4,30,1627,30,4,1,49700,51500,46100
1788607572,2,4:30,4,30,1627,30,4,1,49500,51900,46100
1788607573,2,4:30,4,30,1626,30,4,1,49300,51500,46100
1788607574,2,4:30,4,30,1627,30,4,1,49400,52200,46200
1788607576,2,4:30,4,30,1624,30,4,1,49600,51400,46100
1788607577,2,4:30,4,30,1626,30,4,1,49300,51500,46100
1788607578,2,4:30,4,30,1625,30,4,1,49600,51900,46300
1788607580,2,4:30,4,30,1633,30,4,1,49600,51800,46300
1788607581,2,4:30,4,30,1622,30,4,1,49600,51400,46200
1788607582,2,4:30,4,30,1625,30,4,1,49200,51400,46100
1788607584,2,4:30,4,30,1623,30,4,1,49700,51800,46400
1788607585,2,4:30,4,30,1624,30,4,1,49600,52000,46200
1788607586,2,4:30,4,30,1623,30,4,1,49600,51800,46300
1788607587,2,4:30,4,30,1623,30,4,1,49600,51600,46200
1788607589,2,4:30,4,30,1624,30,4,1,49900,51800,46300
1788607590,2,4:30,4,30,1624,30,4,1,49700,51700,46300
1788607591,2,4:30,4,30,1623,30,4,1,49400,51800,46200
1788607593,2,4:30,4,30,1623,30,4,1,49200,52000,46200
1788607594,2,4:30,4,30,1620,30,4,1,49900,52300,46300
1788607595,2,4:30,4,30,1621,30,4,1,49500,51600,46300
1788607596,2,4:30,4,30,1622,30,4,1,49500,51600,46200
1788607598,2,4:30,4,30,1618,30,4,1,49700,52100,46500
1788607599,2,4:30,4,30,1621,30,4,1,49900,51800,46400
1788607600,2,4:30,4,30,1621,30,4,1,49500,51400,46300
1788607602,2,4:30,4,30,1622,30,4,1,49500,51400,46200
1788607603,2,4:30,4,30,1622,30,4,1,49900,51900,46500
1788607604,2,4:30,4,30,1621,30,4,1,50500,52300,46400
1788607606,2,4:30,4,30,1623,30,4,1,49700,51800,46500
1788607607,2,4:30,4,30,1621,30,4,1,50100,52200,46600
1788607608,2,4:30,4,30,1620,30,4,1,49900,52100,46600
1788607609,2,4:30,4,30,1619,30,4,1,49600,51900,46400
1788607611,2,4:30,4,30,1622,30,4,1,49500,51600,46300
1788607612,2,4:30,4,30,1618,30,4,1,49600,51900,46400
1788607613,2,4:30,4,30,1620,30,4,1,50000,52100,46500
1788607615,2,4:30,4,30,1620,30,4,1,49600,51500,46300
1788607616,2,4:30,4,30,1617,30,4,1,49400,51500,46200
1788607617,2,4:30,4,30,1618,30,4,1,49300,51700,46100
1788607619,2,4:30,4,30,1617,30,4,1,49900,52200,46500
1788607620,2,4:30,4,30,1619,30,4,1,49900,52100,46400
1788607621,2,4:30,4,30,1617,30,4,1,49700,51700,46300
1788607622,2,4:30,4,30,1622,30,4,1,49800,51900,46400
1788607624,2,4:30,4,30,1616,30,4,1,50100,52300,46500
1788607625,2,4:30,4,30,1617,30,4,1,49800,51600,46300
1788607626,2,4:30,4,30,1613,30,4,1,50100,51600,46100
1788607627,2,4:30,4,30,1616,30,4,1,49500,51800,46300
1788607629,2,4:30,4,30,1616,30,4,1,50100,52000,46600
1788607630,2,4:30,4,30,1617,30,4,1,49500,51900,46300
1788607631,2,4:30,4,30,1616,30,4,1,49400,51600,46400
1788607633,2,4:30,4,30,1617,30,4,1,49600,52100,46500
1788607634,2,4:30,4,30,1616,30,4,1,50100,52000,46600
1788607635,2,4:30,4,30,1618,30,4,1,49800,51700,46400
1788607637,2,4:30,4,30,1617,30,4,1,50200,52000,46500
1788607638,2,4:30,4,30,1616,30,4,1,49700,51900,46500
1788607639,2,4:30,4,30,1625,30,4,1,49900,52100,46600
1788607640,2,4:30,4,30,1617,30,4,1,50000,51800,46400
1788607642,2,4:30,4,30,1615,30,4,1,49900,51600,46400
1788607643,2,4:30,4,30,1617,30,4,1,50000,52100,46600
1788607644,2,4:30,4,30,1615,30,4,1,49800,51700,46500
1788607646,2,4:30,4,30,1618,30,4,1,49700,52200,46400
1788607647,2,4:30,4,30,1613,30,4,1,49600,51800,46300
1788607648,2,4:30,4,30,1616,30,4,1,50700,52600,46700
1788607650,2,4:30,4,30,1615,30,4,1,49700,51800,46500
1788607651,2,4:30,4,30,1614,30,4,1,49600,51800,46400
1788607652,2,4:30,4,30,1611,30,4,1,50000,52000,46500
1788607653,2,4:30,4,30,1617,30,4,1,50300,52000,46600
1788607655,2,4:30,4,30,1617,30,4,1,49800,52400,46600
1788607656,2,4:30,4,30,1613,30,4,1,49800,52300,46500
1788607657,2,4:30,4,30,1611,30,4,1,49800,51800,46400
1788607659,2,4:30,4,30,1614,30,4,1,50000,52100,46600
1788607660,2,4:30,4,30,1613,30,4,1,49900,51800,46600
1788607661,2,4:30,4,30,1613,30,4,1,49700,52000,46400
1788607663,2,4:30,4,30,1614,30,4,1,50200,52300,46600
1788607664,2,4:30,4,30,1613,30,4,1,50500,52600,46700
1788607665,2,4:30,4,30,1612,30,4,1,49800,51800,46500
1788607666,2,4:30,4,30,1613,30,4,1,49700,52000,46500
1788607668,2,4:30,4,30,1613,30,4,1,50000,52700,46600
1788607669,2,4:30,4,30,1613,30,4,1,50000,52100,46600
1788607670,2,4:30,4,30,1611,30,4,1,50000,51700,46500
1788607672,2,4:30,4,30,1614,30,4,1,49400,51900,46400
1788607673,2,4:30,4,30,1615,30,4,1,49900,52200,46600
1788607674,2,4:30,4,30,1615,30,4,1,50200,52800,46700
1788607675,2,4:30,4,30,1613,30,4,1,50000,52100,46600
1788607677,2,4:30,4,30,1613,30,4,1,49900,51800,46500
1788607678,2,4:30,4,30,1611,30,4,1,50100,52100,46600
1788607679,2,4:30,4,30,1611,30,4,1,50000,51900,46600
1788607681,2,4:30,4,30,1612,30,4,1,49900,51800,46500
1788607682,2,4:30,4,30,1612,30,4,1,48900,51600,45900
1788607683,2,4:30,4,30,1612,30,4,1,49800,51900,46500
1788607684,2,4:30,4,30,1614,30,4,1,50400,52100,46600
1788607686,2,4:30,4,30,1612,30,4,1,49800,52200,46600
1788607687,2,4:30,4,30,1612,30,4,1,49600,51800,46600
1788607688,2,4:30,4,30,1612,30,4,1,50100,52300,46700
1788607690,2,4:30,4,30,1612,30,4,1,49900,52100,46700
1788607691,2,4:30,4,30,1611,30,4,1,49800,51900,46500
1788607692,2,4:30,4,30,1612,30,4,1,49900,52300,46600
1788607694,2,4:30,4,30,1613,30,4,1,50200,52500,46700
1788607695,2,4:30,4,30,1611,30,4,1,50000,52100,46700
1788607696,2,4:30,4,30,1609,30,4,1,49900,52300,46600
1788607697,2,4:30,4,30,1611,30,4,1,50100,52700,46600
1788607699,2,4:30,4,30,1609,30,4,1,50100,52200,46700
1788607700,2,4:30,4,30,1611,30,4,1,49800,52100,46600
1788607701,2,4:30,4,30,1610,30,4,1,50000,52000,46600
1788607703,2,4:30,4,30,1610,30,4,1,50100,52200,46600
1788607704,2,4:30,4,30,1608,30,4,1,50200,52100,46600
1788607705,2,4:30,4,30,1609,30,4,1,49900,52100,46500
1788607706,2,4:30,4,30,1611,30,4,1,49800,51900,46600
1788607708,2,4:30,4,30,1611,30,4,1,50200,52200,46700
1788607709,2,4:30,4,30,1611,30,4,1,50200,52100,46700
1788607710,2,4:30,4,30,1610,30,4,1,49900,51900,46600
1788607712,2,4:30,4,30,1611,30,4,1,49800,52100,46600
1788607713,2,4:30,4,30,1608,30,4,1,50400,52300,46800
1788607714,2,4:30,4,30,1610,30,4,1,50000,52100,46700
1788607716,2,4:30,4,30,1608,30,4,1,50100,52400,46500
1788607717,2,4:30,4,30,1608,30,4,1,49900,52100,46600
1788607718,2,4:30,4,30,1611,30,4,1,50200,52300,46700
1788607719,2,4:30,4,30,1608,30,4,1,50000,52300,46700
1788607721,2,4:30,4,30,1609,30,4,1,49700,51800,46600
1788607722,2,4:30,4,30,1609,30,4,1,49800,52200,46700
1788607723,2,4:30,4,30,1614,30,4,1,50400,52300,46800
1788607725,2,4:30,4,30,1610,30,4,1,49900,52000,46600
1788607726,2,4:30,4,30,1609,30,4,1,49600,51800,46500
1788607727,2,4:30,4,30,1609,30,4,1,50200,52300,46800
1788607729,2,4:30,4,30,1609,30,4,1,50300,52300,46700
1788607730,2,4:30,4,30,1611,30,4,1,50100,52000,46700
1788607731,2,4:30,4,30,1608,30,4,1,49900,52100,46500
1788607733,2,4:30,4,30,1609,30,4,1,50300,52200,46800
1788607734,2,4:30,4,30,1607,30,4,1,50000,52000,46700
1788607735,2,4:30,4,30,1613,30,4,1,50100,52100,46700
1788607736,2,4:30,4,30,1607,30,4,1,50000,52200,46800
1788607738,2,4:30,4,30,1610,30,4,1,50600,52600,46900
1788607739,2,4:30,4,30,1607,30,4,1,50100,52300,46700
1788607740,2,4:30,4,30,1606,30,4,1,49800,52000,46600
1788607742,2,4:30,4,30,1608,30,4,1,50000,52200,46800
1788607743,2,4:30,4,30,1607,30,4,1,49900,52200,46700
1788607744,2,4:30,4,30,1607,30,4,1,50100,52100,46700
1788607746,2,4:30,4,30,1607,30,4,1,50100,51900,46600
1788607747,2,4:30,4,30,1610,30,4,1,49700,52100,46600
1788607748,2,4:30,4,30,1606,30,4,1,50200,52400,46800
1788607749,2,4:30,4,30,1606,30,4,1,49800,52000,46600
1788607751,2,4:30,4,30,1608,30,4,1,49800,52000,46700
1788607752,2,4:30,4,30,1607,30,4,1,50200,52400,46800
1788607753,2,4:30,4,30,1609,30,4,1,50100,52700,46800
1788607755,2,4:30,4,30,1606,30,4,1,50200,52200,46700
1788607756,2,4:30,4,30,1605,30,4,1,49000,51500,46000
1788607757,2,4:30,4,30,1606,30,4,1,50200,51900,46600
1788607758,2,4:30,4,30,1607,30,4,1,50600,52400,46800
1788607760,2,4:30,4,30,1607,30,4,1,49900,52200,46700
1788607761,2,4:30,4,30,1609,30,4,1,49700,52100,46600
1788607762,2,4:30,4,30,1605,30,4,1,50200,52800,46700
1788607764,2,4:30,4,30,1606,30,4,1,50400,52200,46800
1788607765,2,4:30,4,30,1606,30,4,1,50000,51900,46600
1788607766,2,4:30,4,30,1607,30,4,1,50000,52100,46600
1788607767,2,4:30,4,30,1606,30,4,1,50200,52200,46800
1788607769,2,4:30,4,30,1607,30,4,1,50300,52300,46800
1788607770,2,4:30,4,30,1605,30,4,1,50100,52100,46700
1788607771,2,4:30,4,30,1607,30,4,1,50200,52000,46600
1788607773,2,4:30,4,30,1606,30,4,1,50500,52500,46900
1788607774,2,4:30,4,30,1605,30,4,1,49800,52700,46700
1788607775,2,4:30,4,30,1605,30,4,1,49900,52100,46800
1788607777,2,4:30,4,30,1605,30,4,1,49800,52000,46600
1788607778,2,4:30,4,30,1607,30,4,1,50400,52300,46900
1788607779,2,4:30,4,30,1606,30,4,1,50400,52500,47000
1788607780,2,4:30,4,30,1606,30,4,1,49900,52000,46700
1788607782,2,4:30,4,30,1607,30,4,1,50200,52400,46800
1788607783,2,4:30,4,30,1606,30,4,1,50200,52100,46800
1788607784,2,4:30,4,30,1608,30,4,1,49900,52100,46800
1788607786,2,4:30,4,30,1604,30,4,1,50100,52600,46800
1788607787,2,4:30,4,30,1606,30,4,1,50400,52300,46800
1788607788,2,4:30,4,30,1603,30,4,1,50000,52400,46800
1788607789,2,4:30,4,30,1605,30,4,1,50200,52600,46800
1788607791,2,4:30,4,30,1606,30,4,1,49900,52500,46700
1788607792,2,4:30,4,30,1605,30,4,1,50300,52500,46900
1788607793,2,4:30,4,30,1607,30,4,1,50200,52600,46900
1788607795,2,4:30,4,30,1604,30,4,1,50000,52100,46800
1788607796,2,4:30,4,30,1604,30,4,1,50000,51900,46800
1788607797,2,4:30,4,30,1595,30,4,1,50300,52300,46900
1788607799,2,4:30,4,30,1603,30,4,1,49900,51900,46700
1788607800,2,4:30,4,30,1606,30,4,1,50200,52300,46800
1788607801,2,4:30,4,30,1603,30,4,1,50200,52500,46900
1788607802,2,4:30,4,30,1605,30,4,1,50500,52700,46900
1788607804,2,4:30,4,30,1607,30,4,1,50300,52200,46800
1788607805,2,4:30,4,30,1605,30,4,1,50200,52300,46900
1788607806,2,4:30,4,30,1604,30,4,1,50200,52400,46800
1788607808,2,4:30,4,30,1605,30,4,1,50500,52400,46900
1788607809,2,4:30,4,30,1605,30,4,1,49900,51900,46800
1788607810,2,4:30,4,30,1604,30,4,1,50100,52000,46700
1788607811,2,4:30,4,30,1606,30,4,1,50000,52200,46600
1788607813,2,4:30,4,30,1607,30,4,1,50500,52900,46900
1788607814,2,4:30,4,30,1604,30,4,1,50400,52300,46900
1788607815,2,4:30,4,30,1603,30,4,1,50100,52000,46800
1788607817,2,4:30,4,30,1604,30,4,1,50400,52600,46800
1788607818,2,4:30,4,30,1602,30,4,1,50100,52300,46800
1788607819,2,4:30,4,30,1605,30,4,1,50000,52400,46700
1788607820,2,4:30,4,30,1605,30,4,1,49000,52400,46100
1788607822,2,4:30,4,30,1603,30,4,1,50500,52400,46900
1788607823,2,4:30,4,30,1605,30,4,1,50300,52200,46800
1788607824,2,4:30,4,30,1603,30,4,1,50000,52100,46700
1788607826,2,4:30,4,30,1609,30,4,1,49600,51800,46500
1788607827,2,4:30,4,30,1604,30,4,1,50000,52300,46800
1788607828,2,4:30,4,30,1603,30,4,1,50000,52000,46800
1788607829,2,4:30,4,30,1605,30,4,1,50000,52500,46700
1788607831,2,4:30,4,30,1606,30,4,1,49900,52100,46700
1788607832,2,4:30,4,30,1603,30,4,1,50500,52400,46900
1788607833,2,4:30,4,30,1606,30,4,1,50200,52600,47000
1788607835,2,4:30,4,30,1605,30,4,1,50000,52300,46800
1788607836,2,4:30,4,30,1603,30,4,1,49900,52300,46700
1788607837,2,4:30,4,30,1605,30,4,1,50300,52500,47100
1788607839,2,4:30,4,30,1607,30,4,1,49900,51900,46700
1788607840,2,4:30,4,30,1605,30,4,1,50200,52200,46800
1788607841,2,4:30,4,30,1604,30,4,1,50100,52200,46800
1788607843,2,4:30,4,30,1604,30,4,1,50300,52400,46900
1788607844,2,4:30,4,30,1606,30,4,1,50100,52700,46800
1788607845,2,4:30,4,30,1604,30,4,1,50000,52700,46700
1788607846,2,4:30,4,30,1605,30,4,1,50400,52400,46900
1788607848,2,4:30,4,30,1603,30,4,1,50500,52200,46900
1788607849,2,4:30,4,30,1604,30,4,1,50200,52600,46900
1788607850,2,4:30,4,30,1601,30,4,1,50300,52100,46800
1788607852,2,4:30,4,30,1602,30,4,1,50400,52300,46900
1788607853,2,4:30,4,30,1603,30,4,1,50800,52600,47100
1788607854,2,4:30,4,30,1603,30,4,1,50200,52200,46900
1788607855,2,4:30,4,30,1603,30,4,1,49900,52300,46700
1788607857,2,4:30,4,30,1605,30,4,1,50400,52900,46900
1788607858,2,4:30,4,30,1604,30,4,1,50300,53000,46900
1788607859,2,4:30,4,30,1603,30,4,1,50000,52100,46800
1788607861,2,4:30,4,30,1604,30,4,1,50500,52300,46800
1788607862,2,4:30,4,30,1605,30,4,1,50500,52500,47000
1788607863,2,4:30,4,30,1604,30,4,1,50600,52400,46900
1788607864,2,4:30,4,30,1601,30,4,1,50200,51900,46800
1788607866,2,4:30,4,30,1603,30,4,1,50500,52600,47000
1788607867,2,4:30,4,30,1606,30,4,1,50500,52600,47000
1788607868,2,4:30,4,30,1602,30,4,1,50400,52300,46900
1788607870,2,4:30,4,30,1604,30,4,1,50000,52200,46800
1788607871,2,4:30,4,30,1603,30,4,1,49800,52100,46800
1788607872,2,4:30,4,30,1603,30,4,1,50400,52800,47000
1788607874,2,4:30,4,30,1603,30,4,1,50200,52700,46800
1788607875,2,4:30,4,30,1601,30,4,1,50100,52300,46700
1788607876,2,4:30,4,30,1603,30,4,1,49100,51600,46000
1788607877,2,4:30,4,30,1602,30,4,1,50300,52900,46800
1788607879,2,4:30,4,30,1603,30,4,1,50500,52200,46900
1788607880,2,4:30,4,30,1602,30,4,1,50200,52100,46800
1788607881,2,4:30,4,30,1603,30,4,1,50100,52300,46800
1788607883,2,4:30,4,30,1604,30,4,1,50600,52500,46900
1788607884,2,4:30,4,30,1602,30,4,1,50400,52500,46900
1788607885,2,4:30,4,30,1606,30,4,1,50000,52000,46800
1788607886,2,4:30,4,30,1601,30,4,1,50200,52100,46800
1788607888,2,4:30,4,30,1605,30,4,1,50600,52600,46900
1788607889,2,4:30,4,30,1603,30,4,1,50200,52300,46900
1788607890,2,4:30,4,30,1601,30,4,1,49900,52200,46800
1788607892,2,4:30,4,30,1602,30,4,1,50000,52400,46900
1788607893,2,4:30,4,30,1604,30,4,1,50400,52400,46900
1788607894,2,4:30,4,30,1601,30,4,1,50000,52000,46800
1788607895,2,4:30,4,30,1603,30,4,1,50300,52400,46800
1788607897,2,4:30,4,30,1602,30,4,1,50400,52300,46900
1788607898,2,4:30,4,30,1602,30,4,1,50300,52500,47000
1788607899,2,4:30,4,30,1602,30,4,1,50200,52600,46800
1788607901,2,4:30,4,30,1602,30,4,1,49900,52400,46600
1788607902,2,4:30,4,30,1601,30,4,1,50300,52600,46900
1788607903,2,4:30,4,30,1603,30,4,1,50400,52300,46900
1788607905,2,4:30,4,30,1599,30,4,1,50500,52400,46900
1788607906,2,4:30,4,30,1605,30,4,1,49800,52500,46700
1788607907,2,4:30,4,30,1602,30,4,1,50500,52500,47000
1788607908,2,4:30,4,30,1602,30,4,1,50200,52300,46900
1788607910,2,4:30,4,30,1602,30,4,1,50300,52300,47000
1788607911,2,4:30,4,30,1602,30,4,1,50200,52400,46900
1788607912,2,4:30,4,30,1602,30,4,1,50300,52500,47000
1788607914,2,4:30,4,30,1602,30,4,1,50300,52400,47000
1788607915,2,4:30,4,30,1602,30,4,1,50200,52300,46800
1788607916,2,4:30,4,30,1597,30,4,1,50100,52700,46900
1788607918,2,4:30,4,30,1604,30,4,1,50400,52300,46900
1788607919,2,4:30,4,30,1601,30,4,1,50300,52200,46800
1788607920,2,4:30,4,30,1604,30,4,1,50300,52200,46900
1788607921,2,4:30,4,30,1600,30,4,1,50400,52600,47000
1788607923,2,4:30,4,30,1601,30,4,1,50600,52700,47000
1788607924,2,4:30,4,30,1601,30,4,1,50500,52200,46900
1788607925,2,4:30,4,30,1601,30,4,1,50200,52300,46900
1788607927,2,4:30,4,30,1604,30,4,1,50200,52900,47000
1788607928,2,4:30,4,30,1602,30,4,1,50400,52400,46900
1788607929,2,4:30,4,30,1599,30,4,1,50000,52100,46800
1788607930,2,4:30,4,30,1603,30,4,1,50300,52600,46900
1788607932,2,4:30,4,30,1601,30,4,1,50700,52700,47000
1788607933,2,4:30,4,30,1601,30,4,1,50100,52100,46900
1788607934,2,4:30,4,30,1602,30,4,1,50100,52800,46900
1788607936,2,4:30,4,30,1601,30,4,1,49900,52600,46800
1788607937,2,4:30,4,30,1602,30,4,1,50500,52500,47000
1788607938,2,4:30,4,30,1601,30,4,1,50500,52200,46900
1788607940,2,4:30,4,30,1601,30,4,1,50300,52200,46900
1788607941,2,4:30,4,30,1603,30,4,1,49100,52500,46200
1788607942,2,4:30,4,30,1603,30,4,1,50400,52300,47000
1788607943,2,4:30,4,30,1601,30,4,1,50300,52300,46900
1788607945,2,4:30,4,30,1598,30,4,1,50200,52300,46900
1788607946,2,4:30,4,30,1602,30,4,1,50000,52500,46900
1788607947,2,4:30,4,30,1599,30,4,1,50500,52600,47000
1788607949,2,4:30,4,30,1601,30,4,1,50200,52300,46900
1788607950,2,4:30,4,30,1602,30,4,1,50500,52500,46700
1788607951,2,4:30,4,30,1602,30,4,1,50200,52300,46900
1788607953,2,4:30,4,30,1593,30,4,1,50300,52500,47000
1788607954,2,4:30,4,30,1601,30,4,1,50100,52600,47000
1788607955,2,4:30,4,30,1600,30,4,1,50100,52100,46900
1788607956,2,4:30,4,30,1599,30,4,1,50200,52600,47000
1788607958,2,4:30,4,30,1602,30,4,1,50400,52700,47000
1788607959,2,4:30,4,30,1601,30,4,1,50100,52200,46900
1788607960,2,4:30,4,30,1601,30,4,1,50200,52700,46900
1788607962,2,4:30,4,30,1603,30,4,1,50200,52300,46900
1788607963,2,4:30,4,30,1601,30,4,1,50500,52700,47100
1788607964,2,4:30,4,30,1607,30,4,1,50300,52300,46900
1788607965,2,4:30,4,30,1605,30,4,1,50000,52000,46800
1788607967,2,4:30,4,30,1602,30,4,1,50500,52400,47000
1788607968,2,4:30,4,30,1596,30,4,1,50200,52900,46900
1788607969,2,4:30,4,30,1604,30,4,1,50100,52900,46900
1788607971,2,4:30,4,30,1601,30,4,1,50200,52200,46800
1788607972,2,4:30,4,30,1601,30,4,1,50600,52400,47000
1788607973,2,4:30,4,30,1604,30,4,1,50300,52300,46900
1788607974,2,4:30,4,30,1597,30,4,1,50200,52800,46900
1788607976,2,4:30,4,30,1597,30,4,1,50200,52800,46900
1788607977,2,4:30,4,30,1603,30,4,1,50200,52800,46900
1788607978,2,4:30,4,30,1601,30,4,1,50600,52500,46900
1788607980,2,4:30,4,30,1599,30,4,1,50000,52300,46900
1788607981,2,4:30,4,30,1604,30,4,1,50500,52800,46800
1788607982,2,4:30,4,30,1598,30,4,1,50700,52900,47000
1788607984,2,4:30,4,30,1599,30,4,1,50300,52300,47000
1788607985,2,4:30,4,30,1602,30,4,1,50200,52300,46800
1788607986,2,4:30,4,30,1598,30,4,1,50200,52300,46900
1788607987,2,4:30,4,30,1598,30,4,1,50800,52700,47000
1788607989,2,4:30,4,30,1599,30,4,1,50100,52300,46800
1788607990,2,4:30,4,30,1601,30,4,1,50200,52500,46800
1788607991,2,4:30,4,30,1598,30,4,1,50300,52600,46900
1788607993,2,4:30,4,30,1599,30,4,1,50400,52500,47000
1788607994,2,4:30,4,30,1597,30,4,1,50400,52500,46900
1788607995,2,4:30,4,30,1603,30,4,1,50200,52800,46900
1788607997,2,4:30,4,30,1599,30,4,1,50300,52600,47000
1788607998,2,4:30,4,30,1609,30,4,1,50700,52800,47100
1788607999,2,4:30,4,30,1601,30,4,1,50600,52500,47000
1788608000,2,4:30,4,30,1599,30,4,1,50200,52100,46900
1788608002,2,4:30,4,30,1599,30,4,1,50700,52600,47100
1788608003,2,4:30,4,30,1603,30,4,1,50400,52100,46900
1788608004,2,4:30,4,30,1602,30,4,1,50300,52100,46900
1788608006,2,4:30,4,30,1602,30,4,1,49400,52200,46300
1788608007,2,4:30,4,30,1601,30,4,1,50000,52400,46800
1788608008,2,4:30,4,30,1597,30,4,1,50300,52600,47100
1788608009,2,4:30,4,30,1599,30,4,1,50700,53000,47100
1788608011,2,4:30,4,30,1601,30,4,1,50300,52100,46800
1788608012,2,4:30,4,30,1603,30,4,1,50700,52900,47000
1788608013,2,4:30,4,30,1600,30,4,1,50300,52500,47000
1788608015,2,4:30,4,30,1598,30,4,1,50500,52300,46900
1788608016,2,4:30,4,30,1597,30,4,1,50400,52200,46800
1788608017,2,4:30,4,30,1603,30,4,1,50100,52600,46900
1788608018,2,4:30,4,30,1603,30,4,1,50400,52600,46900
1788608020,2,4:30,4,30,1598,30,4,1,50400,52700,46900
1788608021,2,4:30,4,30,1599,30,4,1,50200,52200,46900
1788608022,2,4:30,4,30,1597,30,4,1,50500,52600,47000
1788608024,2,4:30,4,30,1597,30,4,1,50500,52900,47000
1788608025,2,4:30,4,30,1598,30,4,1,50700,52600,47000
1788608026,2,4:30,4,30,1599,30,4,1,50200,52300,46900
1788608027,2,4:30,4,30,1602,30,4,1,50500,52600,47000
1788608029,2,4:30,4,30,1597,30,4,1,50300,52700,47000
1788608030,2,4:30,4,30,1599,30,4,1,50200,52200,46800
1788608031,2,4:30,4,30,1602,30,4,1,50300,52200,46900
1788608033,2,4:30,4,30,1601,30,4,1,50500,52700,47100
1788608034,2,4:30,4,30,1601,30,4,1,50600,52500,47000
1788608035,2,4:30,4,30,1603,30,4,1,50100,52300,46900
1788608037,2,4:30,4,30,1602,30,4,1,50000,52700,46800
1788608038,2,4:30,4,30,1602,30,4,1,50400,52600,47000
1788608039,2,4:30,4,30,1598,30,4,1,50400,52200,47000
1788608040,2,4:30,4,30,1597,30,4,1,51300,52900,47400
1788608042,2,4:30,4,30,1598,30,4,1,51200,53100,47300
1788608043,2,4:30,4,30,1601,30,4,1,50700,52900,47200
1788608044,2,4:30,4,30,1601,30,4,1,50400,52800,47100
1788608046,2,4:30,4,30,1603,30,4,1,50600,53000,47000
1788608047,2,4:30,4,30,1601,30,4,1,50000,52300,46900
1788608048,2,4:30,4,30,1602,30,4,1,50500,52600,47100
1788608049,2,4:30,4,30,1605,30,4,1,50300,52300,47000
1788608051,2,4:30,4,30,1602,30,4,1,50300,52200,46900
1788608052,2,4:30,4,30,1601,30,4,1,50500,53000,46900
1788608053,2,4:30,4,30,1602,30,4,1,50700,52600,47000
1788608055,2,4:30,4,30,1599,30,4,1,50500,52400,46900
1788608056,2,4:30,4,30,1601,30,4,1,50000,52100,46800
1788608057,2,4:30,4,30,1598,30,4,1,50500,52500,47000
1788608059,2,4:30,4,30,1601,30,4,1,50400,52100,46900
1788608060,2,4:30,4,30,1598,30,4,1,50000,52800,46900
1788608061,2,4:30,4,30,1599,30,4,1,49500,51800,46300
1788608062,2,4:30,4,30,1601,30,4,1,50000,52400,46800
1788608064,2,4:30,4,30,1601,30,4,1,50600,53200,47000
1788608065,2,4:30,4,30,1599,30,4,1,50000,52200,46900
1788608066,2,4:30,4,30,1602,30,4,1,50300,52700,46900
1788608068,2,4:30,4,30,1605,30,4,1,50600,53000,47000
1788608069,2,4:30,4,30,1604,30,4,1,50200,52400,46900
1788608070,2,4:30,4,30,1599,30,4,1,50100,52300,46900
1788608071,2,4:30,4,30,1604,30,4,1,50000,52300,46900
1788608073,2,4:30,4,30,1599,30,4,1,50600,52600,46900
1788608074,2,4:30,4,30,1598,30,4,1,50400,52400,46900
1788608075,2,4:30,4,30,1597,30,4,1,50200,52400,46900
1788608077,2,4:30,4,30,1600,30,4,1,50100,52100,46800
1788608078,2,4:30,4,30,1598,30,4,1,50400,52500,47000
1788608079,2,4:30,4,30,1598,30,4,1,50200,52500,46900
1788608080,2,4:30,4,30,1601,30,4,1,50500,52800,47000
1788608082,2,4:30,4,30,1601,30,4,1,50300,52200,46800
1788608083,2,4:30,4,30,1601,30,4,1,50200,52900,47000
1788608084,2,4:30,4,30,1602,30,4,1,50500,52500,47100
1788608086,2,4:30,4,30,1602,30,4,1,50400,52300,46900
1788608087,2,4:30,4,30,1601,30,4,1,50400,52600,46900
1788608088,2,4:30,4,30,1597,30,4,1,50200,52600,47000
1788608090,2,4:30,4,30,1596,30,4,1,50400,52600,47000
1788608091,2,4:30,4,30,1602,30,4,1,50000,52400,46900
1788608092,2,4:30,4,30,1603,30,4,1,49900,52300,46800
1788608093,2,4:30,4,30,1598,30,4,1,50700,52700,47100
1788608095,2,4:30,4,30,1598,30,4,1,50400,52200,46900
1788608096,2,4:30,4,30,1601,30,4,1,50300,52100,46900
1788608097,2,4:30,4,30,1599,30,4,1,50500,52500,47000
1788608099,2,4:30,4,30,1598,30,4,1,50800,53100,47000
1788608100,2,4:30,4,30,1597,30,4,1,51900,53900,47300
1788608101,2,4:30,4,30,1598,30,4,1,50400,52700,47000
1788608102,2,4:30,4,30,1602,30,4,1,50400,52500,47000
1788608104,2,4:30,4,30,1602,30,4,1,50500,52600,47000
1788608105,2,4:30,4,30,1598,30,4,1,50100,52300,46900
1788608106,2,4:30,4,30,1599,30,4,1,50100,52100,46900
1788608108,2,4:30,4,30,1602,30,4,1,50100,52800,46700
1788608109,2,4:30,4,30,1597,30,4,1,50500,53200,47100
1788608110,2,4:30,4,30,1603,30,4,1,50200,52300,46900
1788608112,2,4:30,4,30,1601,30,4,1,50300,52300,46900
1788608113,2,4:30,4,30,1599,30,4,1,50700,52600,47000
1788608114,2,4:30,4,30,1601,30,4,1,50700,52700,47000
1788608115,2,4:30,4,30,1601,30,4,1,50400,52800,46900
1788608117,2,4:30,4,30,1598,30,4,1,49900,52000,46400
1788608118,2,4:30,4,30,1597,30,4,1,50000,52800,46900
1788608119,2,4:30,4,30,1603,30,4,1,50600,53000,47100
1788608121,2,4:30,4,30,1602,30,4,1,50000,52300,46900
1788608122,2,4:30,4,30,1601,30,4,1,50100,52700,46800
1788608123,2,4:30,4,30,1600,30,4,1,50400,52700,47100
1788608124,2,4:30,4,30,1602,30,4,1,50600,52700,47000
1788608126,2,4:30,4,30,1601,30,4,1,50100,52900,47000
1788608127,2,4:30,4,30,1601,30,4,1,50200,52500,46900
1788608128,2,4:30,4,30,1602,30,4,1,51100,53500,47100
1788608130,2,4:30,4,30,1598,30,4,1,50400,52900,47100
1788608131,2,4:30,4,30,1598,30,4,1,50400,52200,46900
1788608132,2,4:30,4,30,1598,30,4,1,50500,52400,46900
1788608133,2,4:30,4,30,1598,30,4,1,50400,52500,47100
1788608135,2,4:30,4,30,1598,30,4,1,50500,52400,47000
1788608136,2,4:30,4,30,1599,30,4,1,50600,52300,47000
1788608137,2,4:30,4,30,1598,30,4,1,50500,52300,46900
1788608139,2,4:30,4,30,1607,30,4,1,50600,52700,47100
1788608140,2,4:30,4,30,1597,30,4,1,50200,52200,46900
1788608141,2,4:30,4,30,1598,30,4,1,50300,52200,46800
1788608143,2,4:30,4,30,1601,30,4,1,50500,52500,47100
1788608144,2,4:30,4,30,1602,30,4,1,50400,52600,47000
1788608145,2,4:30,4,30,1595,30,4,1,50400,52400,47100
1788608146,2,4:30,4,30,1597,30,4,1,50100,52300,46900
1788608148,2,4:30,4,30,1598,30,4,1,50400,52400,47000
1788608149,2,4:30,4,30,1599,30,4,1,50300,52900,47000
1788608150,2,4:30,4,30,1602,30,4,1,50300,52300,46900
1788608152,2,4:30,4,30,1598,30,4,1,50400,52300,46900
1788608153,2,4:30,4,30,1603,30,4,1,50800,52500,47100
1788608154,2,4:30,4,30,1599,30,4,1,50600,52400,46900
1788608155,2,4:30,4,30,1601,30,4,1,50300,52500,46900
1788608157,2,4:30,4,30,1598,30,4,1,50200,52300,46900
1788608158,2,4:30,4,30,1601,30,4,1,50600,52700,47000
1788608159,2,4:30,4,30,1597,30,4,1,50400,52400,47000
1788608161,2,4:30,4,30,1598,30,4,1,50300,52100,46800
1788608162,2,4:30,4,30,1599,30,4,1,50200,52400,47000
1788608163,2,4:30,4,30,1601,30,4,1,50900,52900,47200
1788608165,2,4:30,4,30,1598,30,4,1,50200,52600,47000
1788608166,2,4:30,4,30,1599,30,4,1,50200,52100,46900
1788608167,2,4:30,4,30,1602,30,4,1,50300,52300,46900
1788608168,2,4:30,4,30,1598,30,4,1,50500,52700,47000
1788608170,2,4:30,4,30,1599,30,4,1,50200,52300,46900
1788608171,2,4:30,4,30,1600,30,4,1,50500,52200,46900
1788608172,2,4:30,4,30,1600,30,4,1,50300,53000,46900
1788608174,2,4:30,4,30,1597,30,4,1,50400,52700,47200
1788608175,2,4:30,4,30,1606,30,4,1,50200,52500,46900
1788608176,2,4:30,4,30,1598,30,4,1,50200,52300,46900
1788608178,2,4:30,4,30,1603,30,4,1,50500,53100,47100
1788608179,2,4:30,4,30,1601,30,4,1,50200,52400,47000
1788608180,2,4:30,4,30,1598,30,4,1,50300,52300,46900
1788608181,2,4:30,4,30,1601,30,4,1,49200,52300,46300
1788608183,2,4:30,4,30,1598,30,4,1,50300,52800,46900
1788608184,2,4:30,4,30,1598,30,4,1,50700,52500,47000
1788608185,2,4:30,4,30,1601,30,4,1,50100,52300,46900
1788608187,2,4:30,4,30,1599,30,4,1,50200,52200,46900
1788608188,2,4:30,4,30,1598,30,4,1,50600,52500,47100
1788608189,2,4:30,4,30,1598,30,4,1,50300,52500,47000
1788608190,2,4:30,4,30,1598,30,4,1,50000,52500,46800
1788608192,2,4:30,4,30,1599,30,4,1,50000,52100,46800
1788608193,2,4:30,4,30,1598,30,4,1,50300,52500,47100
1788608194,2,4:30,4,30,1600,30,4,1,50600,52400,47100
1788608196,2,4:30,4,30,1597,30,4,1,50200,52100,46800
1788608197,2,4:30,4,30,1599,30,4,1,49900,52500,46900
1788608198,2,4:30,4,30,1597,30,4,1,50400,52800,47000
1788608199,2,4:30,4,30,1598,30,4,1,50300,52200,46900
1788608201,2,4:30,4,30,1601,30,4,1,50200,53000,46900
1788608202,2,4:30,4,30,1600,30,4,1,50100,52300,46900
1788608203,2,4:30,4,30,1603,30,4,1,50500,52900,47000
1788608205,2,4:30,4,30,1601,30,4,1,50500,52400,47000
1788608206,2,4:30,4,30,1602,30,4,1,50200,52300,46900
1788608207,2,4:30,4,30,1603,30,4,1,50400,52200,46900
1788608208,2,4:30,4,30,1598,30,4,1,50300,52500,47000
1788608210,2,4:30,4,30,1599,30,4,1,50800,52800,47100
1788608211,2,4:30,4,30,1598,30,4,1,50300,52400,46900
1788608212,2,4:30,4,30,1595,30,4,1,50100,52200,46900
1788608214,2,4:30,4,30,1597,30,4,1,50500,53000,47000
1788608215,2,4:30,4,30,1602,30,4,1,50500,52700,47000
1788608216,2,4:30,4,30,1598,30,4,1,50200,52200,46800
1788608217,2,4:30,4,30,1602,30,4,1,50300,52100,46900
1788608219,2,4:30,4,30,1600,30,4,1,50700,52700,47000
1788608220,2,4:30,4,30,1602,30,4,1,50200,52500,46900
1788608221,2,4:30,4,30,1602,30,4,1,50300,52200,46900
1788608223,2,4:30,4,30,1601,30,4,1,49900,52200,46900
1788608224,2,4:30,4,30,1601,30,4,1,50700,52500,47000
1788608225,2,4:30,4,30,1601,30,4,1,50300,52300,46900
1788608227,2,4:30,4,30,1600,30,4,1,49900,52200,46800
1788608228,2,4:30,4,30,1598,30,4,1,50000,52400,46700
1788608229,2,4:30,4,30,1602,30,4,1,50300,52800,46900
1788608230,2,4:30,4,30,1602,30,4,1,50500,52300,46700
1788608232,2,4:30,4,30,1602,30,4,1,49900,52100,46800
1788608233,2,4:30,4,30,1599,30,4,1,50300,52400,46900
1788608234,2,4:30,4,30,1602,30,4,1,50200,52300,46900
1788608236,2,4:30,4,30,1598,30,4,1,50100,52300,46800
1788608237,2,4:30,4,30,1601,30,4,1,49000,52600,46200
1788608238,2,4:30,4,30,1603,30,4,1,50000,52100,46900
1788608239,2,4:30,4,30,1598,30,4,1,50500,52500,47000
1788608241,2,4:30,4,30,1599,30,4,1,50500,52800,46900
1788608242,2,4:30,4,30,1598,30,4,1,50000,52300,46900
1788608243,2,4:30,4,30,1604,30,4,1,50300,52700,47000
1788608245,2,4:30,4,30,1602,30,4,1,50500,52500,47000
1788608246,2,4:30,4,30,1599,30,4,1,50100,52300,46900
1788608247,2,4:30,4,30,1596,30,4,1,50500,52900,46900
1788608249,2,4:30,4,30,1601,30,4,1,50400,53000,47000
1788608250,2,4:30,4,30,1600,30,4,1,50500,52700,47200
1788608251,2,4:30,4,30,1601,30,4,1,50400,52400,47000
1788608252,2,4:30,4,30,1600,30,4,1,50500,52500,46900
1788608254,2,4:30,4,30,1598,30,4,1,50700,52400,47000
1788608255,2,4:30,4,30,1596,30,4,1,50000,52300,46900
1788608256,2,4:30,4,30,1601,30,4,1,50200,52300,46800
1788608258,2,4:30,4,30,1597,30,4,1,50000,52700,46800
1788608259,2,4:30,4,30,1595,30,4,1,50600,52800,47100
1788608260,2,4:30,4,30,1598,30,4,1,50300,52500,46900
1788608262,2,4:30,4,30,1597,30,4,1,50100,52200,46900
1788608263,2,4:30,4,30,1598,30,4,1,50500,52600,47000
1788608264,2,4:30,4,30,1601,30,4,1,50400,53000,47000
1788608265,2,4:30,4,30,1598,30,4,1,50400,52500,47000
1788608267,2,4:30,4,30,1598,30,4,1,50200,52100,46800
1788608268,2,4:30,4,30,1602,30,4,1,50100,52500,46900
1788608269,2,4:30,4,30,1598,30,4,1,50400,52900,46900
1788608271,2,4:30,4,30,1603,30,4,1,50100,52200,46900
1788608272,2,4:30,4,30,1601,30,4,1,50100,52200,46800
1788608273,2,4:30,4,30,1599,30,4,1,50400,52500,47000
1788608274,2,4:30,4,30,1597,30,4,1,50700,52600,47100
1788608276,2,4:30,4,30,1602,30,4,1,50300,52800,46900
1788608277,2,4:30,4,30,1598,30,4,1,50200,52200,46900
1788608278,2,4:30,4,30,1599,30,4,1,50300,52600,47000
1788608280,2,4:30,4,30,1599,30,4,1,50600,52700,47000
1788608281,2,4:30,4,30,1600,30,4,1,50500,52200,46900
1788608282,2,4:30,4,30,1602,30,4,1,50100,52300,46900
1788608284,2,4:30,4,30,1602,30,4,1,50400,52500,46900
1788608285,2,4:30,4,30,1598,30,4,1,50500,52600,47000
1788608286,2,4:30,4,30,1598,30,4,1,50000,52400,46900
1788608287,2,4:30,4,30,1599,30,4,1,49800,52100,46800
1788608289,2,4:30,4,30,1598,30,4,1,50700,53000,47100
1788608290,2,4:30,4,30,1602,30,4,1,50300,52400,46900
1788608291,2,4:30,4,30,1597,30,4,1,50400,52300,46900
1788608292,2,4:30,4,30,1602,30,4,1,49800,51800,46300
1788608294,2,4:30,4,30,1598,30,4,1,50300,52500,47000
1788608295,2,4:30,4,30,1598,30,4,1,50500,52500,47000
1788608296,2,4:30,4,30,1599,30,4,1,50300,52300,46900
1788608298,2,4:30,4,30,1597,30,4,1,50000,52100,46900
1788608299,2,4:30,4,30,1598,30,4,1,50500,52500,47000
1788608300,3,1:40,1,40,1598,40,1,1,50400,52600,47000
1788608302,3,1:40,1,40,1577,40,1,1,50200,52300,47000
1788608303,3,1:40,1,40,1566,40,1,1,50200,52300,46900
1788608304,3,1:40,1,40,1560,40,1,1,50600,53000,47100
1788608305,3,1:40,1,40,1554,40,1,1,50600,52900,47000
1788608307,3,1:40,1,40,1553,40,1,1,50200,52200,46800
1788608308,3,1:40,1,40,1552,40,1,1,50300,52300,46900
1788608309,3,1:40,1,40,1548,40,1,1,50400,52500,46900
1788608311,3,1:40,1,40,1545,40,1,1,50700,52900,47000
1788608312,3,1:40,1,40,1545,40,1,1,50300,52400,47000
1788608313,3,1:40,1,40,1541,40,1,1,50200,52500,46900
1788608315,3,1:40,1,40,1526,40,1,1,50500,52300,47000
1788608316,3,1:40,1,40,1541,40,1,1,50200,52300,46800
1788608317,3,1:40,1,40,1534,40,1,1,50200,52200,46700
1788608318,3,1:40,1,40,1539,40,1,1,50400,52500,46900
1788608320,3,1:40,1,40,1531,40,1,1,50500,52300,46900
1788608321,3,1:40,1,40,1529,40,1,1,50500,52400,46900
1788608322,3,1:40,1,40,1532,40,1,1,50300,52400,46800
1788608324,3,1:40,1,40,1529,40,1,1,51500,53500,47600
1788608325,3,1:40,1,40,1531,40,1,1,52400,54900,47900
1788608326,3,1:40,1,40,1528,40,1,1,52200,54800,48100
1788608328,3,1:40,1,40,1524,40,1,1,52200,54800,48200
1788608329,3,1:40,1,40,1525,40,1,1,52800,54300,48100
1788608330,3,1:40,1,40,1525,40,1,1,47500,49500,45200
1788608331,3,1:40,1,40,1527,40,1,1,46200,48900,44500
1788608333,3,1:40,1,40,1522,40,1,1,46300,49000,44300
1788608334,3,1:40,1,40,1524,40,1,1,46000,48200,44000
1788608335,3,1:40,1,40,1518,40,1,1,46000,47900,43900
1788608336,3,1:40,1,40,1521,40,1,1,45700,47800,43700
1788608337,3,1:40,1,40,1519,40,1,1,45200,47800,43600
1788608339,3,1:40,1,40,1520,40,1,1,45100,47700,43500
1788608340,3,1:40,1,40,1516,40,1,1,45600,47800,43500
1788608341,3,1:40,1,40,1518,40,1,1,45200,47400,43300
1788608342,3,1:40,1,40,1516,40,1,1,45200,47200,43300
1788608344,3,1:40,1,40,1515,40,1,1,44900,47400,43200
1788608345,3,1:40,1,40,1515,40,1,1,44800,47300,43100
1788608346,3,1:40,1,40,1516,40,1,1,44400,48000,43000
1788608347,3,1:40,1,40,1514,40,1,1,45000,47100,43000
1788608348,3,1:40,1,40,1512,40,1,1,44500,47200,43000
1788608350,3,1:40,1,40,1512,40,1,1,44300,47900,42900
1788608351,3,1:40,1,40,1511,40,1,1,44400,47000,42800
1788608352,3,1:40,1,40,1510,40,1,1,44800,47100,42800
1788608353,3,1:40,1,40,1509,40,1,1,44200,47800,42800
1788608355,3,1:40,1,40,1512,40,1,1,44800,46800,42700
1788608356,3,1:40,1,40,1511,40,1,1,44500,47500,42700
1788608357,3,1:40,1,40,1509,40,1,1,44800,46800,42600
1788608358,3,1:40,1,40,1509,40,1,1,44400,47500,42600
1788608359,3,1:40,1,40,1509,40,1,1,44700,46600,42600
1788608361,3,1:40,1,40,1507,40,1,1,44200,46800,42500
1788608362,3,1:40,1,40,1506,40,1,1,44600,46600,42500
1788608363,3,1:40,1,40,1506,40,1,1,44600,46600,42500
1788608364,3,1:40,1,40,1507,40,1,1,43800,47400,42400
1788608366,3,1:40,1,40,1501,40,1,1,44500,46500,42500
1788608367,3,1:40,1,40,1506,40,1,1,44400,46700,42400
1788608368,3,1:40,1,40,1496,40,1,1,44400,46500,42400
1788608369,3,1:40,1,40,1504,40,1,1,44000,46800,42400
1788608371,3,1:40,1,40,1502,40,1,1,44400,46500,42400
1788608372,3,1:40,1,40,1503,40,1,1,44000,46600,42400
1788608373,3,1:40,1,40,1503,40,1,1,44000,46800,42400
1788608374,3,1:40,1,40,1504,40,1,1,44200,46600,42300
1788608375,3,1:40,1,40,1505,40,1,1,44300,46500,42300
1788608377,3,1:40,1,40,1503,40,1,1,43900,46500,42300
1788608378,3,1:40,1,40,1503,40,1,1,44400,46400,42300
1788608379,3,1:40,1,40,1502,40,1,1,44300,46300,42300
1788608380,3,1:40,1,40,1501,40,1,1,43700,47100,42200
1788608382,3,1:40,1,40,1501,40,1,1,44600,46500,42300
1788608383,3,1:40,1,40,1502,40,1,1,44100,46500,42300
1788608384,3,1:40,1,40,1499,40,1,1,44300,46300,42200
1788608385,3,1:40,1,40,1503,40,1,1,44300,46400,42200
1788608386,3,1:40,1,40,1499,40,1,1,43900,46300,42100
1788608388,3,1:40,1,40,1501,40,1,1,43800,46400,42200
1788608389,3,1:40,1,40,1502,40,1,1,43800,46300,42100
1788608390,3,1:40,1,40,1500,40,1,1,44400,46500,42200
1788608391,3,1:40,1,40,1501,40,1,1,43900,46700,42200
1788608392,3,1:40,1,40,1500,40,1,1,43800,46500,42200
1788608394,3,1:40,1,40,1498,40,1,1,44200,46400,42200
1788608395,3,1:40,1,40,1499,40,1,1,44000,46400,42200
1788608396,3,1:40,1,40,1499,40,1,1,43800,46400,42200
1788608397,3,1:40,1,40,1497,40,1,1,43700,46500,42100
1788608399,3,1:40,1,40,1501,40,1,1,43800,46400,42200
1788608400,3,1:40,1,40,1498,40,1,1,44400,47000,42400
1788608401,3,1:40,1,40,1498,40,1,1,43700,46400,42100
1788608402,3,1:40,1,40,1500,40,1,1,43900,46300,42100
1788608403,3,1:40,1,40,1499,40,1,1,44200,47000,42100
1788608405,3,1:40,1,40,1495,40,1,1,44200,46900,42100
1788608406,3,1:40,1,40,1497,40,1,1,44200,46100,42100
1788608407,3,1:40,1,40,1497,40,1,1,43700,46300,42100
1788608408,3,1:40,1,40,1498,40,1,1,43800,46300,42100
1788608410,3,1:40,1,40,1498,40,1,1,44100,46100,42100
1788608411,3,1:40,1,40,1498,40,1,1,43600,47000,42000
1788608412,3,1:40,1,40,1500,40,1,1,43500,47100,42100
1788608413,3,1:40,1,40,1496,40,1,1,43300,47000,42000
1788608414,3,1:40,1,40,1500,40,1,1,43500,47100,42000
1788608416,3,1:40,1,40,1495,40,1,1,44200,46100,42000
1788608417,3,1:40,1,40,1498,40,1,1,43800,46100,42000
1788608418,3,1:40,1,40,1497,40,1,1,43800,46200,42000
1788608419,3,1:40,1,40,1495,40,1,1,44100,46100,42100
1788608421,3,1:40,1,40,1496,40,1,1,43400,47000,42000
1788608422,3,1:40,1,40,1497,40,1,1,43700,46200,42100
1788608423,3,1:40,1,40,1494,40,1,1,43700,46200,42000
1788608424,3,1:40,1,40,1498,40,1,1,43700,46100,42100
1788608425,3,1:40,1,40,1497,40,1,1,43700,46800,42000
1788608427,3,1:40,1,40,1495,40,1,1,43400,47000,42100
1788608428,3,1:40,1,40,1493,40,1,1,43800,46200,42000
1788608429,3,1:40,1,40,1495,40,1,1,44100,46200,42000
1788608430,3,1:40,1,40,1493,40,1,1,43700,46200,42100
1788608432,3,1:40,1,40,1494,40,1,1,43700,46100,41900
1788608433,3,1:40,1,40,1494,40,1,1,43700,46300,42000
1788608434,3,1:40,1,40,1497,40,1,1,44000,46100,42000
1788608435,3,1:40,1,40,1495,40,1,1,43800,46100,42000
1788608437,3,1:40,1,40,1495,40,1,1,44000,46100,42000
1788608438,3,1:40,1,40,1493,40,1,1,43500,46100,42000
1788608439,3,1:40,1,40,1494,40,1,1,43500,46900,42000
1788608440,3,1:40,1,40,1494,40,1,1,43400,46900,41900
1788608441,3,1:40,1,40,1496,40,1,1,44000,46100,41900
1788608443,3,1:40,1,40,1494,40,1,1,44000,46200,41900
1788608444,3,1:40,1,40,1496,40,1,1,44000,46000,42000
1788608445,3,1:40,1,40,1495,40,1,1,43700,46200,42000
1788608446,3,1:40,1,40,1494,40,1,1,43600,46100,42000
1788608448,3,1:40,1,40,1495,40,1,1,43600,46200,42000
1788608449,3,1:40,1,40,1493,40,1,1,43700,46100,42000
1788608450,3,1:40,1,40,1496,40,1,1,43600,46200,42000
1788608451,3,1:40,1,40,1497,40,1,1,43900,46100,41900
1788608452,3,1:40,1,40,1495,40,1,1,44000,46100,41900
1788608454,3,1:40,1,40,1494,40,1,1,43900,46200,42000
1788608455,3,1:40,1,40,1495,40,1,1,44000,46800,41900
1788608456,3,1:40,1,40,1494,40,1,1,43900,46100,41900
1788608457,3,1:40,1,40,1496,40,1,1,43700,46100,42100
1788608459,3,1:40,1,40,1492,40,1,1,43600,46100,41900
1788608460,3,1:40,1,40,1494,40,1,1,44800,46800,42100
1788608461,3,1:40,1,40,1494,40,1,1,43500,46100,41900
1788608462,3,1:40,1,40,1494,40,1,1,43500,46400,41900
1788608463,3,1:40,1,40,1490,40,1,1,43600,46300,42000
1788608465,3,1:40,1,40,1492,40,1,1,43700,46200,42000
1788608466,3,1:40,1,40,1496,40,1,1,43700,46200,42000
1788608467,3,1:40,1,40,1494,40,1,1,43800,46100,41900
1788608468,3,1:40,1,40,1494,40,1,1,43600,46200,41900
1788608470,3,1:40,1,40,1496,40,1,1,44000,46000,41900
1788608471,3,1:40,1,40,1493,40,1,1,43700,46100,42000
1788608472,3,1:40,1,40,1497,40,1,1,43400,46100,41900
1788608473,3,1:40,1,40,1493,40,1,1,43600,46100,41900
1788608474,3,1:40,1,40,1495,40,1,1,43500,46100,41900
1788608476,3,1:40,1,40,1494,40,1,1,43500,46100,41900
1788608477,3,1:40,1,40,1493,40,1,1,43600,46100,41900
1788608478,3,1:40,1,40,1495,40,1,1,43500,46100,42000
1788608479,3,1:40,1,40,1493,40,1,1,43600,46200,41900
1788608481,3,1:40,1,40,1493,40,1,1,43500,46100,41900
1788608482,3,1:40,1,40,1495,40,1,1,44000,46000,41900
1788608483,3,1:40,1,40,1493,40,1,1,43500,46100,42000
1788608484,3,1:40,1,40,1493,40,1,1,43600,46200,41900
1788608486,3,1:40,1,40,1491,40,1,1,43300,46900,41900
1788608487,3,1:40,1,40,1492,40,1,1,43600,46100,41900
1788608488,3,1:40,1,40,1494,40,1,1,43600,46100,41900
1788608489,3,1:40,1,40,1491,40,1,1,43600,46200,41800
1788608490,3,1:40,1,40,1494,40,1,1,43600,46100,41900
1788608492,3,1:40,1,40,1495,40,1,1,43600,46000,41900
1788608493,3,1:40,1,40,1492,40,1,1,43500,46000,41900
1788608494,3,1:40,1,40,1493,40,1,1,43600,46100,41900
1788608495,3,1:40,1,40,1494,40,1,1,43500,46100,41900
1788608497,3,1:40,1,40,1492,40,1,1,43600,46100,41900
1788608498,3,1:40,1,40,1493,40,1,1,43600,46100,42000
1788608499,3,1:40,1,40,1495,40,1,1,43500,46100,41900
1788608500,3,1:40,1,40,1492,40,1,1,43600,46100,41900
1788608501,3,1:40,1,40,1491,40,1,1,43400,46000,41900
1788608503,3,1:40,1,40,1493,40,1,1,44000,46000,41900
1788608504,3,1:40,1,40,1494,40,1,1,43500,45900,41900
1788608505,3,1:40,1,40,1493,40,1,1,44000,46000,41900
1788608506,3,1:40,1,40,1492,40,1,1,43600,46100,41900
1788608508,3,1:40,1,40,1494,40,1,1,43600,46100,41900
1788608509,3,1:40,1,40,1493,40,1,1,44300,46300,42100
1788608510,3,1:40,1,40,1492,40,1,1,43900,46100,41900
1788608511,3,1:40,1,40,1490,40,1,1,43600,46100,41900
1788608512,3,1:40,1,40,1492,40,1,1,44000,45900,41800
1788608514,3,1:40,1,40,1494,40,1,1,43700,46100,41900
1788608515,3,1:40,1,40,1491,40,1,1,43700,46100,42000
1788608516,3,1:40,1,40,1492,40,1,1,44000,46100,41900
1788608517,3,1:40,1,40,1493,40,1,1,43600,46100,41800
1788608519,3,1:40,1,40,1491,40,1,1,44000,46000,41900
1788608520,3,1:40,1,40,1490,40,1,1,43600,46300,41900
1788608521,3,1:40,1,40,1491,40,1,1,43400,46200,41900
1788608522,3,1:40,1,40,1492,40,1,1,43300,46900,41900
1788608523,3,1:40,1,40,1489,40,1,1,43500,46700,42000
1788608525,3,1:40,1,40,1490,40,1,1,43300,46900,41900
1788608526,3,1:40,1,40,1492,40,1,1,43300,46400,41900
1788608527,3,1:40,1,40,1494,40,1,1,43300,46800,41800
1788608528,3,1:40,1,40,1494,40,1,1,44000,46000,41900
1788608530,3,1:40,1,40,1491,40,1,1,43600,46100,41900
1788608531,3,1:40,1,40,1493,40,1,1,43500,46100,41900
1788608532,3,1:40,1,40,1496,40,1,1,43700,46700,41900
1788608533,3,1:40,1,40,1492,40,1,1,43500,46100,41900
1788608534,3,1:40,1,40,1488,40,1,1,43700,46100,41900
1788608536,3,1:40,1,40,1492,40,1,1,43600,46100,41900
1788608537,3,1:40,1,40,1491,40,1,1,43300,46400,41800
1788608538,3,1:40,1,40,1494,40,1,1,43600,46100,41900
1788608539,3,1:40,1,40,1494,40,1,1,43900,46000,41900
1788608541,3,1:40,1,40,1491,40,1,1,44000,45900,41900
1788608542,3,1:40,1,40,1493,40,1,1,43400,46100,41800
1788608543,3,1:40,1,40,1492,40,1,1,43300,46900,41900
1788608544,3,1:40,1,40,1490,40,1,1,43600,46100,41900
1788608546,3,1:40,1,40,1491,40,1,1,44000,46000,41900
1788608547,3,1:40,1,40,1491,40,1,1,43900,46000,41800
1788608548,3,1:40,1,40,1494,40,1,1,43900,46000,41800
1788608549,3,1:40,1,40,1494,40,1,1,43600,46100,41900
1788608550,3,1:40,1,40,1491,40,1,1,43500,46100,41900
1788608552,3,1:40,1,40,1490,40,1,1,43600,46100,41800
1788608553,3,1:40,1,40,1490,40,1,1,43300,46800,41800
1788608554,3,1:40,1,40,1491,40,1,1,43700,46200,41900
1788608555,3,1:40,1,40,1490,40,1,1,44000,46000,41800
1788608557,3,1:40,1,40,1491,40,1,1,44000,46000,42000
1788608558,3,1:40,1,40,1493,40,1,1,43600,46000,41900
1788608559,3,1:40,1,40,1492,40,1,1,43500,46100,41900
1788608560,3,1:40,1,40,1493,40,1,1,44000,46100,41900
1788608561,3,1:40,1,40,1491,40,1,1,43600,46800,41900
1788608563,3,1:40,1,40,1491,40,1,1,44000,46000,41900
1788608564,3,1:40,1,40,1492,40,1,1,43300,46800,41800
1788608565,3,1:40,1,40,1491,40,1,1,43300,46200,41900
1788608566,3,1:40,1,40,1489,40,1,1,43400,47000,41900
1788608568,3,1:40,1,40,1489,40,1,1,43600,46100,41900
1788608569,3,1:40,1,40,1489,40,1,1,43600,46100,41900
1788608570,3,1:40,1,40,1493,40,1,1,43700,46800,41800
1788608571,3,1:40,1,40,1489,40,1,1,43400,46700,41900
1788608572,3,1:40,1,40,1493,40,1,1,43600,46200,41900
1788608574,3,1:40,1,40,1492,40,1,1,43600,46100,41900
1788608575,3,1:40,1,40,1493,40,1,1,43600,46100,41900
1788608576,3,1:40,1,40,1490,40,1,1,43500,46100,41800
1788608577,3,1:40,1,40,1492,40,1,1,43500,46100,41900
1788608579,3,1:40,1,40,1489,40,1,1,43200,46100,41900
1788608580,3,1:40,1,40,1492,40,1,1,44700,47700,42000
1788608581,3,1:40,1,40,1490,40,1,1,43500,46300,42000
1788608582,3,1:40,1,40,1492,40,1,1,43600,46200,41900
1788608583,3,1:40,1,40,1490,40,1,1,43700,46200,41900
1788608585,3,1:40,1,40,1492,40,1,1,43800,46200,41900
1788608586,3,1:40,1,40,1490,40,1,1,43900,46100,41900
1788608587,3,1:40,1,40,1490,40,1,1,43400,46900,41900
1788608588,3,1:40,1,40,1489,40,1,1,43500,46800,41900
1788608590,3,1:40,1,40,1491,40,1,1,43400,46300,42000
1788608591,3,1:40,1,40,1488,40,1,1,43400,46900,41900
1788608592,3,1:40,1,40,1491,40,1,1,43300,46800,41800
1788608593,3,1:40,1,40,1490,40,1,1,44000,46000,41900
1788608594,3,1:40,1,40,1490,40,1,1,43900,46100,41900
1788608596,3,1:40,1,40,1489,40,1,1,43400,46100,41900
1788608597,3,1:40,1,40,1491,40,1,1,43500,46700,41900
1788608598,3,1:40,1,40,1490,40,1,1,43900,47100,42100
1788608599,3,1:40,1,40,1490,40,1,1,43400,46900,41900
1788608601,3,1:40,1,40,1491,40,1,1,43900,46000,41900
1788608602,3,1:40,1,40,1491,40,1,1,43400,46200,41900
1788608603,3,1:40,1,40,1491,40,1,1,43400,46100,42000
1788608604,3,1:40,1,40,1492,40,1,1,43300,46900,41800
1788608605,3,1:40,1,40,1491,40,1,1,44000,46000,41900
1788608607,3,1:40,1,40,1493,40,1,1,43000,46700,41800
1788608608,3,1:40,1,40,1488,40,1,1,43300,46900,41900
1788608609,3,1:40,1,40,1490,40,1,1,43300,46800,41800
1788608610,3,1:40,1,40,1491,40,1,1,43200,46800,41800
1788608612,3,1:40,1,40,1490,40,1,1,43300,46900,41800
1788608613,3,1:40,1,40,1491,40,1,1,44000,45900,41900
1788608614,3,1:40,1,40,1490,40,1,1,43500,46100,41800
1788608615,3,1:40,1,40,1491,40,1,1,43600,46100,41800
1788608616,3,1:40,1,40,1490,40,1,1,43600,46100,41900
1788608618,3,1:40,1,40,1490,40,1,1,43500,46200,41900
1788608619,3,1:40,1,40,1491,40,1,1,43600,46100,41800
1788608620,3,1:40,1,40,1500,40,1,1,43400,46900,41800
1788608621,3,1:40,1,40,1489,40,1,1,43500,46100,41900
1788608623,3,1:40,1,40,1491,40,1,1,43300,46900,41900
1788608624,3,1:40,1,40,1490,40,1,1,43400,46100,41800
1788608625,3,1:40,1,40,1491,40,1,1,43600,46100,41900
1788608626,3,1:40,1,40,1495,40,1,1,43600,46100,41900
1788608627,3,1:40,1,40,1491,40,1,1,43600,46100,41900
1788608629,3,1:40,1,40,1491,40,1,1,43300,46900,41800
1788608630,3,1:40,1,40,1490,40,1,1,43400,46100,41900
1788608631,3,1:40,1,40,1495,40,1,1,43300,46100,41800
1788608632,3,1:40,1,40,1492,40,1,1,43400,46400,41800
1788608633,3,1:40,1,40,1492,40,1,1,43300,46900,41900
1788608635,3,1:40,1,40,1489,40,1,1,43400,46800,41800
1788608636,3,1:40,1,40,1489,40,1,1,43200,46900,41800
1788608637,3,1:40,1,40,1490,40,1,1,43600,46600,41900
1788608638,3,1:40,1,40,1487,40,1,1,43300,47000,41800
1788608640,3,1:40,1,40,1491,40,1,1,43800,46500,41900
1788608641,3,1:40,1,40,1491,40,1,1,43300,46300,41800
1788608642,3,1:40,1,40,1491,40,1,1,43300,46800,41800
1788608643,3,1:40,1,40,1490,40,1,1,43400,47000,41900
1788608645,3,1:40,1,40,1489,40,1,1,43500,46800,41900
1788608646,3,1:40,1,40,1489,40,1,1,43900,46700,41900
1788608647,3,1:40,1,40,1490,40,1,1,43400,46300,41900
1788608648,3,1:40,1,40,1492,40,1,1,43600,46200,41800
1788608649,3,1:40,1,40,1489,40,1,1,43900,46100,41900
1788608651,3,1:40,1,40,1490,40,1,1,44000,46000,41900
1788608652,3,1:40,1,40,1490,40,1,1,43700,46800,41900
1788608653,3,1:40,1,40,1490,40,1,1,44000,46000,41900
1788608654,3,1:40,1,40,1489,40,1,1,43900,45900,41900
1788608655,3,1:40,1,40,1489,40,1,1,43900,46100,41800
1788608657,3,1:40,1,40,1490,40,1,1,43600,46100,41900
1788608658,3,1:40,1,40,1490,40,1,1,43500,46900,41900
1788608659,3,1:40,1,40,1490,40,1,1,43700,46100,41900
1788608660,3,1:40,1,40,1490,40,1,1,43700,46200,41900
1788608662,3,1:40,1,40,1493,40,1,1,43400,46900,41900
1788608663,3,1:40,1,40,1490,40,1,1,43500,46200,41800
1788608664,3,1:40,1,40,1490,40,1,1,43300,46900,41900
1788608665,3,1:40,1,40,1489,40,1,1,43500,46100,41900
1788608667,3,1:40,1,40,1492,40,1,1,43400,46200,41800
1788608668,3,1:40,1,40,1490,40,1,1,43300,46900,41900
1788608669,3,1:40,1,40,1491,40,1,1,43400,46200,41900
1788608670,3,1:40,1,40,1492,40,1,1,44000,45900,41900
1788608671,3,1:40,1,40,1490,40,1,1,43400,46100,41900
1788608673,3,1:40,1,40,1487,40,1,1,43900,46100,41900
1788608674,3,1:40,1,40,1487,40,1,1,43800,46000,41900
1788608675,3,1:40,1,40,1488,40,1,1,44000,46700,41900
1788608676,3,1:40,1,40,1490,40,1,1,43500,46100,41800
1788608678,3,1:40,1,40,1488,40,1,1,43800,46000,41800
1788608679,3,1:40,1,40,1490,40,1,1,44000,46000,41900
1788608680,3,1:40,1,40,1480,40,1,1,43800,46200,41900
1788608681,3,1:40,1,40,1488,40,1,1,43600,46100,41900
1788608682,3,1:40,1,40,1489,40,1,1,44000,46000,41900
1788608684,3,1:40,1,40,1490,40,1,1,43300,46900,41800
1788608685,3,1:40,1,40,1490,40,1,1,43300,46900,41900
1788608686,3,1:40,1,40,1492,40,1,1,43300,46100,41800
1788608687,3,1:40,1,40,1490,40,1,1,43900,46000,41900
1788608689,3,1:40,1,40,1487,40,1,1,43300,46900,41900
1788608690,3,1:40,1,40,1489,40,1,1,43500,46100,41900
1788608691,3,1:40,1,40,1490,40,1,1,43900,46000,41900
1788608692,3,1:40,1,40,1490,40,1,1,43500,46100,41900
1788608693,3,1:40,1,40,1490,40,1,1,43900,46000,41900
1788608695,3,1:40,1,40,1493,40,1,1,43300,46200,41900
1788608696,3,1:40,1,40,1489,40,1,1,43700,46100,42000
1788608697,3,1:40,1,40,1496,40,1,1,43300,46900,41900
1788608698,3,1:40,1,40,1489,40,1,1,43700,46100,41900
1788608700,3,1:40,1,40,1489,40,1,1,44100,46100,41900
1788608701,3,1:40,1,40,1487,40,1,1,43400,46800,42000
1788608702,3,1:40,1,40,1488,40,1,1,43600,46100,42000
1788608703,3,1:40,1,40,1490,40,1,1,43300,46900,42000
1788608705,3,1:40,1,40,1491,40,1,1,43400,46200,41900
1788608706,3,1:40,1,40,1489,40,1,1,43500,46100,41900
1788608707,3,1:40,1,40,1491,40,1,1,43900,46000,41800
1788608708,3,1:40,1,40,1479,40,1,1,43900,45900,41900
1788608709,3,1:40,1,40,1489,40,1,1,43300,46800,41900
1788608711,3,1:40,1,40,1489,40,1,1,43800,46100,41900
1788608712,3,1:40,1,40,1491,40,1,1,44000,45900,42000
1788608713,3,1:40,1,40,1489,40,1,1,43300,46800,41900
1788608714,3,1:40,1,40,1488,40,1,1,43700,46100,41900
1788608716,3,1:40,1,40,1490,40,1,1,43300,46900,41900
1788608717,3,1:40,1,40,1488,40,1,1,43500,46100,41900
1788608718,3,1:40,1,40,1491,40,1,1,43700,46100,41900
1788608719,3,1:40,1,40,1488,40,1,1,44000,46000,41900
1788608721,3,1:40,1,40,1489,40,1,1,43600,46100,41900
1788608722,3,1:40,1,40,1489,40,1,1,43500,46100,41800
1788608723,3,1:40,1,40,1489,40,1,1,43300,46200,41800
1788608724,3,1:40,1,40,1488,40,1,1,43700,46000,41800
1788608725,3,1:40,1,40,1487,40,1,1,44000,46000,41900
1788608727,3,1:40,1,40,1489,40,1,1,44000,46000,41900
1788608728,3,1:40,1,40,1488,40,1,1,43200,46800,41800
1788608729,3,1:40,1,40,1488,40,1,1,43800,46100,41900
1788608730,3,1:40,1,40,1489,40,1,1,43300,46900,41800
1788608732,3,1:40,1,40,1487,40,1,1,43700,46800,41800
1788608733,3,1:40,1,40,1489,40,1,1,43600,47100,42000
1788608734,3,1:40,1,40,1491,40,1,1,44000,46700,41900
1788608735,3,1:40,1,40,1486,40,1,1,43600,46100,42000
1788608736,3,1:40,1,40,1486,40,1,1,43300,46900,41900
1788608738,3,1:40,1,40,1485,40,1,1,43300,46800,41900
1788608739,3,1:40,1,40,1488,40,1,1,43900,45900,41900
1788608740,3,1:40,1,40,1490,40,1,1,43400,46300,41900
1788608741,3,1:40,1,40,1489,40,1,1,43200,46300,41900
1788608743,3,1:40,1,40,1491,40,1,1,43300,46000,41800
1788608744,3,1:40,1,40,1487,40,1,1,43400,46200,41900
1788608745,3,1:40,1,40,1488,40,1,1,43400,47000,42000
1788608746,3,1:40,1,40,1488,40,1,1,43300,46800,41900
1788608747,3,1:40,1,40,1488,40,1,1,43400,46800,41900
1788608749,3,1:40,1,40,1487,40,1,1,43800,46700,41900
1788608750,3,1:40,1,40,1489,40,1,1,43900,46000,41900
1788608751,3,1:40,1,40,1488,40,1,1,43100,46800,41900
1788608752,3,1:40,1,40,1485,40,1,1,43500,46200,41900
1788608754,3,1:40,1,40,1489,40,1,1,43900,46000,41900
1788608755,3,1:40,1,40,1490,40,1,1,43900,46000,41900
1788608756,3,1:40,1,40,1490,40,1,1,43800,46100,41900
1788608757,3,1:40,1,40,1490,40,1,1,43900,46000,41900
1788608758,3,1:40,1,40,1489,40,1,1,43900,45900,41900
1788608760,3,1:40,1,40,1487,40,1,1,43700,47100,41900
1788608761,3,1:40,1,40,1487,40,1,1,44400,47500,42400
1788608762,3,1:40,1,40,1490,40,1,1,43800,47300,42200
1788608763,3,1:40,1,40,1489,40,1,1,43700,46500,42100
1788608765,3,1:40,1,40,1490,40,1,1,43700,46300,42000
1788608766,3,1:40,1,40,1487,40,1,1,43500,46200,42000
1788608767,3,1:40,1,40,1491,40,1,1,43500,46200,41900
1788608768,3,1:40,1,40,1487,40,1,1,43500,46200,42000
1788608770,3,1:40,1,40,1488,40,1,1,44100,46100,41900
1788608771,3,1:40,1,40,1487,40,1,1,44000,46000,41900
1788608772,3,1:40,1,40,1488,40,1,1,43400,46800,41900
1788608773,3,1:40,1,40,1487,40,1,1,43600,46100,41900
1788608774,3,1:40,1,40,1490,40,1,1,43400,46200,41800
1788608776,3,1:40,1,40,1489,40,1,1,43500,46200,41900
1788608777,3,1:40,1,40,1489,40,1,1,43900,46000,41900
1788608778,3,1:40,1,40,1490,40,1,1,43300,46900,41900
1788608779,3,1:40,1,40,1487,40,1,1,43300,46900,41900
1788608781,3,1:40,1,40,1490,40,1,1,43400,46900,41900
1788608782,3,1:40,1,40,1488,40,1,1,43900,46200,41800
1788608783,3,1:40,1,40,1486,40,1,1,43900,46000,41900
1788608784,3,1:40,1,40,1487,40,1,1,43500,46200,41900
1788608785,3,1:40,1,40,1487,40,1,1,44000,46000,41900
1788608787,3,1:40,1,40,1487,40,1,1,43300,46800,41800
1788608788,3,1:40,1,40,1489,40,1,1,43500,46100,41900
1788608789,3,1:40,1,40,1489,40,1,1,43800,46100,41800
1788608790,3,1:40,1,40,1487,40,1,1,43700,46100,42000
1788608792,3,1:40,1,40,1491,40,1,1,43500,46100,42000
1788608793,3,1:40,1,40,1488,40,1,1,44000,46000,42000
1788608794,3,1:40,1,40,1489,40,1,1,45200,47500,42600
1788608795,3,1:40,1,40,1489,40,1,1,43400,47100,42100
1788608796,3,1:40,1,40,1487,40,1,1,44100,46000,42000
1788608798,3,1:40,1,40,1491,40,1,1,43600,46100,41900
1788608799,3,1:40,1,40,1490,40,1,1,43600,46100,41900
1788608800,3,1:40,1,40,1487,40,1,1,43600,46100,42000
1788608801,3,1:40,1,40,1489,40,1,1,43700,46100,42000
1788608803,3,1:40,1,40,1488,40,1,1,43500,46000,41900
1788608804,3,1:40,1,40,1489,40,1,1,43900,45900,41900
1788608805,3,1:40,1,40,1490,40,1,1,43600,46000,41900
1788608806,3,1:40,1,40,1488,40,1,1,43400,46900,41900
1788608807,3,1:40,1,40,1489,40,1,1,43700,46100,41900
1788608809,3,1:40,1,40,1486,40,1,1,43400,46300,41900
1788608810,3,1:40,1,40,1487,40,1,1,43500,46100,41900
1788608811,3,1:40,1,40,1487,40,1,1,43700,46100,42000
1788608812,3,1:40,1,40,1489,40,1,1,43500,46000,41800
1788608814,3,1:40,1,40,1487,40,1,1,43900,46000,41900
1788608815,3,1:40,1,40,1488,40,1,1,43300,46900,41800
1788608816,3,1:40,1,40,1487,40,1,1,43300,46400,41800
1788608817,3,1:40,1,40,1488,40,1,1,45300,47800,42600
1788608818,3,1:40,1,40,1487,40,1,1,44000,46300,42100
1788608820,3,1:40,1,40,1489,40,1,1,44100,46200,42100
1788608821,3,1:40,1,40,1487,40,1,1,43800,46100,42000
1788608822,3,1:40,1,40,1485,40,1,1,44000,46000,42000
1788608823,3,1:40,1,40,1489,40,1,1,44000,46000,42000
1788608825,3,1:40,1,40,1485,40,1,1,43600,46100,41900
1788608826,3,1:40,1,40,1486,40,1,1,43600,46100,42000
1788608827,3,1:40,1,40,1487,40,1,1,43700,46000,41900
1788608828,3,1:40,1,40,1487,40,1,1,43500,46100,41900
1788608829,3,1:40,1,40,1487,40,1,1,44000,46000,41900
1788608831,3,1:40,1,40,1487,40,1,1,43600,46200,42000
1788608832,3,1:40,1,40,1492,40,1,1,43600,46200,41900
1788608833,3,1:40,1,40,1487,40,1,1,43500,46100,41900
1788608834,3,1:40,1,40,1488,40,1,1,44000,46100,42000
1788608836,3,1:40,1,40,1489,40,1,1,43400,46000,41800
1788608837,3,1:40,1,40,1492,40,1,1,43500,46100,41900
1788608838,3,1:40,1,40,1487,40,1,1,43600,46100,41800
1788608839,3,1:40,1,40,1485,40,1,1,43400,46100,41900
1788608841,3,1:40,1,40,1490,40,1,1,43700,46100,41900
1788608842,3,1:40,1,40,1490,40,1,1,43600,46100,41900
1788608843,3,1:40,1,40,1487,40,1,1,44800,48000,42300
1788608844,3,1:40,1,40,1486,40,1,1,43500,47000,41900
1788608845,3,1:40,1,40,1489,40,1,1,43700,46100,41900
1788608847,3,1:40,1,40,1489,40,1,1,43700,46100,41900
1788608848,3,1:40,1,40,1489,40,1,1,44000,46200,42000
1788608849,3,1:40,1,40,1491,40,1,1,44000,46100,42000
1788608850,3,1:40,1,40,1487,40,1,1,44100,46100,42000
1788608852,3,1:40,1,40,1490,40,1,1,44000,46100,41900
1788608853,3,1:40,1,40,1489,40,1,1,43700,46100,41900
1788608854,3,1:40,1,40,1487,40,1,1,43700,46100,42000
1788608855,3,1:40,1,40,1491,40,1,1,43600,46200,41900
1788608856,3,1:40,1,40,1488,40,1,1,44000,46000,41900
1788608858,3,1:40,1,40,1487,40,1,1,44000,46000,42000
1788608859,3,1:40,1,40,1486,40,1,1,44000,46000,42000
1788608860,3,1:40,1,40,1490,40,1,1,43600,46100,41900
1788608861,3,1:40,1,40,1491,40,1,1,43600,46100,42000
1788608863,3,1:40,1,40,1487,40,1,1,44000,46000,41900
1788608864,3,1:40,1,40,1488,40,1,1,43900,46100,41900
1788608865,3,1:40,1,40,1488,40,1,1,43300,46900,41900
1788608866,3,1:40,1,40,1487,40,1,1,43600,46100,41900
1788608867,3,1:40,1,40,1487,40,1,1,44000,46600,42100
1788608869,3,1:40,1,40,1488,40,1,1,45600,48300,42300
1788608870,3,1:40,1,40,1487,40,1,1,46800,48800,43200
1788608871,3,1:40,1,40,1487,40,1,1,47100,49500,43400
1788608872,3,1:40,1,40,1490,40,1,1,47100,49000,43500
1788608873,3,1:40,1,40,1487,40,1,1,47200,49300,43600
1788608875,3,1:40,1,40,1487,40,1,1,47100,49900,43800
1788608876,3,1:40,1,40,1489,40,1,1,47100,50000,43800
1788608877,3,1:40,1,40,1491,40,1,1,45000,47400,43200
1788608878,3,1:40,1,40,1487,40,1,1,44400,46900,42600
1788608879,3,1:40,1,40,1487,40,1,1,44300,46700,42500
1788608881,3,1:40,1,40,1489,40,1,1,44100,46600,42400
1788608882,3,1:40,1,40,1489,40,1,1,44000,46600,42400
1788608883,3,1:40,1,40,1488,40,1,1,43800,46500,42300
1788608884,3,1:40,1,40,1490,40,1,1,43900,46500,42200
1788608886,3,1:40,1,40,1489,40,1,1,43800,46500,42100
1788608887,3,1:40,1,40,1490,40,1,1,43800,46400,42200
1788608888,3,1:40,1,40,1486,40,1,1,43700,46300,42200
1788608889,3,1:40,1,40,1489,40,1,1,43800,46400,42200
1788608891,3,1:40,1,40,1486,40,1,1,43900,46400,42200
1788608892,3,1:40,1,40,1486,40,1,1,43700,46400,42100
1788608893,3,1:40,1,40,1489,40,1,1,43900,46400,42100
1788608894,3,1:40,1,40,1488,40,1,1,43400,47100,42100
1788608895,3,1:40,1,40,1488,40,1,1,43800,46300,42100
1788608897,3,1:40,1,40,1486,40,1,1,43700,46300,42000
1788608898,3,1:40,1,40,1487,40,1,1,43600,46400,42100
1788608899,3,1:40,1,40,1485,40,1,1,43700,46800,42100
1788608900,3,1:40,1,40,1487,40,1,1,43700,46600,42000
1788608902,3,1:40,1,40,1487,40,1,1,43700,46200,42000
1788608903,3,1:40,1,40,1486,40,1,1,43600,46200,42000
1788608904,3,1:40,1,40,1487,40,1,1,43600,46300,42000
1788608905,3,1:40,1,40,1488,40,1,1,43700,46300,42000
1788608906,3,1:40,1,40,1487,40,1,1,43700,46200,42000
1788608908,3,1:40,1,40,1489,40,1,1,43800,46300,42000
1788608909,3,1:40,1,40,1487,40,1,1,43400,46900,42000
1788608910,3,1:40,1,40,1487,40,1,1,43600,46300,42100
1788608911,3,1:40,1,40,1487,40,1,1,43700,46200,42000
1788608913,3,1:40,1,40,1486,40,1,1,43900,46500,42100
1788608914,3,1:40,1,40,1488,40,1,1,43600,46300,41900
1788608915,3,1:40,1,40,1486,40,1,1,43600,46200,42000
1788608916,3,1:40,1,40,1488,40,1,1,43500,46200,42000
1788608917,3,1:40,1,40,1487,40,1,1,43600,46200,41900
1788608919,3,1:40,1,40,1486,40,1,1,43600,46200,42000
1788608920,3,1:40,1,40,1490,40,1,1,43500,46300,41900
1788608921,3,1:40,1,40,1487,40,1,1,43400,47000,41900
1788608922,3,1:40,1,40,1489,40,1,1,43600,46300,41900
1788608924,3,1:40,1,40,1488,40,1,1,43700,46200,41900
1788608925,3,1:40,1,40,1487,40,1,1,43700,46800,42000
1788608926,3,1:40,1,40,1490,40,1,1,43400,47000,41900
1788608927,3,1:40,1,40,1487,40,1,1,43500,46400,41900
1788608929,3,1:40,1,40,1486,40,1,1,43300,46900,41900
1788608930,3,1:40,1,40,1485,40,1,1,43600,46200,41900
1788608931,3,1:40,1,40,1485,40,1,1,43600,46300,41900
1788608932,3,1:40,1,40,1489,40,1,1,43500,46900,41900
1788608933,3,1:40,1,40,1489,40,1,1,43300,46900,41900
1788608935,3,1:40,1,40,1487,40,1,1,43500,46100,41900
1788608936,3,1:40,1,40,1487,40,1,1,43400,46900,42000
1788608937,3,1:40,1,40,1488,40,1,1,43400,46100,42000
1788608938,3,1:40,1,40,1485,40,1,1,43600,46100,41900
1788608940,3,1:40,1,40,1477,40,1,1,43700,46200,41900
1788608941,3,1:40,1,40,1490,40,1,1,43400,46200,42000
1788608942,3,1:40,1,40,1489,40,1,1,44000,46600,42200
1788608943,3,1:40,1,40,1486,40,1,1,43700,46300,42000
1788608944,3,1:40,1,40,1484,40,1,1,43600,46300,42000
1788608946,3,1:40,1,40,1487,40,1,1,43600,46300,42000
1788608947,3,1:40,1,40,1486,40,1,1,43600,46100,42000
1788608948,3,1:40,1,40,1488,40,1,1,43600,46100,42000
1788608949,3,1:40,1,40,1487,40,1,1,43600,46200,42000
1788608951,3,1:40,1,40,1485,40,1,1,43600,46300,42000
1788608952,3,1:40,1,40,1486,40,1,1,43400,47000,41900
1788608953,3,1:40,1,40,1487,40,1,1,43600,46200,42000
1788608954,3,1:40,1,40,1489,40,1,1,43600,46000,42000
1788608955,3,1:40,1,40,1487,40,1,1,43600,46200,42000
1788608957,3,1:40,1,40,1487,40,1,1,43600,46400,41900
1788608958,3,1:40,1,40,1486,40,1,1,43600,46200,42000
1788608959,3,1:40,1,40,1487,40,1,1,44000,45900,42000
1788608960,3,1:40,1,40,1485,40,1,1,44000,46000,42000
1788608962,3,1:40,1,40,1486,40,1,1,43600,46200,42000
1788608963,3,1:40,1,40,1488,40,1,1,43300,46200,42000
1788608964,3,1:40,1,40,1490,40,1,1,43600,46100,42000
1788608965,3,1:40,1,40,1487,40,1,1,43600,46100,41900
1788608967,3,1:40,1,40,1487,40,1,1,43400,46100,42000
1788608968,3,1:40,1,40,1487,40,1,1,43500,46200,41900
1788608969,3,1:40,1,40,1486,40,1,1,43500,46100,42000
1788608970,3,1:40,1,40,1491,40,1,1,43500,46800,41900
1788608971,3,1:40,1,40,1490,40,1,1,43400,46000,41900
1788608973,3,1:40,1,40,1488,40,1,1,43700,46100,41900
1788608974,3,1:40,1,40,1479,40,1,1,43500,46200,41900
1788608975,3,1:40,1,40,1487,40,1,1,43500,46100,41900
1788608976,3,1:40,1,40,1488,40,1,1,43700,46300,42000
1788608978,3,1:40,1,40,1488,40,1,1,43600,46100,41900
1788608979,3,1:40,1,40,1483,40,1,1,43600,46200,41900
1788608980,3,1:40,1,40,1489,40,1,1,43700,46200,41900
1788608981,3,1:40,1,40,1488,40,1,1,43600,46200,41900
1788608982,3,1:40,1,40,1487,40,1,1,43500,46100,41900
1788608984,3,1:40,1,40,1485,40,1,1,43600,46200,41900
1788608985,3,1:40,1,40,1486,40,1,1,43600,46400,42000
1788608986,3,1:40,1,40,1479,40,1,1,43500,46200,42000
1788608987,3,1:40,1,40,1486,40,1,1,44000,46100,41900
1788608988,3,1:40,1,40,1488,40,1,1,44000,46200,41900
1788608990,3,1:40,1,40,1485,40,1,1,44000,46100,41900
1788608991,3,1:40,1,40,1489,40,1,1,43500,46100,41900
1788608992,3,1:40,1,40,1487,40,1,1,43500,46200,41900
1788608993,3,1:40,1,40,1488,40,1,1,43500,46200,41900
1788608995,3,1:40,1,40,1486,40,1,1,43600,46100,42000
1788608996,3,1:40,1,40,1486,40,1,1,43600,46700,41900
1788608997,3,1:40,1,40,1488,40,1,1,43700,46200,42000
1788608998,3,1:40,1,40,1487,40,1,1,43400,46800,41900
1788608999,3,1:40,1,40,1489,40,1,1,43500,46100,41900
1788609001,3,1:40,1,40,1486,40,1,1,43500,46200,42000
1788609002,3,1:40,1,40,1486,40,1,1,43700,46400,42100
1788609003,3,1:40,1,40,1485,40,1,1,43500,46200,42000
1788609004,3,1:40,1,40,1487,40,1,1,43600,46100,42000
1788609006,3,1:40,1,40,1487,40,1,1,43500,46300,41900
1788609007,3,1:40,1,40,1486,40,1,1,43500,46300,41800
1788609008,3,1:40,1,40,1486,40,1,1,43600,46200,41900
1788609009,3,1:40,1,40,1485,40,1,1,43300,46800,41900
1788609011,3,1:40,1,40,1486,40,1,1,43600,46100,41900
1788609012,3,1:40,1,40,1485,40,1,1,43800,47100,41900
1788609013,3,1:40,1,40,1489,40,1,1,43700,46200,42000
1788609014,3,1:40,1,40,1486,40,1,1,43600,46200,42000
1788609015,3,1:40,1,40,1489,40,1,1,43600,46100,41900
1788609017,3,1:40,1,40,1485,40,1,1,43600,46500,42000
1788609018,3,1:40,1,40,1486,40,1,1,43800,46100,42000
1788609019,3,1:40,1,40,1485,40,1,1,43600,46100,42000
1788609020,3,1:40,1,40,1486,40,1,1,43600,46200,41900
1788609022,3,1:40,1,40,1488,40,1,1,43600,46200,42000
1788609023,3,1:40,1,40,1487,40,1,1,43600,46200,42000
1788609024,3,1:40,1,40,1488,40,1,1,43500,46200,41900
1788609025,3,1:40,1,40,1485,40,1,1,43600,46400,42000
1788609026,3,1:40,1,40,1488,40,1,1,43400,46100,41900
1788609028,3,1:40,1,40,1487,40,1,1,43500,46800,41900
1788609029,3,1:40,1,40,1488,40,1,1,43600,46100,41900
1788609030,3,1:40,1,40,1488,40,1,1,43400,46300,41900
1788609031,3,1:40,1,40,1489,40,1,1,43600,46200,42000
1788609032,3,1:40,1,40,1483,40,1,1,43700,46200,42000
1788609034,3,1:40,1,40,1487,40,1,1,43300,46900,41900
1788609035,3,1:40,1,40,1489,40,1,1,43400,46200,42000
1788609036,4,1:30,1,30,1488,30,1,1,43700,47000,42000
1788609037,4,1:30,1,30,1485,30,1,1,43700,46200,42100
1788609039,4,1:30,1,30,1485,30,1,1,43600,46300,42000
1788609040,4,1:30,1,30,1490,30,1,1,43900,46100,42000
1788609041,4,1:30,1,30,1489,30,1,1,43700,46200,42000
1788609042,4,1:30,1,30,1487,30,1,1,43400,46200,41900
1788609044,4,1:30,1,30,1486,30,1,1,43900,46100,42000
1788609045,4,1:30,1,30,1485,30,1,1,43800,46300,42100
1788609046,4,1:30,1,30,1484,30,1,1,43500,46400,41900
1788609047,4,1:30,1,30,1486,30,1,1,43500,46800,41900
1788609048,4,1:30,1,30,1478,30,1,1,43400,46900,41900
1788609050,4,1:30,1,30,1481,30,1,1,44000,46200,42100
1788609051,4,1:30,1,30,1480,30,1,1,43800,46300,42100
1788609052,4,1:30,1,30,1479,30,1,1,44100,46100,42000
1788609053,4,1:30,1,30,1481,30,1,1,43600,46300,42000
1788609054,4,1:30,1,30,1478,30,1,1,43800,46100,42000
1788609056,4,1:30,1,30,1478,30,1,1,43400,47000,42000
1788609057,4,1:30,1,30,1476,30,1,1,44300,46400,42200
1788609058,4,1:30,1,30,1474,30,1,1,43700,46900,42100
1788609059,4,1:30,1,30,1474,30,1,1,43800,46300,42100
1788609061,4,1:30,1,30,1473,30,1,1,43800,46900,42100
1788609062,4,1:30,1,30,1471,30,1,1,43500,47100,42100
1788609063,4,1:30,1,30,1471,30,1,1,43800,46400,42200
1788609064,4,1:30,1,30,1461,30,1,1,43800,47000,42100
1788609066,4,1:30,1,30,1470,30,1,1,44200,46200,42200
1788609067,4,1:30,1,30,1469,30,1,1,43900,46400,42200
1788609068,4,1:30,1,30,1468,30,1,1,43600,46600,42200
1788609069,4,1:30,1,30,1470,30,1,1,43700,46400,42100
1788609070,4,1:30,1,30,1469,30,1,1,43900,46300,42300
1788609072,4,1:30,1,30,1469,30,1,1,43500,47200,42200
1788609073,4,1:30,1,30,1466,30,1,1,43900,46800,42300
1788609074,4,1:30,1,30,1467,30,1,1,43800,46500,42200
1788609075,4,1:30,1,30,1463,30,1,1,43900,46500,42300
1788609077,4,1:30,1,30,1466,30,1,1,44000,46600,42300
1788609078,4,1:30,1,30,1463,30,1,1,44000,46900,42400
1788609079,4,1:30,1,30,1463,30,1,1,44000,46600,42400
1788609080,4,1:30,1,30,1465,30,1,1,43800,46900,42400
1788609081,4,1:30,1,30,1463,30,1,1,44000,46600,42400
1788609083,4,1:30,1,30,1463,30,1,1,43900,47300,42300
1788609084,4,1:30,1,30,1460,30,1,1,43700,47300,42400
1788609085,4,1:30,1,30,1460,30,1,1,43800,46800,42300
1788609086,4,1:30,1,30,1458,30,1,1,44000,46600,42400
1788609088,4,1:30,1,30,1458,30,1,1,43800,47400,42400
1788609089,4,1:30,1,30,1458,30,1,1,44100,46600,42400
1788609090,4,1:30,1,30,1459,30,1,1,44100,46800,42500
1788609091,4,1:30,1,30,1458,30,1,1,43800,47400,42400
1788609092,4,1:30,1,30,1459,30,1,1,44100,46600,42400
1788609094,4,1:30,1,30,1458,30,1,1,44100,46600,42500
1788609095,4,1:30,1,30,1457,30,1,1,44100,46600,42500
1788609096,4,1:30,1,30,1455,30,1,1,44100,46600,42500
1788609097,4,1:30,1,30,1452,30,1,1,44600,47200,42700
1788609099,4,1:30,1,30,1455,30,1,1,44200,46800,42600
1788609100,4,1:30,1,30,1453,30,1,1,44000,47400,42500
1788609101,4,1:30,1,30,1452,30,1,1,44300,46800,42600
1788609102,4,1:30,1,30,1453,30,1,1,44100,46800,42500
1788609103,4,1:30,1,30,1452,30,1,1,44800,46800,42600
1788609105,4,1:30,1,30,1450,30,1,1,44200,46800,42500
1788609106,4,1:30,1,30,1451,30,1,1,44300,46900,42600
1788609107,4,1:30,1,30,1452,30,1,1,44200,46900,42600
1788609108,4,1:30,1,30,1449,30,1,1,44300,47000,42600
1788609110,4,1:30,1,30,1451,30,1,1,44200,47500,42600
1788609111,4,1:30,1,30,1450,30,1,1,44000,47600,42600
1788609112,4,1:30,1,30,1450,30,1,1,44100,47600,42600
1788609113,4,1:30,1,30,1446,30,1,1,44000,47700,42600
1788609114,4,1:30,1,30,1448,30,1,1,44700,46700,42600
1788609116,4,1:30,1,30,1448,30,1,1,44800,46900,42700
1788609117,4,1:30,1,30,1445,30,1,1,44700,46800,42700
1788609118,4,1:30,1,30,1446,30,1,1,44400,47000,42700
1788609119,4,1:30,1,30,1448,30,1,1,44400,47000,42700
1788609121,4,1:30,1,30,1446,30,1,1,44400,47000,42800
1788609122,4,1:30,1,30,1446,30,1,1,44300,47000,42700
1788609123,4,1:30,1,30,1445,30,1,1,44000,47700,42700
1788609124,4,1:30,1,30,1445,30,1,1,44400,46900,42800
1788609126,4,1:30,1,30,1444,30,1,1,44400,46900,42800
1788609127,4,1:30,1,30,1445,30,1,1,44200,47700,42700
1788609128,4,1:30,1,30,1443,30,1,1,44400,47000,42700
1788609129,4,1:30,1,30,1441,30,1,1,44400,46900,42800
1788609130,4,1:30,1,30,1444,30,1,1,44500,47100,42800
1788609132,4,1:30,1,30,1444,30,1,1,44500,47000,42800
1788609133,4,1:30,1,30,1443,30,1,1,44400,47000,42900
1788609134,4,1:30,1,30,1441,30,1,1,44900,47600,42900
1788609135,4,1:30,1,30,1442,30,1,1,44800,47000,42800
1788609137,4,1:30,1,30,1439,30,1,1,44500,47900,42900
1788609138,4,1:30,1,30,1439,30,1,1,45400,47500,43000
1788609139,4,1:30,1,30,1439,30,1,1,45000,47000,42900
1788609140,4,1:30,1,30,1438,30,1,1,44500,47000,42900
1788609141,4,1:30,1,30,1440,30,1,1,44300,47900,42900
1788609143,4,1:30,1,30,1438,30,1,1,44500,47100,42900
1788609144,4,1:30,1,30,1438,30,1,1,44800,47000,42900
1788609145,4,1:30,1,30,1441,30,1,1,45000,47100,43000
1788609146,4,1:30,1,30,1437,30,1,1,44600,47200,43000
1788609148,4,1:30,1,30,1442,30,1,1,44500,47100,43000
1788609149,4,1:30,1,30,1435,30,1,1,44500,47100,43000
1788609150,4,1:30,1,30,1436,30,1,1,44500,47900,42900
1788609151,4,1:30,1,30,1437,30,1,1,44300,48000,42900
1788609152,4,1:30,1,30,1433,30,1,1,44600,47100,42900
1788609154,4,1:30,1,30,1435,30,1,1,44400,47900,42900
1788609155,4,1:30,1,30,1435,30,1,1,44700,47800,43000
1788609156,4,1:30,1,30,1434,30,1,1,44700,47200,43000
1788609157,4,1:30,1,30,1435,30,1,1,44700,47200,43000
1788609159,4,1:30,1,30,1433,30,1,1,44700,47900,43100
1788609160,4,1:30,1,30,1438,30,1,1,44500,47400,43000
1788609161,4,1:30,1,30,1432,30,1,1,44700,47400,43000
1788609162,4,1:30,1,30,1432,30,1,1,44600,47300,43000
1788609163,4,1:30,1,30,1435,30,1,1,44900,48000,43000
1788609165,4,1:30,1,30,1433,30,1,1,44500,48100,43000
1788609166,4,1:30,1,30,1431,30,1,1,44600,47400,43100
1788609167,4,1:30,1,30,1431,30,1,1,44900,47300,43100
1788609168,4,1:30,1,30,1430,30,1,1,44700,47400,43000
1788609170,4,1:30,1,30,1431,30,1,1,44500,48100,43100
1788609171,4,1:30,1,30,1431,30,1,1,44600,47500,43000
1788609172,4,1:30,1,30,1431,30,1,1,44800,47300,43100
1788609173,4,1:30,1,30,1430,30,1,1,44500,48100,43100
1788609175,4,1:30,1,30,1430,30,1,1,44700,47300,43100
1788609176,4,1:30,1,30,1431,30,1,1,44800,47400,43200
1788609177,4,1:30,1,30,1429,30,1,1,44700,47800,43100
1788609178,4,1:30,1,30,1428,30,1,1,45300,47900,43300
1788609179,4,1:30,1,30,1429,30,1,1,44900,48600,43200
1788609181,4,1:30,1,30,1429,30,1,1,45300,47500,43200
1788609182,4,1:30,1,30,1430,30,1,1,45300,47300,43200
1788609183,4,1:30,1,30,1428,30,1,1,44800,47400,43300
1788609184,4,1:30,1,30,1425,30,1,1,44900,47500,43200
1788609186,4,1:30,1,30,1432,30,1,1,44900,47700,43300
1788609187,4,1:30,1,30,1427,30,1,1,44800,47500,43200
1788609188,4,1:30,1,30,1428,30,1,1,44800,47500,43200
1788609189,4,1:30,1,30,1425,30,1,1,44700,48300,43200
1788609190,4,1:30,1,30,1427,30,1,1,45000,47400,43300
1788609192,4,1:30,1,30,1425,30,1,1,44900,47400,43200
1788609193,4,1:30,1,30,1424,30,1,1,44800,47500,43200
1788609194,4,1:30,1,30,1423,30,1,1,44900,47500,43200
1788609195,4,1:30,1,30,1430,30,1,1,44900,47600,43200
1788609197,4,1:30,1,30,1426,30,1,1,45300,47300,43200
1788609198,4,1:30,1,30,1424,30,1,1,45400,47400,43200
1788609199,4,1:30,1,30,1423,30,1,1,45400,47500,43400
1788609200,4,1:30,1,30,1423,30,1,1,44900,47600,43200
1788609201,4,1:30,1,30,1423,30,1,1,44700,47800,43300
1788609203,4,1:30,1,30,1424,30,1,1,45100,47500,43400
1788609204,4,1:30,1,30,1424,30,1,1,45400,47500,43300
1788609205,4,1:30,1,30,1423,30,1,1,45400,47500,43300
1788609206,4,1:30,1,30,1422,30,1,1,45400,47500,43300
1788609208,4,1:30,1,30,1424,30,1,1,44800,48300,43300
1788609209,4,1:30,1,30,1424,30,1,1,44800,47600,43300
1788609210,4,1:30,1,30,1422,30,1,1,44800,47700,43300
1788609211,4,1:30,1,30,1418,30,1,1,45000,47700,43400
1788609213,4,1:30,1,30,1418,30,1,1,44800,48300,43400
1788609214,4,1:30,1,30,1422,30,1,1,44800,48400,43400
1788609215,4,1:30,1,30,1422,30,1,1,45100,47600,43400
1788609216,4,1:30,1,30,1419,30,1,1,44800,48400,43400
1788609217,4,1:30,1,30,1421,30,1,1,45000,48300,43400
1788609219,4,1:30,1,30,1420,30,1,1,45200,48700,43400
1788609220,4,1:30,1,30,1420,30,1,1,45500,47600,43400
1788609221,4,1:30,1,30,1420,30,1,1,45200,47700,43500
1788609222,4,1:30,1,30,1419,30,1,1,45000,47700,43400
1788609224,4,1:30,1,30,1421,30,1,1,45300,47800,43500
1788609225,4,1:30,1,30,1419,30,1,1,45100,47600,43400
1788609226,4,1:30,1,30,1419,30,1,1,45200,47600,43500
1788609227,4,1:30,1,30,1418,30,1,1,45100,47700,43400
1788609228,4,1:30,1,30,1417,30,1,1,45100,47800,43500
1788609230,4,1:30,1,30,1419,30,1,1,45200,47800,43500
1788609231,4,1:30,1,30,1417,30,1,1,45200,47800,43400
1788609232,4,1:30,1,30,1418,30,1,1,45100,47700,43500
1788609233,4,1:30,1,30,1417,30,1,1,45200,47800,43500
1788609235,4,1:30,1,30,1418,30,1,1,45100,47600,43500
1788609236,4,1:30,1,30,1418,30,1,1,44900,48600,43500
1788609237,4,1:30,1,30,1416,30,1,1,45100,47700,43500
1788609238,4,1:30,1,30,1419,30,1,1,45200,47800,43500
1788609239,4,1:30,1,30,1417,30,1,1,45400,47800,43600
1788609241,4,1:30,1,30,1415,30,1,1,45300,47700,43600
1788609242,4,1:30,1,30,1415,30,1,1,45300,47700,43600
1788609243,4,1:30,1,30,1415,30,1,1,45200,47700,43500
1788609244,4,1:30,1,30,1418,30,1,1,45200,47700,43500
1788609246,4,1:30,1,30,1416,30,1,1,45300,47800,43500
1788609247,4,1:30,1,30,1416,30,1,1,45100,47800,43500
1788609248,4,1:30,1,30,1415,30,1,1,45300,47800,43500
1788609249,4,1:30,1,30,1413,30,1,1,45200,47800,43500
1788609250,4,1:30,1,30,1414,30,1,1,45100,48500,43500
1788609252,4,1:30,1,30,1415,30,1,1,44900,48600,43500
1788609253,4,1:30,1,30,1413,30,1,1,45200,47700,43600
1788609254,4,1:30,1,30,1413,30,1,1,45300,47800,43600
1788609255,4,1:30,1,30,1413,30,1,1,45300,47700,43600
1788609257,4,1:30,1,30,1414,30,1,1,45500,47600,43600
1788609258,4,1:30,1,30,1412,30,1,1,45400,47800,43600
1788609259,4,1:30,1,30,1414,30,1,1,45300,47800,43600
1788609260,4,1:30,1,30,1414,30,1,1,45200,47800,43600
1788609262,4,1:30,1,30,1412,30,1,1,45200,47800,43600
1788609263,4,1:30,1,30,1414,30,1,1,45300,47800,43600
1788609264,4,1:30,1,30,1413,30,1,1,45400,47800,43600
1788609265,4,1:30,1,30,1414,30,1,1,45700,47800,43600
1788609266,4,1:30,1,30,1414,30,1,1,45300,47800,43700
1788609268,4,1:30,1,30,1413,30,1,1,45300,47800,43600
1788609269,4,1:30,1,30,1410,30,1,1,45400,47800,43700
1788609270,4,1:30,1,30,1411,30,1,1,45800,47800,43600
1788609271,4,1:30,1,30,1412,30,1,1,45400,47800,43700
1788609273,4,1:30,1,30,1403,30,1,1,45300,47800,43600
1788609274,4,1:30,1,30,1411,30,1,1,45300,47800,43600
1788609275,4,1:30,1,30,1409,30,1,1,45300,47800,43700
1788609276,4,1:30,1,30,1409,30,1,1,45100,48700,43700
1788609278,4,1:30,1,30,1413,30,1,1,45300,47800,43600
1788609279,4,1:30,1,30,1410,30,1,1,45400,47900,43700
1788609280,4,1:30,1,30,1412,30,1,1,45500,48100,43800
1788609281,4,1:30,1,30,1406,30,1,1,45300,48000,43700
1788609282,4,1:30,1,30,1410,30,1,1,45300,47900,43700
1788609284,4,1:30,1,30,1411,30,1,1,45300,47900,43600
1788609285,4,1:30,1,30,1410,30,1,1,45300,48000,43700
1788609286,4,1:30,1,30,1409,30,1,1,45300,48000,43700
1788609287,4,1:30,1,30,1410,30,1,1,45400,47900,43700
1788609289,4,1:30,1,30,1410,30,1,1,45700,47800,43700
1788609290,4,1:30,1,30,1410,30,1,1,45400,47900,43700
1788609291,4,1:30,1,30,1411,30,1,1,45500,47900,43800
1788609292,4,1:30,1,30,1406,30,1,1,45600,48000,43800
1788609293,4,1:30,1,30,1407,30,1,1,45900,48000,43700
1788609295,4,1:30,1,30,1409,30,1,1,45400,48000,43700
1788609296,4,1:30,1,30,1409,30,1,1,45300,48800,43700
1788609297,4,1:30,1,30,1406,30,1,1,45200,48900,43700
1788609298,4,1:30,1,30,1410,30,1,1,45300,48800,43700
1788609300,4,1:30,1,30,1406,30,1,1,46200,48900,43800
1788609301,4,1:30,1,30,1406,30,1,1,45600,48200,43800
1788609302,4,1:30,1,30,1410,30,1,1,45400,48000,43800
1788609303,4,1:30,1,30,1410,30,1,1,45600,48000,43800
1788609305,4,1:30,1,30,1409,30,1,1,45400,48000,43800
1788609306,4,1:30,1,30,1405,30,1,1,45500,48000,43900
1788609307,4,1:30,1,30,1404,30,1,1,45800,48200,43800
1788609308,4,1:30,1,30,1406,30,1,1,45500,48100,43800
1788609309,4,1:30,1,30,1403,30,1,1,45400,48000,43800
1788609311,4,1:30,1,30,1404,30,1,1,45900,47800,43700
1788609312,4,1:30,1,30,1403,30,1,1,45300,48000,43700
1788609313,4,1:30,1,30,1404,30,1,1,45900,48600,43800
1788609314,4,1:30,1,30,1405,30,1,1,45500,48700,43800
1788609316,4,1:30,1,30,1404,30,1,1,45300,48900,43800
1788609317,4,1:30,1,30,1404,30,1,1,45400,48100,43900
1788609318,4,1:30,1,30,1405,30,1,1,45500,48100,43900
1788609319,4,1:30,1,30,1402,30,1,1,45400,48300,43800
1788609320,4,1:30,1,30,1403,30,1,1,45700,48200,44000
1788609322,4,1:30,1,30,1403,30,1,1,45400,48100,43800
1788609323,4,1:30,1,30,1404,30,1,1,45500,48100,43900
1788609324,4,1:30,1,30,1401,30,1,1,45300,48400,43800
1788609325,4,1:30,1,30,1404,30,1,1,45600,48100,43900
1788609327,4,1:30,1,30,1402,30,1,1,45500,48200,43800
1788609328,4,1:30,1,30,1404,30,1,1,45900,48200,43900
1788609329,4,1:30,1,30,1402,30,1,1,45600,48100,43900
1788609330,4,1:30,1,30,1401,30,1,1,45600,48100,43800
1788609331,4,1:30,1,30,1401,30,1,1,45500,48100,43800
1788609333,4,1:30,1,30,1401,30,1,1,45300,48900,43800
1788609334,4,1:30,1,30,1401,30,1,1,45500,48100,43800
1788609335,4,1:30,1,30,1405,30,1,1,45600,48100,43900
1788609336,4,1:30,1,30,1401,30,1,1,45500,48200,43900
1788609338,4,1:30,1,30,1401,30,1,1,45800,48100,43900
1788609339,4,1:30,1,30,1399,30,1,1,45600,48200,43800
1788609340,4,1:30,1,30,1399,30,1,1,45500,48200,43900
1788609341,4,1:30,1,30,1401,30,1,1,45400,49000,43900
1788609342,4,1:30,1,30,1403,30,1,1,45600,48200,43900
1788609344,4,1:30,1,30,1402,30,1,1,45600,48300,43900
1788609345,4,1:30,1,30,1401,30,1,1,45600,48200,43900
1788609346,4,1:30,1,30,1398,30,1,1,45500,48200,43900
1788609347,4,1:30,1,30,1400,30,1,1,45800,48200,44000
1788609349,4,1:30,1,30,1399,30,1,1,45500,48300,44000
1788609350,4,1:30,1,30,1401,30,1,1,45600,48100,43900
1788609351,4,1:30,1,30,1402,30,1,1,45600,48300,44000
1788609352,4,1:30,1,30,1401,30,1,1,45600,48200,44000
1788609353,4,1:30,1,30,1398,30,1,1,45500,48200,43900
1788609355,4,1:30,1,30,1399,30,1,1,45500,48200,43900
1788609356,4,1:30,1,30,1399,30,1,1,45700,48200,44000
1788609357,4,1:30,1,30,1399,30,1,1,45500,48200,43900
1788609358,4,1:30,1,30,1398,30,1,1,46100,48500,44100
1788609360,4,1:30,1,30,1398,30,1,1,45500,49300,44100
1788609361,4,1:30,1,30,1398,30,1,1,46100,48300,44100
1788609362,4,1:30,1,30,1400,30,1,1,45800,48400,44000
1788609363,4,1:30,1,30,1397,30,1,1,45900,48200,44000
1788609364,4,1:30,1,30,1397,30,1,1,45800,48200,44000
1788609366,4,1:30,1,30,1397,30,1,1,45600,48300,44000
1788609367,4,1:30,1,30,1396,30,1,1,45700,48200,44100
1788609368,4,1:30,1,30,1398,30,1,1,45500,48400,44100
1788609369,4,1:30,1,30,1397,30,1,1,45800,48200,44100
1788609371,4,1:30,1,30,1397,30,1,1,45800,48200,44100
1788609372,4,1:30,1,30,1398,30,1,1,45500,48400,44100
1788609373,4,1:30,1,30,1399,30,1,1,46100,48100,44000
1788609374,4,1:30,1,30,1398,30,1,1,46100,48100,44000
1788609376,4,1:30,1,30,1396,30,1,1,46100,48200,44000
1788609377,4,1:30,1,30,1395,30,1,1,45700,48800,44100
1788609378,4,1:30,1,30,1396,30,1,1,45700,48400,44000
1788609379,4,1:30,1,30,1396,30,1,1,45600,49000,44100
1788609380,4,1:30,1,30,1398,30,1,1,45800,48200,44000
1788609382,4,1:30,1,30,1395,30,1,1,46300,48400,44200
1788609383,4,1:30,1,30,1398,30,1,1,45700,48300,44100
1788609384,4,1:30,1,30,1395,30,1,1,45600,48300,44100
1788609385,4,1:30,1,30,1395,30,1,1,46200,48300,44100
1788609386,4,1:30,1,30,1395,30,1,1,45800,48300,44200
1788609388,4,1:30,1,30,1395,30,1,1,46200,48200,44100
1788609389,4,1:30,1,30,1390,30,1,1,45800,48900,44100
1788609390,4,1:30,1,30,1397,30,1,1,45800,48100,44100
1788609391,4,1:30,1,30,1395,30,1,1,45500,49100,44100
1788609393,4,1:30,1,30,1395,30,1,1,45800,48400,44100
1788609394,4,1:30,1,30,1394,30,1,1,45800,48400,44100
1788609395,4,1:30,1,30,1397,30,1,1,45900,48300,44200
1788609396,4,1:30,1,30,1395,30,1,1,45800,48300,44100
1788609397,4,1:30,1,30,1394,30,1,1,45800,48400,44100
1788609399,4,1:30,1,30,1394,30,1,1,45700,48500,44100
1788609400,4,1:30,1,30,1394,30,1,1,45700,48300,44100
1788609401,4,1:30,1,30,1394,30,1,1,45700,49400,44200
1788609402,4,1:30,1,30,1394,30,1,1,46100,49300,44200
1788609404,4,1:30,1,30,1392,30,1,1,46200,48300,44100
1788609405,4,1:30,1,30,1391,30,1,1,45800,49100,44200
1788609406,4,1:30,1,30,1393,30,1,1,46200,48100,44100
1788609407,4,1:30,1,30,1393,30,1,1,45700,48400,44100
1788609409,4,1:30,1,30,1395,30,1,1,46200,48200,44100
1788609410,4,1:30,1,30,1393,30,1,1,46200,49000,44200
1788609411,4,1:30,1,30,1395,30,1,1,45800,48600,44100
1788609412,4,1:30,1,30,1393,30,1,1,45600,49200,44100
1788609413,4,1:30,1,30,1395,30,1,1,46200,48300,44100
1788609415,4,1:30,1,30,1399,30,1,1,45800,49100,44100
1788609416,4,1:30,1,30,1393,30,1,1,45800,48500,44100
1788609417,4,1:30,1,30,1393,30,1,1,46000,48300,44100
1788609418,4,1:30,1,30,1394,30,1,1,46300,48300,44100
1788609420,4,1:30,1,30,1393,30,1,1,46000,48500,44200
1788609421,4,1:30,1,30,1392,30,1,1,46200,48100,44200
1788609422,4,1:30,1,30,1393,30,1,1,45500,49200,44200
1788609423,4,1:30,1,30,1391,30,1,1,45900,48400,44200
1788609424,4,1:30,1,30,1390,30,1,1,46200,48200,44200
1788609426,4,1:30,1,30,1391,30,1,1,45800,48500,44100
1788609427,4,1:30,1,30,1391,30,1,1,46200,48300,44200
1788609428,4,1:30,1,30,1392,30,1,1,45900,48500,44100
1788609429,4,1:30,1,30,1390,30,1,1,46300,48400,44200
1788609431,4,1:30,1,30,1390,30,1,1,45700,49200,44200
1788609432,4,1:30,1,30,1392,30,1,1,46300,48300,44200
1788609433,4,1:30,1,30,1390,30,1,1,46300,48200,44200
1788609434,4,1:30,1,30,1389,30,1,1,46000,48500,44200
1788609436,4,1:30,1,30,1391,30,1,1,46200,49100,44200
1788609437,4,1:30,1,30,1393,30,1,1,45500,49200,44100
1788609438,4,1:30,1,30,1392,30,1,1,46200,48300,44100
1788609439,4,1:30,1,30,1390,30,1,1,45600,49200,44200
1788609440,4,1:30,1,30,1390,30,1,1,46200,48400,44100
1788609442,4,1:30,1,30,1390,30,1,1,46600,48700,44400
1788609443,4,1:30,1,30,1391,30,1,1,46300,48300,44100
1788609444,4,1:30,1,30,1389,30,1,1,46200,48300,44100
1788609445,4,1:30,1,30,1389,30,1,1,46200,48500,44200
1788609447,4,1:30,1,30,1390,30,1,1,46300,48400,44300
1788609448,4,1:30,1,30,1389,30,1,1,46200,48500,44300
1788609449,4,1:30,1,30,1389,30,1,1,46100,48500,44300
1788609450,4,1:30,1,30,1390,30,1,1,46000,48600,44300
1788609451,4,1:30,1,30,1388,30,1,1,46300,48500,44300
1788609453,4,1:30,1,30,1389,30,1,1,46000,48600,44300
1788609454,4,1:30,1,30,1387,30,1,1,45900,48600,44300
1788609455,4,1:30,1,30,1389,30,1,1,46100,48500,44300
1788609456,4,1:30,1,30,1388,30,1,1,46300,48400,44300
1788609458,4,1:30,1,30,1388,30,1,1,46000,48500,44300
1788609459,4,1:30,1,30,1387,30,1,1,46100,48600,44300
1788609460,4,1:30,1,30,1387,30,1,1,46200,48300,44200
1788609461,4,1:30,1,30,1394,30,1,1,46300,48500,44300
1788609463,4,1:30,1,30,1386,30,1,1,46100,48600,44400
1788609464,4,1:30,1,30,1387,30,1,1,46100,48500,44400
1788609465,4,1:30,1,30,1387,30,1,1,46100,48500,44300
1788609466,4,1:30,1,30,1389,30,1,1,46400,48500,44300
1788609467,4,1:30,1,30,1379,30,1,1,45900,48600,44300
1788609469,4,1:30,1,30,1389,30,1,1,46000,48400,44200
1788609470,4,1:30,1,30,1385,30,1,1,46400,48500,44300
1788609471,4,1:30,1,30,1387,30,1,1,46300,48400,44300
1788609472,4,1:30,1,30,1389,30,1,1,45900,48600,44300
1788609474,4,1:30,1,30,1387,30,1,1,46400,48500,44200
1788609475,4,1:30,1,30,1386,30,1,1,45900,48500,44300
1788609476,4,1:30,1,30,1389,30,1,1,46200,48600,44400
1788609477,4,1:30,1,30,1389,30,1,1,46400,48500,44300
1788609478,4,1:30,1,30,1389,30,1,1,46400,48400,44300
1788609480,4,1:30,1,30,1386,30,1,1,46400,48500,44300
1788609481,4,1:30,1,30,1386,30,1,1,46300,48300,44300
1788609482,4,1:30,1,30,1385,30,1,1,46600,48600,44400
1788609483,4,1:30,1,30,1390,30,1,1,46000,48600,44300
1788609485,4,1:30,1,30,1386,30,1,1,45900,48600,44300
1788609486,4,1:30,1,30,1388,30,1,1,46200,48500,44300
1788609487,4,1:30,1,30,1389,30,1,1,46500,48400,44300
1788609488,4,1:30,1,30,1385,30,1,1,46400,48400,44300
1788609489,4,1:30,1,30,1387,30,1,1,46400,48300,44300
1788609491,4,1:30,1,30,1386,30,1,1,45900,48600,44300
1788609492,4,1:30,1,30,1386,30,1,1,46500,48500,44400
1788609493,4,1:30,1,30,1388,30,1,1,46500,48700,44400
1788609494,4,1:30,1,30,1387,30,1,1,45700,49400,44300
1788609496,4,1:30,1,30,1387,30,1,1,46500,48400,44300
1788609497,4,1:30,1,30,1384,30,1,1,46100,48600,44300
1788609498,4,1:30,1,30,1385,30,1,1,46100,48600,44400
1788609499,4,1:30,1,30,1388,30,1,1,46500,48500,44300
1788609501,4,1:30,1,30,1385,30,1,1,46000,48600,44400
1788609502,4,1:30,1,30,1383,30,1,1,46000,48600,44400
1788609503,4,1:30,1,30,1383,30,1,1,45900,49500,44400
1788609504,4,1:30,1,30,1385,30,1,1,46000,48600,44400
1788609505,4,1:30,1,30,1384,30,1,1,46200,48700,44400
1788609507,4,1:30,1,30,1383,30,1,1,46500,48500,44400
1788609508,4,1:30,1,30,1384,30,1,1,46300,48600,44400
1788609509,4,1:30,1,30,1385,30,1,1,46400,48500,44400
1788609510,4,1:30,1,30,1390,30,1,1,46000,48600,44400
1788609512,4,1:30,1,30,1386,30,1,1,46400,48600,44400
1788609513,4,1:30,1,30,1386,30,1,1,46500,48600,44400
1788609514,4,1:30,1,30,1385,30,1,1,46400,48600,44400
1788609515,4,1:30,1,30,1383,30,1,1,46100,48400,44400
1788609516,4,1:30,1,30,1384,30,1,1,46000,49300,44400
1788609518,4,1:30,1,30,1385,30,1,1,46500,48600,44400
1788609519,4,1:30,1,30,1382,30,1,1,45900,48600,44300
1788609520,4,1:30,1,30,1383,30,1,1,46000,48600,44400
1788609521,4,1:30,1,30,1381,30,1,1,46400,48700,44400
1788609523,4,1:30,1,30,1384,30,1,1,46700,48800,44500
1788609524,4,1:30,1,30,1383,30,1,1,46100,48400,44400
1788609525,4,1:30,1,30,1385,30,1,1,46600,48500,44400
1788609526,4,1:30,1,30,1384,30,1,1,45900,49400,44400
1788609527,4,1:30,1,30,1382,30,1,1,46600,48600,44400
1788609529,4,1:30,1,30,1385,30,1,1,46500,48500,44400
1788609530,4,1:30,1,30,1384,30,1,1,46500,48500,44300
1788609531,4,1:30,1,30,1383,30,1,1,45900,49500,44400
1788609532,4,1:30,1,30,1382,30,1,1,46500,48500,44400
1788609534,4,1:30,1,30,1382,30,1,1,46500,48600,44400
1788609535,4,1:30,1,30,1381,30,1,1,46500,48600,44500
1788609536,4,1:30,1,30,1384,30,1,1,46100,48700,44400
1788609537,4,1:30,1,30,1383,30,1,1,46700,48900,44700
1788609538,4,1:30,1,30,1381,30,1,1,46600,48600,44400
1788609540,4,1:30,1,30,1382,30,1,1,46600,48600,44500
1788609541,4,1:30,1,30,1381,30,1,1,46200,48700,44500
1788609542,4,1:30,1,30,1382,30,1,1,46200,48700,44500
1788609543,4,1:30,1,30,1382,30,1,1,46400,49500,44500
1788609545,4,1:30,1,30,1383,30,1,1,46200,48700,44400
1788609546,4,1:30,1,30,1381,30,1,1,46600,48500,44400
1788609547,4,1:30,1,30,1382,30,1,1,46400,48600,44400
1788609548,4,1:30,1,30,1381,30,1,1,46300,48700,44500
1788609549,4,1:30,1,30,1384,30,1,1,46100,48700,44400
1788609551,4,1:30,1,30,1380,30,1,1,46600,48600,44500
1788609552,4,1:30,1,30,1382,30,1,1,46500,48700,44500
1788609553,4,1:30,1,30,1383,30,1,1,46200,48600,44500
1788609554,4,1:30,1,30,1389,30,1,1,46600,48500,44500
1788609556,4,1:30,1,30,1379,30,1,1,46600,48600,44400
1788609557,4,1:30,1,30,1382,30,1,1,46500,48600,44400
1788609558,4,1:30,1,30,1381,30,1,1,46600,48600,44500
1788609559,4,1:30,1,30,1381,30,1,1,46600,48600,44500
1788609561,4,1:30,1,30,1380,30,1,1,46000,49500,44400
1788609562,4,1:30,1,30,1382,30,1,1,46600,48600,44500
1788609563,4,1:30,1,30,1381,30,1,1,46500,50000,44700
1788609564,4,1:30,1,30,1381,30,1,1,46600,48700,44500
1788609565,4,1:30,1,30,1379,30,1,1,46600,48700,44500
1788609567,4,1:30,1,30,1383,30,1,1,46700,48600,44500
1788609568,4,1:30,1,30,1380,30,1,1,46200,48600,44500
1788609569,4,1:30,1,30,1383,30,1,1,46200,48800,44400
1788609570,4,1:30,1,30,1380,30,1,1,46600,48600,44500
1788609572,4,1:30,1,30,1381,30,1,1,46500,48800,44500
1788609573,4,1:30,1,30,1379,30,1,1,46600,48600,44400
1788609574,4,1:30,1,30,1379,30,1,1,46200,48800,44400
1788609575,4,1:30,1,30,1382,30,1,1,46300,48700,44500
1788609576,4,1:30,1,30,1380,30,1,1,46600,48600,44500
1788609578,4,1:30,1,30,1378,30,1,1,46400,48600,44500
1788609579,4,1:30,1,30,1379,30,1,1,46200,48900,44500
1788609580,4,1:30,1,30,1379,30,1,1,46600,48600,44500
1788609581,4,1:30,1,30,1380,30,1,1,46600,48800,44400
1788609583,4,1:30,1,30,1378,30,1,1,46600,48800,44500
1788609584,4,1:30,1,30,1378,30,1,1,46700,48800,44600
1788609585,4,1:30,1,30,1380,30,1,1,46600,48700,44600
1788609586,4,1:30,1,30,1380,30,1,1,46200,48900,44600
1788609587,4,1:30,1,30,1379,30,1,1,46300,48900,44500
1788609589,4,1:30,1,30,1382,30,1,1,46700,48800,44500
1788609590,4,1:30,1,30,1379,30,1,1,46600,48900,44500
1788609591,4,1:30,1,30,1380,30,1,1,46600,48700,44500
1788609592,4,1:30,1,30,1381,30,1,1,46600,48700,44500
1788609594,4,1:30,1,30,1378,30,1,1,46600,48700,44500
1788609595,4,1:30,1,30,1380,30,1,1,46600,48700,44500
1788609596,4,1:30,1,30,1377,30,1,1,46600,48700,44400
1788609597,4,1:30,1,30,1380,30,1,1,46600,48600,44500
1788609598,4,1:30,1,30,1377,30,1,1,46200,48700,44500
1788609600,4,1:30,1,30,1380,30,1,1,46400,48900,44500
1788609601,4,1:30,1,30,1379,30,1,1,46200,48900,44500
1788609602,4,1:30,1,30,1378,30,1,1,46200,48800,44600
1788609603,4,1:30,1,30,1378,30,1,1,46600,49200,44700
1788609605,4,1:30,1,30,1375,30,1,1,46400,48800,44600
1788609606,4,1:30,1,30,1378,30,1,1,46300,48900,44600
1788609607,4,1:30,1,30,1379,30,1,1,46600,48700,44600
1788609608,4,1:30,1,30,1378,30,1,1,46600,48600,44500
1788609610,4,1:30,1,30,1381,30,1,1,46200,48900,44500
1788609611,4,1:30,1,30,1377,30,1,1,46400,49500,44500
1788609612,4,1:30,1,30,1377,30,1,1,46000,49700,44600
1788609613,4,1:30,1,30,1378,30,1,1,45900,49600,44500
1788609614,4,1:30,1,30,1379,30,1,1,46000,49600,44400
1788609616,4,1:30,1,30,1378,30,1,1,46700,48800,44600
1788609617,4,1:30,1,30,1377,30,1,1,46400,48700,44600
1788609618,4,1:30,1,30,1376,30,1,1,46700,48800,44600
1788609619,4,1:30,1,30,1377,30,1,1,46200,49500,44600
1788609621,4,1:30,1,30,1378,30,1,1,46700,48700,44600
1788609622,4,1:30,1,30,1375,30,1,1,46300,48700,44600
1788609623,4,1:30,1,30,1377,30,1,1,46300,48700,44500
1788609624,4,1:30,1,30,1377,30,1,1,46700,48800,44600
1788609625,4,1:30,1,30,1378,30,1,1,45900,49700,44600
1788609627,4,1:30,1,30,1378,30,1,1,47000,49400,44700
1788609628,4,1:30,1,30,1377,30,1,1,46800,48800,44600
1788609629,4,1:30,1,30,1375,30,1,1,46600,48800,44500
1788609630,4,1:30,1,30,1378,30,1,1,46700,48900,44700
1788609632,4,1:30,1,30,1380,30,1,1,46000,49700,44600
1788609633,4,1:30,1,30,1375,30,1,1,46600,48800,44600
1788609634,4,1:30,1,30,1375,30,1,1,46200,48900,44500
1788609635,4,1:30,1,30,1376,30,1,1,46200,48900,44600
1788609636,4,1:30,1,30,1377,30,1,1,46600,48800,44600
1788609638,4,1:30,1,30,1374,30,1,1,46700,48800,44600
1788609639,4,1:30,1,30,1376,30,1,1,46600,48700,44600
1788609640,4,1:30,1,30,1375,30,1,1,46800,48900,44500
1788609641,4,1:30,1,30,1373,30,1,1,46100,49600,44600
1788609643,4,1:30,1,30,1374,30,1,1,46200,48900,44600
1788609644,4,1:30,1,30,1374,30,1,1,46700,49600,44600
1788609645,4,1:30,1,30,1377,30,1,1,46500,49100,44700
1788609646,4,1:30,1,30,1375,30,1,1,46200,49500,44600
1788609647,4,1:30,1,30,1383,30,1,1,46400,48900,44700
1788609649,4,1:30,1,30,1374,30,1,1,46100,49700,44700
1788609650,4,1:30,1,30,1377,30,1,1,46300,48800,44700
1788609651,4,1:30,1,30,1374,30,1,1,46200,48900,44500
1788609652,4,1:30,1,30,1374,30,1,1,46600,48800,44600
1788609654,4,1:30,1,30,1374,30,1,1,46700,48800,44700
1788609655,4,1:30,1,30,1376,30,1,1,46400,48900,44700
1788609656,4,1:30,1,30,1372,30,1,1,46200,48900,44700
1788609657,4,1:30,1,30,1380,30,1,1,46200,48800,44600
1788609658,4,1:30,1,30,1374,30,1,1,46700,48700,44600
1788609660,4,1:30,1,30,1374,30,1,1,46200,48900,44600
1788609661,4,1:30,1,30,1373,30,1,1,46000,49700,44600
1788609662,4,1:30,1,30,1373,30,1,1,46400,49000,44700
1788609663,4,1:30,1,30,1373,30,1,1,46400,48900,44600
1788609665,4,1:30,1,30,1376,30,1,1,46800,48800,44700
1788609666,4,1:30,1,30,1375,30,1,1,46500,49000,44700
1788609667,4,1:30,1,30,1378,30,1,1,46400,48900,44700
1788609668,4,1:30,1,30,1373,30,1,1,46300,48900,44600
1788609669,4,1:30,1,30,1372,30,1,1,46400,48800,44700
1788609671,4,1:30,1,30,1371,30,1,1,46500,49600,44700
1788609672,4,1:30,1,30,1374,30,1,1,46600,49100,44800
1788609673,4,1:30,1,30,1374,30,1,1,46500,49100,44700
1788609674,4,1:30,1,30,1371,30,1,1,46300,49000,44600
1788609676,4,1:30,1,30,1376,30,1,1,46500,49000,44800
1788609677,4,1:30,1,30,1373,30,1,1,46300,48900,44700
1788609678,4,1:30,1,30,1369,30,1,1,46400,48900,44700
1788609679,4,1:30,1,30,1373,30,1,1,46200,49800,44700
1788609680,4,1:30,1,30,1372,30,1,1,46100,49700,44600
1788609682,4,1:30,1,30,1373,30,1,1,46400,48900,44700
1788609683,4,1:30,1,30,1374,30,1,1,46500,49000,44800
1788609684,4,1:30,1,30,1373,30,1,1,46300,49300,44700
1788609685,4,1:30,1,30,1373,30,1,1,46600,48900,44700
1788609687,4,1:30,1,30,1373,30,1,1,46500,48800,44800
1788609688,4,1:30,1,30,1372,30,1,1,46400,48900,44800
1788609689,4,1:30,1,30,1373,30,1,1,46500,48900,44700
1788609690,4,1:30,1,30,1372,30,1,1,46400,48900,44700
1788609692,4,1:30,1,30,1374,30,1,1,46500,49000,44800
1788609693,4,1:30,1,30,1371,30,1,1,46400,49600,44700
1788609694,4,1:30,1,30,1374,30,1,1,46100,49700,44700
1788609695,4,1:30,1,30,1374,30,1,1,46400,48900,44700
1788609696,4,1:30,1,30,1370,30,1,1,46500,49000,44700
1788609698,4,1:30,1,30,1373,30,1,1,46600,48900,44700
1788609699,4,1:30,1,30,1372,30,1,1,46400,48900,44600
1788609700,4,1:30,1,30,1372,30,1,1,46300,48900,44600
1788609701,4,1:30,1,30,1377,30,1,1,46300,49000,44600
1788609703,4,1:30,1,30,1371,30,1,1,46300,49000,44700
1788609704,4,1:30,1,30,1370,30,1,1,46500,48900,44700
1788609705,4,1:30,1,30,1370,30,1,1,46500,49100,44800
1788609706,4,1:30,1,30,1371,30,1,1,46200,49000,44700
1788609707,4,1:30,1,30,1370,30,1,1,46400,48900,44700
1788609709,4,1:30,1,30,1374,30,1,1,46600,48900,44700
1788609710,4,1:30,1,30,1371,30,1,1,46700,48900,44700
1788609711,4,1:30,1,30,1373,30,1,1,46300,49000,44700
1788609712,4,1:30,1,30,1371,30,1,1,46700,48800,44700
1788609714,4,1:30,1,30,1372,30,1,1,46300,48900,44700
1788609715,4,1:30,1,30,1370,30,1,1,46500,49000,44800
1788609716,4,1:30,1,30,1371,30,1,1,46200,49800,44600
1788609717,4,1:30,1,30,1375,30,1,1,46400,49000,44800
1788609719,4,1:30,1,30,1372,30,1,1,46500,48900,44700
1788609720,4,1:30,1,30,1370,30,1,1,46500,49100,44700
1788609721,4,1:30,1,30,1371,30,1,1,46300,48900,44800
1788609722,4,1:30,1,30,1373,30,1,1,46400,48900,44700
1788609723,4,1:30,1,30,1370,30,1,1,46400,49000,44700
1788609725,4,1:30,1,30,1371,30,1,1,47300,49800,44900
1788609726,4,1:30,1,30,1371,30,1,1,46800,48900,44800
1788609727,4,1:30,1,30,1370,30,1,1,46900,49000,44800
1788609728,4,1:30,1,30,1370,30,1,1,46400,48900,44700
1788609730,4,1:30,1,30,1369,30,1,1,46200,49200,44700
1788609731,4,1:30,1,30,1370,30,1,1,46400,49000,44700
1788609732,4,1:30,1,30,1371,30,1,1,46500,49000,44700
1788609733,4,1:30,1,30,1369,30,1,1,46400,49000,44700
1788609735,4,1:30,1,30,1372,30,1,1,46400,49000,44700
1788609736,4,1:30,1,30,1371,30,1,1,46800,48900,44800
1788609737,4,1:30,1,30,1370,30,1,1,46500,49100,44800
1788609738,4,1:30,1,30,1369,30,1,1,46600,49100,44800
1788609739,4,1:30,1,30,1370,30,1,1,46500,48900,44700
1788609741,4,1:30,1,30,1370,30,1,1,46700,49000,44800
1788609742,4,1:30,1,30,1370,30,1,1,46600,49000,44800
1788609743,4,1:30,1,30,1370,30,1,1,46500,49200,44800
1788609744,4,1:30,1,30,1370,30,1,1,46400,49100,44700
1788609746,4,1:30,1,30,1371,30,1,1,46300,49200,44800
1788609747,4,1:30,1,30,1372,30,1,1,46700,49200,44800
1788609748,4,1:30,1,30,1371,30,1,1,46600,49100,44800
1788609749,4,1:30,1,30,1371,30,1,1,46500,49000,44800
1788609750,4,1:30,1,30,1369,30,1,1,46800,48900,44800
1788609752,4,1:30,1,30,1369,30,1,1,46800,49000,44800
1788609753,4,1:30,1,30,1369,30,1,1,46400,49000,44800
1788609754,4,1:30,1,30,1371,30,1,1,46600,49000,44800
1788609755,4,1:30,1,30,1370,30,1,1,46500,49100,44800
1788609757,4,1:30,1,30,1372,30,1,1,46400,49100,44800
1788609758,4,1:30,1,30,1370,30,1,1,46500,49100,44700
1788609759,4,1:30,1,30,1369,30,1,1,46400,49100,44700
1788609760,4,1:30,1,30,1370,30,1,1,46500,49100,44700
1788609761,4,1:30,1,30,1367,30,1,1,46900,49400,44800
1788609763,4,1:30,1,30,1370,30,1,1,46400,49200,44800
1788609764,4,1:30,1,30,1371,30,1,1,46400,49100,44800
1788609765,4,1:30,1,30,1372,30,1,1,47200,49600,44900
1788609766,4,1:30,1,30,1371,30,1,1,46600,49100,44800
1788609768,4,1:30,1,30,1369,30,1,1,46600,49100,44800
1788609769,4,1:30,1,30,1367,30,1,1,46400,49100,44800
1788609770,4,1:30,1,30,1369,30,1,1,46500,49100,44800
# restored: persist.sys.fanctrl.by.temperatue=1 rgblevel=3 duty=83 reason=complete
