# persist.sys.fanctrl.by.temperatue=0, stock ladder disabled
epoch,step,phase,level_cmd,duty_cmd,adc,fan_rb,level_rb,led_status,pll,ddr,sar
1788593088,1,3:40,3,40,1145,40,3,1,48200,50200,45600
1788593089,1,3:40,3,40,1145,40,3,1,47400,50000,45600
1788593090,1,3:40,3,40,1143,40,3,1,47200,49900,45500
1788593091,1,3:40,3,40,1144,40,3,1,47300,49900,45600
1788593093,1,3:40,3,40,1146,40,3,1,47400,49900,45600
1788593094,1,3:40,3,40,1144,40,3,1,47600,49900,45600
1788593095,1,3:40,3,40,1146,40,3,1,47500,49900,45600
1788593096,1,3:40,3,40,1144,40,3,1,47800,50100,45600
1788593097,1,3:40,3,40,1145,40,3,1,47500,50100,45700
1788593099,1,3:40,3,40,1141,40,3,1,47900,50100,45700
1788593100,1,3:40,3,40,1142,40,3,1,47500,50000,45600
1788593101,1,3:40,3,40,1142,40,3,1,47200,50800,45600
1788593102,1,3:40,3,40,1137,40,3,1,47300,51100,45600
1788593104,1,3:40,3,40,1137,40,3,1,47900,50000,45700
1788593105,1,3:40,3,40,1136,40,3,1,47700,50100,45600
1788593106,1,3:40,3,40,1133,40,3,1,48000,50100,45700
1788593107,1,3:40,3,40,1134,40,3,1,47900,50100,45700
1788593108,1,3:40,3,40,1134,40,3,1,47600,50200,45700
1788593110,1,3:40,3,40,1128,40,3,1,47700,50100,45800
1788593111,1,3:40,3,40,1131,40,3,1,47600,50200,45800
1788593112,1,3:40,3,40,1127,40,3,1,48100,50100,45800
1788593113,1,3:40,3,40,1129,40,3,1,48000,50100,45800
1788593114,1,3:40,3,40,1125,40,3,1,47700,50200,45800
1788593116,1,3:40,3,40,1126,40,3,1,47700,50300,45800
1788593117,1,3:40,3,40,1123,40,3,1,48100,50300,45800
1788593118,1,3:40,3,40,1121,40,3,1,47900,50300,45900
1788593119,1,3:40,3,40,1125,40,3,1,47700,50400,45900
1788593121,1,3:40,3,40,1121,40,3,1,47800,50400,46000
1788593122,1,3:40,3,40,1118,40,3,1,47800,50400,46000
1788593123,1,3:40,3,40,1118,40,3,1,47700,50400,46000
1788593124,1,3:40,3,40,1117,40,3,1,47900,50400,45900
1788593125,1,3:40,3,40,1118,40,3,1,47900,50500,46000
1788593127,1,3:40,3,40,1115,40,3,1,48100,50400,46000
1788593128,1,3:40,3,40,1114,40,3,1,47600,50300,46000
1788593129,1,3:40,3,40,1112,40,3,1,48300,50400,46000
1788593130,1,3:40,3,40,1113,40,3,1,47600,51400,46000
1788593132,1,3:40,3,40,1109,40,3,1,48400,50700,46200
1788593133,1,3:40,3,40,1109,40,3,1,47800,51600,46200
1788593134,1,3:40,3,40,1110,40,3,1,48000,50600,46200
1788593135,1,3:40,3,40,1107,40,3,1,48000,50600,46200
1788593136,1,3:40,3,40,1108,40,3,1,48500,50600,46200
1788593138,1,3:40,3,40,1108,40,3,1,48200,50900,46300
1788593139,1,3:40,3,40,1103,40,3,1,48200,50800,46300
1788593140,1,3:40,3,40,1108,40,3,1,48100,50800,46200
1788593141,1,3:40,3,40,1103,40,3,1,48000,50700,46200
1788593143,1,3:40,3,40,1103,40,3,1,48200,50900,46300
1788593144,1,3:40,3,40,1102,40,3,1,48200,50800,46400
1788593145,1,3:40,3,40,1104,40,3,1,48100,50900,46300
1788593146,1,3:40,3,40,1100,40,3,1,48100,50800,46400
1788593147,1,3:40,3,40,1102,40,3,1,48600,50700,46400
1788593149,1,3:40,3,40,1101,40,3,1,48700,51000,46400
1788593150,1,3:40,3,40,1099,40,3,1,48300,51000,46400
1788593151,1,3:40,3,40,1098,40,3,1,48100,50900,46400
1788593152,1,3:40,3,40,1098,40,3,1,48300,51000,46400
1788593154,1,3:40,3,40,1098,40,3,1,48400,51000,46500
1788593155,1,3:40,3,40,1098,40,3,1,48100,51800,46500
1788593156,1,3:40,3,40,1095,40,3,1,48800,50900,46500
1788593157,1,3:40,3,40,1095,40,3,1,48400,51000,46500
1788593158,1,3:40,3,40,1094,40,3,1,48200,51800,46600
1788593160,1,3:40,3,40,1094,40,3,1,49500,52200,46800
1788593161,1,3:40,3,40,1091,40,3,1,50700,53600,47700
1788593162,1,3:40,3,40,1091,40,3,1,50000,52900,47800
1788593163,1,3:40,3,40,1093,40,3,1,48900,51600,47000
1788593165,1,3:40,3,40,1095,40,3,1,48800,51500,47000
1788593166,1,3:40,3,40,1089,40,3,1,48700,51400,46900
1788593167,1,3:40,3,40,1090,40,3,1,48700,51400,46900
1788593168,1,3:40,3,40,1091,40,3,1,48800,51500,46900
1788593169,1,3:40,3,40,1089,40,3,1,49000,51300,46900
1788593171,1,3:40,3,40,1088,40,3,1,49000,51100,46800
1788593172,1,3:40,3,40,1090,40,3,1,48600,51300,46800
1788593173,1,3:40,3,40,1087,40,3,1,48600,51200,46900
1788593174,1,3:40,3,40,1085,40,3,1,49200,51200,46800
1788593176,1,3:40,3,40,1082,40,3,1,48600,51200,46900
1788593177,1,3:40,3,40,1085,40,3,1,48800,51300,46900
1788593178,1,3:40,3,40,1083,40,3,1,48900,51500,46900
1788593179,1,3:40,3,40,1084,40,3,1,48700,51400,46900
1788593180,1,3:40,3,40,1083,40,3,1,49000,51500,47000
1788593182,1,3:40,3,40,1083,40,3,1,49000,51400,47000
1788593183,1,3:40,3,40,1080,40,3,1,48800,51500,47000
1788593184,1,3:40,3,40,1083,40,3,1,48800,51400,47000
1788593185,1,3:40,3,40,1081,40,3,1,48800,51500,47000
1788593187,1,3:40,3,40,1084,40,3,1,48700,51500,47000
1788593188,1,3:40,3,40,1081,40,3,1,49300,51400,47000
1788593189,1,3:40,3,40,1079,40,3,1,49000,51500,47000
1788593190,1,3:40,3,40,1081,40,3,1,48800,51500,47000
1788593191,1,3:40,3,40,1079,40,3,1,48900,51600,47100
1788593193,1,3:40,3,40,1078,40,3,1,49000,51600,47100
1788593194,1,3:40,3,40,1078,40,3,1,49000,51600,47100
1788593195,1,3:40,3,40,1076,40,3,1,49100,51600,47100
1788593196,1,3:40,3,40,1076,40,3,1,49000,51600,47100
1788593197,1,3:40,3,40,1078,40,3,1,49100,51600,47200
1788593199,1,3:40,3,40,1078,40,3,1,49300,51900,47400
1788593200,1,3:40,3,40,1077,40,3,1,49500,51600,47200
1788593201,1,3:40,3,40,1074,40,3,1,49300,51600,47300
1788593202,1,3:40,3,40,1076,40,3,1,49000,52300,47200
1788593204,1,3:40,3,40,1076,40,3,1,49100,51700,47300
1788593205,1,3:40,3,40,1073,40,3,1,49100,51700,47200
1788593206,1,3:40,3,40,1076,40,3,1,49300,51500,47200
1788593207,1,3:40,3,40,1072,40,3,1,49100,51800,47200
1788593209,1,3:40,3,40,1073,40,3,1,49100,51800,47200
1788593210,1,3:40,3,40,1074,40,3,1,49100,51600,47200
1788593211,1,3:40,3,40,1071,40,3,1,49300,51900,47300
1788593212,1,3:40,3,40,1070,40,3,1,49200,51700,47300
1788593213,1,3:40,3,40,1070,40,3,1,49200,51800,47400
1788593215,1,3:40,3,40,1070,40,3,1,49200,51700,47300
1788593216,1,3:40,3,40,1070,40,3,1,49100,51800,47300
1788593217,1,3:40,3,40,1069,40,3,1,49600,51700,47300
1788593218,1,3:40,3,40,1068,40,3,1,49600,51800,47400
1788593220,1,3:40,3,40,1072,40,3,1,49300,51800,47500
1788593221,1,3:40,3,40,1071,40,3,1,49300,51900,47400
1788593222,1,3:40,3,40,1069,40,3,1,49300,51800,47400
1788593223,1,3:40,3,40,1069,40,3,1,49300,51900,47500
1788593224,1,3:40,3,40,1068,40,3,1,49300,51700,47400
1788593226,1,3:40,3,40,1067,40,3,1,49100,52000,47400
1788593227,1,3:40,3,40,1068,40,3,1,49300,52000,47500
1788593228,1,3:40,3,40,1067,40,3,1,49300,52000,47500
1788593229,1,3:40,3,40,1067,40,3,1,49800,52300,47700
1788593230,1,3:40,3,40,1065,40,3,1,49300,52000,47500
1788593232,1,3:40,3,40,1067,40,3,1,49400,52000,47500
1788593233,1,3:40,3,40,1066,40,3,1,49500,52100,47600
1788593234,1,3:40,3,40,1069,40,3,1,49400,52100,47600
1788593235,1,3:40,3,40,1067,40,3,1,49300,52600,47500
1788593237,1,3:40,3,40,1066,40,3,1,49200,52200,47600
1788593238,1,3:40,3,40,1063,40,3,1,49400,52100,47600
1788593239,1,3:40,3,40,1063,40,3,1,49500,52100,47600
1788593240,1,3:40,3,40,1065,40,3,1,49200,52800,47500
1788593241,1,3:40,3,40,1065,40,3,1,49200,52800,47600
1788593243,1,3:40,3,40,1065,40,3,1,49200,52900,47600
1788593244,1,3:40,3,40,1064,40,3,1,49300,52100,47600
1788593245,1,3:40,3,40,1065,40,3,1,49800,52000,47600
1788593246,1,3:40,3,40,1065,40,3,1,49300,52200,47600
1788593248,1,3:40,3,40,1062,40,3,1,49400,52100,47700
1788593249,1,3:40,3,40,1064,40,3,1,49900,52300,47700
1788593250,1,3:40,3,40,1062,40,3,1,49700,52800,47700
1788593251,1,3:40,3,40,1062,40,3,1,49600,52200,47800
1788593252,1,3:40,3,40,1062,40,3,1,49900,52000,47600
1788593254,1,3:40,3,40,1061,40,3,1,49600,52200,47700
1788593255,1,3:40,3,40,1058,40,3,1,49500,52400,47700
1788593256,1,3:40,3,40,1061,40,3,1,49400,53000,47700
1788593257,1,3:40,3,40,1058,40,3,1,49600,52800,47700
1788593259,1,3:40,3,40,1062,40,3,1,50000,52200,47700
1788593260,1,3:40,3,40,1058,40,3,1,49800,52900,47900
1788593261,1,3:40,3,40,1058,40,3,1,49600,52900,47800
1788593262,1,3:40,3,40,1059,40,3,1,49300,53100,47800
1788593263,1,3:40,3,40,1057,40,3,1,49400,53200,47800
1788593265,1,3:40,3,40,1060,40,3,1,49400,53100,47800
1788593266,1,3:40,3,40,1059,40,3,1,49300,53000,47700
1788593267,1,3:40,3,40,1056,40,3,1,49400,53100,47800
1788593268,1,3:40,3,40,1057,40,3,1,49400,53100,47800
1788593270,1,3:40,3,40,1057,40,3,1,49600,52300,47700
1788593271,1,3:40,3,40,1055,40,3,1,50000,52300,47800
1788593272,1,3:40,3,40,1055,40,3,1,49900,53200,47900
1788593273,1,3:40,3,40,1056,40,3,1,49900,52500,47900
1788593274,1,3:40,3,40,1057,40,3,1,49800,52400,47900
1788593276,1,3:40,3,40,1058,40,3,1,49500,53200,47800
1788593277,1,3:40,3,40,1054,40,3,1,50100,52300,47900
1788593278,1,3:40,3,40,1055,40,3,1,50200,52300,47900
1788593279,1,3:40,3,40,1054,40,3,1,50000,52100,47900
1788593281,1,3:40,3,40,1054,40,3,1,49900,52300,47900
1788593282,1,3:40,3,40,1053,40,3,1,50200,52300,47900
1788593283,1,3:40,3,40,1057,40,3,1,49600,53300,47900
1788593284,1,3:40,3,40,1054,40,3,1,49600,52600,48000
1788593285,1,3:40,3,40,1055,40,3,1,49800,52500,48000
1788593287,1,3:40,3,40,1052,40,3,1,50200,52300,48000
1788593288,1,3:40,3,40,1056,40,3,1,50200,52400,47900
1788593289,1,3:40,3,40,1052,40,3,1,50300,52400,47900
1788593290,1,3:40,3,40,1054,40,3,1,50000,52700,48000
1788593292,1,3:40,3,40,1049,40,3,1,50300,52500,48100
1788593293,1,3:40,3,40,1051,40,3,1,49800,52500,48000
1788593294,1,3:40,3,40,1052,40,3,1,50000,52600,48100
1788593295,1,3:40,3,40,1050,40,3,1,50300,52500,48100
1788593296,1,3:40,3,40,1053,40,3,1,50000,52700,48100
1788593298,1,3:40,3,40,1050,40,3,1,49700,53300,48100
1788593299,1,3:40,3,40,1052,40,3,1,49700,53400,48000
1788593300,1,3:40,3,40,1052,40,3,1,49800,52500,48100
1788593301,1,3:40,3,40,1051,40,3,1,50000,52500,48000
1788593303,1,3:40,3,40,1052,40,3,1,49600,53300,48100
1788593304,1,3:40,3,40,1049,40,3,1,49900,52700,48000
1788593305,1,3:40,3,40,1049,40,3,1,49900,52600,48100
1788593306,1,3:40,3,40,1048,40,3,1,49900,52500,48100
1788593307,1,3:40,3,40,1050,40,3,1,50200,52600,48100
1788593309,1,3:40,3,40,1049,40,3,1,50400,52400,48100
1788593310,1,3:40,3,40,1050,40,3,1,50500,52500,48100
1788593311,1,3:40,3,40,1049,40,3,1,50400,52500,48100
1788593312,1,3:40,3,40,1046,40,3,1,50300,52500,48100
1788593314,1,3:40,3,40,1046,40,3,1,49900,52500,48100
1788593315,1,3:40,3,40,1048,40,3,1,49900,52600,48100
1788593316,1,3:40,3,40,1047,40,3,1,50100,52700,48100
1788593317,1,3:40,3,40,1045,40,3,1,49900,52700,48100
1788593318,1,3:40,3,40,1050,40,3,1,50200,52700,48200
1788593320,1,3:40,3,40,1050,40,3,1,50200,52700,48200
1788593321,1,3:40,3,40,1046,40,3,1,50400,52700,48200
1788593322,1,3:40,3,40,1038,40,3,1,50100,52800,48200
1788593323,1,3:40,3,40,1045,40,3,1,50100,52700,48300
1788593325,1,3:40,3,40,1046,40,3,1,50100,52800,48300
1788593326,1,3:40,3,40,1044,40,3,1,50000,52800,48300
1788593327,1,3:40,3,40,1050,40,3,1,50400,52700,48300
1788593328,1,3:40,3,40,1046,40,3,1,49900,53500,48200
1788593330,1,3:40,3,40,1045,40,3,1,50500,52600,48200
1788593331,1,3:40,3,40,1045,40,3,1,50000,52800,48200
1788593332,1,3:40,3,40,1047,40,3,1,50500,52700,48300
1788593333,1,3:40,3,40,1047,40,3,1,50200,52800,48300
1788593334,1,3:40,3,40,1045,40,3,1,49900,53500,48300
1788593336,1,3:40,3,40,1043,40,3,1,50000,52900,48300
1788593337,1,3:40,3,40,1045,40,3,1,50000,52700,48300
1788593338,1,3:40,3,40,1046,40,3,1,50200,52700,48200
1788593339,1,3:40,3,40,1042,40,3,1,50200,52900,48200
1788593341,1,3:40,3,40,1044,40,3,1,50500,52700,48300
1788593342,1,3:40,3,40,1042,40,3,1,50200,52700,48200
1788593343,1,3:40,3,40,1041,40,3,1,52500,55100,49300
1788593344,1,3:40,3,40,1043,40,3,1,51300,54000,49100
1788593345,1,3:40,3,40,1043,40,3,1,50600,53200,48700
1788593347,1,3:40,3,40,1043,40,3,1,50500,53000,48500
1788593348,1,3:40,3,40,1042,40,3,1,50300,52900,48500
1788593349,1,3:40,3,40,1041,40,3,1,50800,53000,48500
1788593350,1,3:40,3,40,1041,40,3,1,50700,52900,48400
1788593352,1,3:40,3,40,1042,40,3,1,50500,53900,48500
1788593353,1,3:40,3,40,1043,40,3,1,50500,53800,48600
1788593354,1,3:40,3,40,1044,40,3,1,50500,53100,48600
1788593355,1,3:40,3,40,1041,40,3,1,50800,52800,48500
1788593356,1,3:40,3,40,1039,40,3,1,50500,53000,48500
1788593358,1,3:40,3,40,1038,40,3,1,50500,53200,48600
1788593359,1,3:40,3,40,1042,40,3,1,50400,52900,48600
1788593360,1,3:40,3,40,1042,40,3,1,50300,53000,48400
1788593361,1,3:40,3,40,1040,40,3,1,50400,52900,48500
1788593363,1,3:40,3,40,1039,40,3,1,50000,53200,48500
1788593364,1,3:40,3,40,1039,40,3,1,50700,52900,48500
1788593365,1,3:40,3,40,1041,40,3,1,50800,52900,48500
1788593366,1,3:40,3,40,1039,40,3,1,50400,53000,48600
1788593367,1,3:40,3,40,1040,40,3,1,50400,53100,48500
1788593369,1,3:40,3,40,1040,40,3,1,50400,52900,48500
1788593370,1,3:40,3,40,1037,40,3,1,50500,52900,48500
1788593371,1,3:40,3,40,1036,40,3,1,50400,53100,48600
1788593372,1,3:40,3,40,1037,40,3,1,50800,52900,48500
1788593374,1,3:40,3,40,1039,40,3,1,51600,54200,48800
1788593375,1,3:40,3,40,1036,40,3,1,50500,53200,48600
1788593376,1,3:40,3,40,1036,40,3,1,50300,53000,48600
1788593377,1,3:40,3,40,1036,40,3,1,50300,53100,48600
1788593378,1,3:40,3,40,1036,40,3,1,50400,53100,48500
1788593380,1,3:40,3,40,1035,40,3,1,50700,53300,48700
1788593381,1,3:40,3,40,1036,40,3,1,50500,53100,48700
1788593382,1,3:40,3,40,1035,40,3,1,51100,53700,48600
1788593383,1,3:40,3,40,1026,40,3,1,50800,53000,48700
1788593385,1,3:40,3,40,1038,40,3,1,50500,53200,48600
1788593386,1,3:40,3,40,1031,40,3,1,50500,53100,48600
1788593387,1,3:40,3,40,1035,40,3,1,50500,53200,48600
1788593388,1,3:40,3,40,1035,40,3,1,51000,53000,48700
1788593389,1,3:40,3,40,1036,40,3,1,50500,53000,48600
1788593391,1,3:40,3,40,1034,40,3,1,50600,53100,48600
1788593392,1,3:40,3,40,1035,40,3,1,50200,53900,48600
1788593393,1,3:40,3,40,1033,40,3,1,50500,53200,48600
1788593394,1,3:40,3,40,1033,40,3,1,50700,53100,48700
1788593396,1,3:40,3,40,1034,40,3,1,50600,53200,48700
1788593397,1,3:40,3,40,1033,40,3,1,50600,53200,48700
1788593398,1,3:40,3,40,1034,40,3,1,50500,53200,48700
1788593399,1,3:40,3,40,1036,40,3,1,50500,53100,48600
1788593401,1,3:40,3,40,1034,40,3,1,50800,53400,48800
1788593402,1,3:40,3,40,1034,40,3,1,50700,53400,48800
1788593403,1,3:40,3,40,1032,40,3,1,50800,53200,48700
1788593404,1,3:40,3,40,1036,40,3,1,50600,53200,48800
1788593405,1,3:40,3,40,1034,40,3,1,50800,53400,48800
1788593407,1,3:40,3,40,1032,40,3,1,50700,53200,48700
1788593408,1,3:40,3,40,1037,40,3,1,50600,53300,48700
1788593409,1,3:40,3,40,1032,40,3,1,50600,53200,48700
1788593410,1,3:40,3,40,1034,40,3,1,50700,53200,48700
1788593411,1,3:40,3,40,1032,40,3,1,50600,53200,48800
1788593413,1,3:40,3,40,1033,40,3,1,50800,53300,48800
1788593414,1,3:40,3,40,1031,40,3,1,50600,53300,48800
1788593415,1,3:40,3,40,1034,40,3,1,50600,53200,48700
1788593416,1,3:40,3,40,1031,40,3,1,50500,53200,48600
1788593418,1,3:40,3,40,1031,40,3,1,50600,53200,48700
1788593419,1,3:40,3,40,1032,40,3,1,50700,53300,48800
1788593420,1,3:40,3,40,1027,40,3,1,50800,53200,48700
1788593421,1,3:40,3,40,1031,40,3,1,50600,53200,48700
1788593422,1,3:40,3,40,1024,40,3,1,50700,53300,48700
1788593424,1,3:40,3,40,1032,40,3,1,50400,54200,48700
1788593425,1,3:40,3,40,1030,40,3,1,51000,53300,48800
1788593426,1,3:40,3,40,1029,40,3,1,50600,53400,48800
1788593427,1,3:40,3,40,1031,40,3,1,50400,54000,48800
1788593429,1,3:40,3,40,1029,40,3,1,50600,53300,48700
1788593430,1,3:40,3,40,1030,40,3,1,50600,54100,48800
1788593431,1,3:40,3,40,1030,40,3,1,50400,54100,48900
1788593432,1,3:40,3,40,1033,40,3,1,50500,54200,48800
1788593433,1,3:40,3,40,1033,40,3,1,50800,53300,48900
1788593435,1,3:40,3,40,1030,40,3,1,50400,54100,48800
1788593436,1,3:40,3,40,1032,40,3,1,50300,54100,48700
1788593437,1,3:40,3,40,1030,40,3,1,50700,53300,48800
1788593438,1,3:40,3,40,1030,40,3,1,50600,53300,48800
1788593440,1,3:40,3,40,1028,40,3,1,51000,53200,48800
1788593441,1,3:40,3,40,1029,40,3,1,50800,53600,48900
1788593442,1,3:40,3,40,1028,40,3,1,50800,53400,48900
1788593443,1,3:40,3,40,1027,40,3,1,50700,53500,48900
1788593444,1,3:40,3,40,1029,40,3,1,50800,53400,48900
1788593446,1,3:40,3,40,1028,40,3,1,50800,53400,48900
1788593447,1,3:40,3,40,1028,40,3,1,50800,53500,48900
1788593448,1,3:40,3,40,1027,40,3,1,51200,53300,48900
1788593449,1,3:40,3,40,1028,40,3,1,51200,53200,48900
1788593451,1,3:40,3,40,1028,40,3,1,50800,53400,49000
1788593452,1,3:40,3,40,1026,40,3,1,50800,53400,48900
1788593453,1,3:40,3,40,1029,40,3,1,51000,53500,48900
1788593454,1,3:40,3,40,1027,40,3,1,50800,53400,48900
1788593455,1,3:40,3,40,1023,40,3,1,50900,53400,49000
1788593457,1,3:40,3,40,1026,40,3,1,51000,53500,48900
1788593458,1,3:40,3,40,1021,40,3,1,50900,53500,48900
1788593459,1,3:40,3,40,1027,40,3,1,50800,53400,48900
1788593460,1,3:40,3,40,1023,40,3,1,51300,53300,48900
1788593462,1,3:40,3,40,1029,40,3,1,50800,53500,49000
1788593463,1,3:40,3,40,1023,40,3,1,50800,53600,49000
1788593464,1,3:40,3,40,1028,40,3,1,50800,53500,48900
1788593465,1,3:40,3,40,1023,40,3,1,50700,53400,48900
1788593466,1,3:40,3,40,1025,40,3,1,50700,53300,48900
1788593468,1,3:40,3,40,1025,40,3,1,51200,53300,48900
1788593469,1,3:40,3,40,1016,40,3,1,51200,53400,49000
1788593470,1,3:40,3,40,1023,40,3,1,51200,53300,48900
1788593471,1,3:40,3,40,1026,40,3,1,51200,53400,48900
1788593473,1,3:40,3,40,1026,40,3,1,51300,53300,49000
1788593474,1,3:40,3,40,1022,40,3,1,50800,53500,49000
1788593475,1,3:40,3,40,1019,40,3,1,51100,53500,49100
1788593476,1,3:40,3,40,1023,40,3,1,50800,53500,49000
1788593477,1,3:40,3,40,1028,40,3,1,51100,54400,49100
1788593479,1,3:40,3,40,1026,40,3,1,50800,54400,49000
1788593480,1,3:40,3,40,1025,40,3,1,51400,53500,49200
1788593481,1,3:40,3,40,1021,40,3,1,50900,53600,49000
1788593482,1,3:40,3,40,1024,40,3,1,51300,53500,49000
1788593484,1,3:40,3,40,1021,40,3,1,51400,53500,49000
1788593485,1,3:40,3,40,1022,40,3,1,50700,54300,49000
1788593486,1,3:40,3,40,1026,40,3,1,50600,54400,49100
1788593487,1,3:40,3,40,1022,40,3,1,50600,54400,49000
1788593489,1,3:40,3,40,1021,40,3,1,51100,53600,49100
1788593490,1,3:40,3,40,1021,40,3,1,51300,53500,49100
1788593491,1,3:40,3,40,1021,40,3,1,51300,53700,49100
1788593492,1,3:40,3,40,1019,40,3,1,51400,53500,49100
1788593493,1,3:40,3,40,1011,40,3,1,51200,53600,49100
1788593495,1,3:40,3,40,1021,40,3,1,51400,53400,49100
1788593496,1,3:40,3,40,1021,40,3,1,50900,53500,49000
1788593497,1,3:40,3,40,1021,40,3,1,51000,53600,49100
1788593498,1,3:40,3,40,1018,40,3,1,51300,53600,49100
1788593499,1,3:40,3,40,1019,40,3,1,51000,53700,49100
1788593501,1,3:40,3,40,1022,40,3,1,51200,53400,49000
1788593502,1,3:40,3,40,1018,40,3,1,50900,53700,49200
1788593503,1,3:40,3,40,1020,40,3,1,50800,54300,49100
1788593504,1,3:40,3,40,1019,40,3,1,51000,53600,49200
1788593506,1,3:40,3,40,1018,40,3,1,51500,53600,49200
1788593507,1,3:40,3,40,1022,40,3,1,51300,53500,49100
1788593508,1,3:40,3,40,1019,40,3,1,51100,53600,49100
1788593509,1,3:40,3,40,1018,40,3,1,51300,53700,49100
1788593510,1,3:40,3,40,1016,40,3,1,50800,54500,49100
1788593512,1,3:40,3,40,1020,40,3,1,51500,53600,49100
1788593513,1,3:40,3,40,1020,40,3,1,51200,53700,49200
1788593514,1,3:40,3,40,1020,40,3,1,50800,54300,49100
1788593515,1,3:40,3,40,1019,40,3,1,51200,53600,49100
1788593517,1,3:40,3,40,1021,40,3,1,51000,53600,49100
1788593518,1,3:40,3,40,1019,40,3,1,51200,53700,49200
1788593519,1,3:40,3,40,1017,40,3,1,51500,53600,49200
1788593520,1,3:40,3,40,1018,40,3,1,51400,53700,49200
1788593522,1,3:40,3,40,1017,40,3,1,50800,54500,49200
1788593523,1,3:40,3,40,1017,40,3,1,51200,53700,49200
1788593524,1,3:40,3,40,1017,40,3,1,51600,53700,49200
1788593525,1,3:40,3,40,1017,40,3,1,51200,53600,49200
1788593526,1,3:40,3,40,1019,40,3,1,51100,53800,49200
1788593528,1,3:40,3,40,1019,40,3,1,51400,53400,49200
1788593529,1,3:40,3,40,1016,40,3,1,51300,53700,49300
1788593530,1,3:40,3,40,1017,40,3,1,51600,53600,49200
1788593531,1,3:40,3,40,1016,40,3,1,51200,53900,49200
1788593533,1,3:40,3,40,1017,40,3,1,50900,54600,49200
1788593534,1,3:40,3,40,1018,40,3,1,50900,54600,49200
1788593535,1,3:40,3,40,1017,40,3,1,51500,53700,49200
1788593536,1,3:40,3,40,1017,40,3,1,51300,53900,49300
1788593537,1,3:40,3,40,1017,40,3,1,51100,54000,49200
1788593539,1,3:40,3,40,1015,40,3,1,51100,53800,49200
1788593540,1,3:40,3,40,1016,40,3,1,51200,53800,49200
1788593541,1,3:40,3,40,1017,40,3,1,50900,54600,49200
1788593542,1,3:40,3,40,1015,40,3,1,51100,54500,49200
1788593544,1,3:40,3,40,1023,40,3,1,50900,54600,49200
1788593545,1,3:40,3,40,1016,40,3,1,50800,54700,49300
1788593546,1,3:40,3,40,1015,40,3,1,50800,54600,49200
1788593547,1,3:40,3,40,1015,40,3,1,50700,54600,49200
1788593548,1,3:40,3,40,1014,40,3,1,51100,53800,49200
1788593550,1,3:40,3,40,1014,40,3,1,50700,54600,49200
1788593551,1,3:40,3,40,1014,40,3,1,51100,54600,49200
1788593552,1,3:40,3,40,1015,40,3,1,51200,53700,49300
1788593553,1,3:40,3,40,1016,40,3,1,51100,54500,49300
1788593555,1,3:40,3,40,1017,40,3,1,51300,53800,49300
1788593556,1,3:40,3,40,1016,40,3,1,51100,54500,49200
1788593557,1,3:40,3,40,1015,40,3,1,50800,54600,49300
1788593558,1,3:40,3,40,1014,40,3,1,51000,54000,49200
1788593560,1,3:40,3,40,1016,40,3,1,51200,54500,49300
1788593561,1,3:40,3,40,1013,40,3,1,51200,54600,49300
1788593562,1,3:40,3,40,1011,40,3,1,50900,54700,49300
1788593563,1,3:40,3,40,1014,40,3,1,51200,53900,49400
1788593564,1,3:40,3,40,1013,40,3,1,50900,54700,49300
1788593566,1,3:40,3,40,1015,40,3,1,51200,53800,49300
1788593567,1,3:40,3,40,1014,40,3,1,51300,54700,49500
1788593568,1,3:40,3,40,1012,40,3,1,50900,54700,49300
1788593569,1,3:40,3,40,1015,40,3,1,50900,54700,49300
1788593571,1,3:40,3,40,1013,40,3,1,50900,54700,49300
1788593572,1,3:40,3,40,1015,40,3,1,51200,53800,49300
1788593573,1,3:40,3,40,1014,40,3,1,51800,53800,49400
1788593574,1,3:40,3,40,1014,40,3,1,52300,55400,49500
1788593575,1,3:40,3,40,1014,40,3,1,51300,54000,49400
1788593577,1,3:40,3,40,1013,40,3,1,50900,54700,49300
1788593578,1,3:40,3,40,1017,40,3,1,51700,53800,49400
1788593579,1,3:40,3,40,1011,40,3,1,51700,53800,49300
1788593580,1,3:40,3,40,1014,40,3,1,51600,53800,49300
1788593582,1,3:40,3,40,1015,40,3,1,50900,54600,49300
1788593583,1,3:40,3,40,1013,40,3,1,50900,54800,49400
1788593584,1,3:40,3,40,1011,40,3,1,51700,53800,49300
1788593585,1,3:40,3,40,1013,40,3,1,51000,54700,49300
1788593586,1,3:40,3,40,1013,40,3,1,51000,54700,49300
1788593588,1,3:40,3,40,1013,40,3,1,51300,53900,49400
1788593589,1,3:40,3,40,1010,40,3,1,51400,54100,49500
1788593590,1,3:40,3,40,1012,40,3,1,51200,54000,49400
1788593591,1,3:40,3,40,1012,40,3,1,51100,54800,49400
1788593593,1,3:40,3,40,1009,40,3,1,51200,54000,49500
1788593594,1,3:40,3,40,1013,40,3,1,51500,54000,49500
1788593595,1,3:40,3,40,1011,40,3,1,51100,54700,49400
1788593596,1,3:40,3,40,1014,40,3,1,51100,54800,49300
1788593597,1,3:40,3,40,1010,40,3,1,51200,54900,49500
1788593599,1,3:40,3,40,1013,40,3,1,51400,53900,49400
1788593600,1,3:40,3,40,1011,40,3,1,51500,54800,49500
1788593601,1,3:40,3,40,1012,40,3,1,51400,53900,49500
1788593602,1,3:40,3,40,1011,40,3,1,51200,54200,49500
1788593604,1,3:40,3,40,1011,40,3,1,51000,54800,49400
1788593605,1,3:40,3,40,1009,40,3,1,51400,54000,49500
1788593606,1,3:40,3,40,1011,40,3,1,51400,54000,49500
1788593607,1,3:40,3,40,1011,40,3,1,51400,54700,49500
1788593608,1,3:40,3,40,1009,40,3,1,51500,54000,49500
1788593610,1,3:40,3,40,1012,40,3,1,51100,54800,49400
1788593611,1,3:40,3,40,1010,40,3,1,51100,54700,49400
1788593612,1,3:40,3,40,1010,40,3,1,51200,54800,49400
1788593613,1,3:40,3,40,1011,40,3,1,51400,54100,49600
1788593614,1,3:40,3,40,1009,40,3,1,51700,53900,49500
1788593616,1,3:40,3,40,1009,40,3,1,51300,54700,49500
1788593617,1,3:40,3,40,1007,40,3,1,51300,54000,49400
1788593618,1,3:40,3,40,1010,40,3,1,51800,53900,49500
1788593619,1,3:40,3,40,1009,40,3,1,51800,53900,49500
1788593621,1,3:40,3,40,1010,40,3,1,51800,53900,49500
1788593622,1,3:40,3,40,1009,40,3,1,51200,54800,49500
1788593623,1,3:40,3,40,1009,40,3,1,51400,54100,49500
1788593624,1,3:40,3,40,1011,40,3,1,51200,54200,49500
1788593625,1,3:40,3,40,1009,40,3,1,51200,54200,49500
1788593627,1,3:40,3,40,1010,40,3,1,51400,54000,49500
1788593628,1,3:40,3,40,1009,40,3,1,51500,55000,49600
1788593629,1,3:40,3,40,1010,40,3,1,51500,54200,49600
1788593630,1,3:40,3,40,1008,40,3,1,51400,54100,49600
1788593632,1,3:40,3,40,1009,40,3,1,51400,54000,49500
1788593633,1,3:40,3,40,1007,40,3,1,51400,54000,49500
1788593634,1,3:40,3,40,1007,40,3,1,51600,54700,49700
1788593635,1,3:40,3,40,1011,40,3,1,51200,54900,49600
1788593636,1,3:40,3,40,1007,40,3,1,51400,54000,49500
1788593638,1,3:40,3,40,1008,40,3,1,51100,54800,49500
1788593639,1,3:40,3,40,1006,40,3,1,51500,53900,49500
1788593640,1,3:40,3,40,1008,40,3,1,51400,55000,49600
1788593641,1,3:40,3,40,1008,40,3,1,51200,54900,49500
1788593642,1,3:40,3,40,1009,40,3,1,51400,54300,49600
1788593644,1,3:40,3,40,1008,40,3,1,51400,54100,49600
1788593645,1,3:40,3,40,1005,40,3,1,51200,54800,49600
1788593646,1,3:40,3,40,1006,40,3,1,51400,54100,49600
1788593647,1,3:40,3,40,1007,40,3,1,51500,54100,49500
1788593649,1,3:40,3,40,1007,40,3,1,51300,54200,49600
1788593650,1,3:40,3,40,1007,40,3,1,51500,54400,49600
1788593651,1,3:40,3,40,1005,40,3,1,51400,54800,49600
1788593652,1,3:40,3,40,1007,40,3,1,51500,54100,49600
1788593653,1,3:40,3,40,1007,40,3,1,51900,53900,49600
1788593655,1,3:40,3,40,1004,40,3,1,51500,54200,49600
1788593656,1,3:40,3,40,1005,40,3,1,51500,54200,49600
1788593657,1,3:40,3,40,1007,40,3,1,51400,54800,49600
1788593658,1,3:40,3,40,1009,40,3,1,51800,54400,49800
1788593660,1,3:40,3,40,1006,40,3,1,51700,54100,49600
1788593661,1,3:40,3,40,1007,40,3,1,51400,54300,49600
1788593662,1,3:40,3,40,1008,40,3,1,51500,54800,49600
1788593663,1,3:40,3,40,1007,40,3,1,51500,54300,49600
1788593664,1,3:40,3,40,1006,40,3,1,51500,54100,49600
1788593666,1,3:40,3,40,1009,40,3,1,51600,54100,49600
1788593667,1,3:40,3,40,1008,40,3,1,51500,54200,49600
1788593668,1,3:40,3,40,1007,40,3,1,51200,55000,49600
1788593669,1,3:40,3,40,1005,40,3,1,51900,54000,49600
1788593671,1,3:40,3,40,1007,40,3,1,51300,54900,49700
1788593672,1,3:40,3,40,1007,40,3,1,52000,54100,49600
1788593673,1,3:40,3,40,1006,40,3,1,51500,54200,49600
1788593674,1,3:40,3,40,1005,40,3,1,51400,54300,49600
1788593675,1,3:40,3,40,1004,40,3,1,51500,54200,49700
1788593677,1,3:40,3,40,1007,40,3,1,51800,54000,49600
1788593678,1,3:40,3,40,1007,40,3,1,51600,54200,49800
1788593679,1,3:40,3,40,1005,40,3,1,51400,54200,49600
1788593680,1,3:40,3,40,1004,40,3,1,51200,55000,49600
1788593682,1,3:40,3,40,1006,40,3,1,51600,54700,49600
1788593683,1,3:40,3,40,1005,40,3,1,51400,55000,49600
1788593684,1,3:40,3,40,1005,40,3,1,51300,55000,49600
1788593685,1,3:40,3,40,1006,40,3,1,51600,54200,49700
1788593686,1,3:40,3,40,1007,40,3,1,51900,54100,49600
1788593688,1,3:40,3,40,1004,40,3,1,52000,54100,49700
1788593689,1,3:40,3,40,1005,40,3,1,52500,54600,50000
1788593690,1,3:40,3,40,1004,40,3,1,52100,54200,49800
1788593691,1,3:40,3,40,1005,40,3,1,51600,54300,49700
1788593693,1,3:40,3,40,1004,40,3,1,51600,54300,49700
1788593694,1,3:40,3,40,1003,40,3,1,51900,54100,49600
1788593695,1,3:40,3,40,1004,40,3,1,51800,54100,49600
1788593696,1,3:40,3,40,1005,40,3,1,51900,54000,49700
1788593697,1,3:40,3,40,1005,40,3,1,51600,54800,49600
1788593699,1,3:40,3,40,1006,40,3,1,51400,54300,49600
1788593700,1,3:40,3,40,1003,40,3,1,51700,54200,49700
1788593701,1,3:40,3,40,1001,40,3,1,52100,54200,49700
1788593702,1,3:40,3,40,1003,40,3,1,51300,55100,49700
1788593704,1,3:40,3,40,1004,40,3,1,51700,54900,49700
1788593705,1,3:40,3,40,996,40,3,1,51600,54900,49700
1788593706,1,3:40,3,40,1004,40,3,1,51400,55000,49700
1788593707,1,3:40,3,40,1004,40,3,1,51500,54800,49600
1788593709,1,3:40,3,40,1005,40,3,1,51700,54200,49800
1788593710,1,3:40,3,40,1003,40,3,1,51700,54400,49700
1788593711,1,3:40,3,40,1004,40,3,1,51500,54300,49700
1788593712,1,3:40,3,40,1003,40,3,1,52000,54200,49700
1788593713,1,3:40,3,40,1004,40,3,1,51500,55000,49700
1788593715,1,3:40,3,40,1002,40,3,1,51700,55000,49700
1788593716,1,3:40,3,40,1002,40,3,1,51400,54400,49600
1788593717,1,3:40,3,40,1003,40,3,1,51400,55000,49700
1788593718,1,3:40,3,40,1011,40,3,1,51600,54200,49800
1788593720,1,3:40,3,40,1001,40,3,1,51900,54600,49900
1788593721,1,3:40,3,40,1002,40,3,1,51800,54200,49800
1788593722,1,3:40,3,40,1003,40,3,1,51800,54300,49800
1788593723,1,3:40,3,40,1002,40,3,1,51700,54300,49800
1788593724,1,3:40,3,40,1001,40,3,1,52000,54200,49800
1788593726,1,3:40,3,40,1001,40,3,1,51700,54400,49800
1788593727,1,3:40,3,40,1003,40,3,1,52000,54300,49700
1788593728,1,3:40,3,40,1002,40,3,1,51900,55000,49700
1788593729,1,3:40,3,40,1001,40,3,1,51500,55100,49800
1788593731,1,3:40,3,40,1004,40,3,1,51500,54400,49800
1788593732,1,3:40,3,40,1002,40,3,1,51400,55100,49700
1788593733,1,3:40,3,40,1004,40,3,1,51600,54400,49800
1788593734,1,3:40,3,40,1004,40,3,1,51800,54400,49900
1788593735,1,3:40,3,40,1000,40,3,1,52100,54200,49800
1788593737,1,3:40,3,40,999,40,3,1,51800,54900,49800
1788593738,1,3:40,3,40,1003,40,3,1,51600,54500,49800
1788593739,1,3:40,3,40,1003,40,3,1,51400,55100,49900
1788593740,1,3:40,3,40,1003,40,3,1,51600,54500,49700
1788593742,1,3:40,3,40,1002,40,3,1,51800,54200,49700
1788593743,1,3:40,3,40,1002,40,3,1,51400,55100,49700
1788593744,1,3:40,3,40,1003,40,3,1,51700,54300,49800
1788593745,1,3:40,3,40,1001,40,3,1,51700,54400,49800
1788593747,1,3:40,3,40,1002,40,3,1,51500,54400,49800
1788593748,1,3:40,3,40,1000,40,3,1,51500,55000,49700
1788593749,1,3:40,3,40,1001,40,3,1,51300,55000,49700
1788593750,1,3:40,3,40,1002,40,3,1,52700,54800,50100
1788593751,1,3:40,3,40,1002,40,3,1,51800,55000,49800
1788593753,1,3:40,3,40,1001,40,3,1,51800,54400,49900
1788593754,1,3:40,3,40,999,40,3,1,51800,54400,49800
1788593755,1,3:40,3,40,1000,40,3,1,51400,54400,49800
1788593756,1,3:40,3,40,1000,40,3,1,51600,55000,49700
1788593758,1,3:40,3,40,1003,40,3,1,51400,55100,49700
1788593759,1,3:40,3,40,999,40,3,1,51400,55100,49700
1788593760,1,3:40,3,40,1001,40,3,1,51800,54400,49700
1788593761,1,3:40,3,40,1000,40,3,1,51800,54300,49900
1788593762,1,3:40,3,40,1001,40,3,1,51700,54200,49800
1788593764,1,3:40,3,40,999,40,3,1,51700,54400,49800
1788593765,1,3:40,3,40,1000,40,3,1,51700,55000,49700
1788593766,1,3:40,3,40,1000,40,3,1,51400,55100,49800
1788593767,1,3:40,3,40,1001,40,3,1,51900,54200,49800
1788593769,1,3:40,3,40,1001,40,3,1,52100,54200,49900
1788593770,1,3:40,3,40,1001,40,3,1,51900,54200,49900
1788593771,1,3:40,3,40,1001,40,3,1,51600,54400,49800
1788593772,1,3:40,3,40,1002,40,3,1,51500,55100,49800
1788593774,1,3:40,3,40,999,40,3,1,52100,54400,49800
1788593775,1,3:40,3,40,1002,40,3,1,51600,54800,49900
1788593776,1,3:40,3,40,999,40,3,1,51600,54400,49900
1788593777,1,3:40,3,40,999,40,3,1,51600,54500,49800
1788593778,1,3:40,3,40,999,40,3,1,51400,55100,49800
1788593780,1,3:40,3,40,998,40,3,1,51700,55100,49800
1788593781,1,3:40,3,40,999,40,3,1,52200,55200,50000
1788593782,1,3:40,3,40,1001,40,3,1,51600,55100,49900
1788593783,1,3:40,3,40,998,40,3,1,51700,54200,49800
1788593785,1,3:40,3,40,1001,40,3,1,51400,55100,49800
1788593786,1,3:40,3,40,1002,40,3,1,51600,55000,49800
1788593787,1,3:40,3,40,998,40,3,1,52000,54900,49900
1788593788,1,3:40,3,40,1001,40,3,1,51600,54600,49900
1788593789,1,3:40,3,40,998,40,3,1,51800,54400,49900
1788593791,1,3:40,3,40,999,40,3,1,51800,54300,49900
1788593792,1,3:40,3,40,999,40,3,1,51800,55000,49800
1788593793,1,3:40,3,40,998,40,3,1,52300,54400,49900
1788593794,1,3:40,3,40,999,40,3,1,51700,54600,50000
1788593796,1,3:40,3,40,999,40,3,1,51800,54400,49900
1788593797,1,3:40,3,40,1000,40,3,1,51400,55100,49900
1788593798,1,3:40,3,40,998,40,3,1,51700,54500,49900
1788593799,1,3:40,3,40,998,40,3,1,51800,54500,49900
1788593800,1,3:40,3,40,1002,40,3,1,51800,55100,49900
1788593802,1,3:40,3,40,1000,40,3,1,51500,55200,49800
1788593803,1,3:40,3,40,999,40,3,1,51800,54500,49900
1788593804,1,3:40,3,40,1001,40,3,1,51800,54400,49900
1788593805,1,3:40,3,40,998,40,3,1,51900,54400,49900
1788593807,1,3:40,3,40,998,40,3,1,51700,54500,49900
1788593808,1,3:40,3,40,1000,40,3,1,51800,55100,49900
1788593809,1,3:40,3,40,998,40,3,1,51600,55100,49900
1788593810,1,3:40,3,40,1001,40,3,1,51800,54400,49900
1788593811,1,3:40,3,40,998,40,3,1,52000,54700,49900
1788593813,1,3:40,3,40,998,40,3,1,52100,54500,49900
1788593814,1,3:40,3,40,998,40,3,1,51700,54600,49900
1788593815,1,3:40,3,40,1000,40,3,1,51800,54500,49900
1788593816,1,3:40,3,40,998,40,3,1,52200,54500,49900
1788593818,1,3:40,3,40,997,40,3,1,51400,55100,49800
1788593819,1,3:40,3,40,999,40,3,1,51600,54600,49900
1788593820,1,3:40,3,40,997,40,3,1,51500,55200,49900
1788593821,2,3:35,3,35,997,35,3,1,51900,54800,50000
1788593823,2,3:35,3,35,998,35,3,1,51600,55300,50000
1788593824,2,3:35,3,35,998,35,3,1,51700,55200,49900
1788593825,2,3:35,3,35,998,35,3,1,52100,54200,49900
1788593826,2,3:35,3,35,1000,35,3,1,52100,54500,50000
1788593827,2,3:35,3,35,996,35,3,1,51800,55200,49900
1788593829,2,3:35,3,35,997,35,3,1,51900,55200,50000
1788593830,2,3:35,3,35,995,35,3,1,52000,54600,50100
1788593831,2,3:35,3,35,997,35,3,1,51600,55200,49900
1788593832,2,3:35,3,35,995,35,3,1,51800,55000,50000
1788593834,2,3:35,3,35,997,35,3,1,51600,55300,49900
1788593835,2,3:35,3,35,994,35,3,1,51900,54600,50000
1788593836,2,3:35,3,35,993,35,3,1,51800,54700,50000
1788593837,2,3:35,3,35,996,35,3,1,52200,54500,50000
1788593838,2,3:35,3,35,991,35,3,1,52700,54900,50200
1788593840,2,3:35,3,35,990,35,3,1,52100,54600,50100
1788593841,2,3:35,3,35,992,35,3,1,51900,54600,50100
1788593842,2,3:35,3,35,992,35,3,1,52200,55000,50100
1788593843,2,3:35,3,35,986,35,3,1,52000,54800,50100
1788593845,2,3:35,3,35,987,35,3,1,52000,54700,50100
1788593846,2,3:35,3,35,989,35,3,1,52000,54700,50200
1788593847,2,3:35,3,35,987,35,3,1,52300,54500,50100
1788593848,2,3:35,3,35,986,35,3,1,52500,54800,50100
1788593849,2,3:35,3,35,985,35,3,1,52000,54700,50200
1788593851,2,3:35,3,35,983,35,3,1,51900,55000,50100
1788593852,2,3:35,3,35,984,35,3,1,52100,54600,50200
1788593853,2,3:35,3,35,985,35,3,1,52000,55300,50200
1788593854,2,3:35,3,35,984,35,3,1,52100,54900,50200
1788593856,2,3:35,3,35,983,35,3,1,52100,54800,50200
1788593857,2,3:35,3,35,984,35,3,1,52300,54700,50200
1788593858,2,3:35,3,35,983,35,3,1,52200,54800,50200
1788593859,2,3:35,3,35,982,35,3,1,52500,54800,50200
1788593860,2,3:35,3,35,974,35,3,1,52500,54700,50200
1788593862,2,3:35,3,35,981,35,3,1,52100,55000,50300
1788593863,2,3:35,3,35,982,35,3,1,52400,54700,50200
1788593864,2,3:35,3,35,979,35,3,1,52900,55000,50500
1788593865,2,3:35,3,35,978,35,3,1,52300,54900,50500
1788593866,2,3:35,3,35,977,35,3,1,52600,54900,50400
1788593868,2,3:35,3,35,978,35,3,1,52700,54800,50400
1788593869,2,3:35,3,35,977,35,3,1,52400,54800,50400
1788593870,2,3:35,3,35,976,35,3,1,52400,55000,50400
1788593871,2,3:35,3,35,976,35,3,1,52000,55700,50300
1788593873,2,3:35,3,35,975,35,3,1,51800,55500,50300
1788593874,2,3:35,3,35,978,35,3,1,52400,55000,50400
1788593875,2,3:35,3,35,974,35,3,1,52000,55700,50400
1788593876,2,3:35,3,35,977,35,3,1,51900,55800,50400
1788593877,2,3:35,3,35,976,35,3,1,52200,55000,50400
1788593879,2,3:35,3,35,974,35,3,1,52400,55000,50500
1788593880,2,3:35,3,35,972,35,3,1,55000,58100,51500
1788593881,2,3:35,3,35,974,35,3,1,53200,55300,50800
1788593882,2,3:35,3,35,973,35,3,1,52500,55300,50600
1788593884,2,3:35,3,35,973,35,3,1,52400,55200,50600
1788593885,2,3:35,3,35,974,35,3,1,52400,55000,50600
1788593886,2,3:35,3,35,973,35,3,1,52400,55100,50600
1788593887,2,3:35,3,35,971,35,3,1,52500,55100,50600
1788593888,2,3:35,3,35,969,35,3,1,52800,54900,50500
1788593890,2,3:35,3,35,973,35,3,1,52600,55200,50600
1788593891,2,3:35,3,35,970,35,3,1,52900,55100,50600
1788593892,2,3:35,3,35,970,35,3,1,52600,55200,50600
1788593893,2,3:35,3,35,969,35,3,1,52500,55200,50600
1788593895,2,3:35,3,35,970,35,3,1,52500,55100,50600
1788593896,2,3:35,3,35,969,35,3,1,52400,55200,50600
1788593897,2,3:35,3,35,971,35,3,1,52400,55100,50600
1788593898,2,3:35,3,35,967,35,3,1,52600,55200,50600
1788593899,2,3:35,3,35,967,35,3,1,53600,56300,51300
1788593901,2,3:35,3,35,968,35,3,1,52400,55300,50800
1788593902,2,3:35,3,35,970,35,3,1,53000,55300,50700
1788593903,2,3:35,3,35,966,35,3,1,53100,55300,50700
1788593904,2,3:35,3,35,966,35,3,1,52600,55400,50800
1788593906,2,3:35,3,35,970,35,3,1,52700,55300,50700
1788593907,2,3:35,3,35,966,35,3,1,52400,55300,50700
1788593908,2,3:35,3,35,965,35,3,1,52500,55300,50700
1788593909,2,3:35,3,35,965,35,3,1,52400,56100,50700
1788593910,2,3:35,3,35,966,35,3,1,52500,55700,50700
1788593912,2,3:35,3,35,964,35,3,1,52700,55300,50800
1788593913,2,3:35,3,35,966,35,3,1,53000,55300,50700
1788593914,2,3:35,3,35,966,35,3,1,52400,56200,50800
1788593915,2,3:35,3,35,962,35,3,1,52800,55400,50800
1788593917,2,3:35,3,35,962,35,3,1,52700,55400,50800
1788593918,2,3:35,3,35,965,35,3,1,52500,55500,50800
1788593919,2,3:35,3,35,963,35,3,1,52700,56100,50800
1788593920,2,3:35,3,35,963,35,3,1,52700,56100,50900
1788593921,2,3:35,3,35,965,35,3,1,52700,55200,50800
1788593923,2,3:35,3,35,964,35,3,1,52800,55500,50900
1788593924,2,3:35,3,35,961,35,3,1,52800,55400,50900
1788593925,2,3:35,3,35,962,35,3,1,52900,55400,50900
1788593926,2,3:35,3,35,964,35,3,1,53300,55400,50900
1788593928,2,3:35,3,35,963,35,3,1,53100,55200,50900
1788593929,2,3:35,3,35,964,35,3,1,52700,55800,50900
1788593930,2,3:35,3,35,962,35,3,1,52800,55400,50800
1788593931,2,3:35,3,35,959,35,3,1,52500,56200,50800
1788593932,2,3:35,3,35,961,35,3,1,52700,56100,50900
1788593934,2,3:35,3,35,958,35,3,1,52900,55500,51000
1788593935,2,3:35,3,35,959,35,3,1,52600,56400,50900
1788593936,2,3:35,3,35,962,35,3,1,55600,58300,51700
1788593937,2,3:35,3,35,959,35,3,1,54000,56700,51700
1788593939,2,3:35,3,35,959,35,3,1,54200,56200,51600
1788593940,2,3:35,3,35,961,35,3,1,53500,56200,51400
1788593941,2,3:35,3,35,958,35,3,1,53600,56600,51400
1788593942,2,3:35,3,35,958,35,3,1,54000,56100,51400
1788593944,2,3:35,3,35,958,35,3,1,53800,56000,51400
1788593945,2,3:35,3,35,958,35,3,1,53800,56000,51400
1788593946,2,3:35,3,35,961,35,3,1,53000,56800,51300
1788593947,2,3:35,3,35,958,35,3,1,53800,55900,51300
1788593948,2,3:35,3,35,957,35,3,1,53400,56100,51400
1788593950,2,3:35,3,35,956,35,3,1,53900,56300,51400
1788593951,2,3:35,3,35,955,35,3,1,53400,56800,51300
1788593952,2,3:35,3,35,955,35,3,1,53400,55900,51400
1788593953,2,3:35,3,35,958,35,3,1,53500,56000,51400
1788593955,2,3:35,3,35,955,35,3,1,54000,56000,51400
1788593956,2,3:35,3,35,955,35,3,1,53800,56300,51500
1788593957,2,3:35,3,35,955,35,3,1,53700,56100,51400
1788593958,2,3:35,3,35,957,35,3,1,53400,56800,51400
1788593959,2,3:35,3,35,957,35,3,1,53700,57000,51500
1788593961,2,3:35,3,35,958,35,3,1,53400,57100,51500
1788593962,2,3:35,3,35,952,35,3,1,54000,56400,51500
1788593963,2,3:35,3,35,953,35,3,1,54300,56600,51900
1788593964,2,3:35,3,35,957,35,3,1,53200,56900,51500
1788593966,2,3:35,3,35,956,35,3,1,53500,56100,51500
1788593967,2,3:35,3,35,956,35,3,1,53400,55800,51400
1788593968,2,3:35,3,35,954,35,3,1,53300,55900,51400
1788593969,2,3:35,3,35,954,35,3,1,53300,55700,51400
1788593970,2,3:35,3,35,953,35,3,1,53300,55800,51300
1788593972,2,3:35,3,35,953,35,3,1,53200,55800,51300
1788593973,2,3:35,3,35,953,35,3,1,53200,55800,51200
1788593974,2,3:35,3,35,952,35,3,1,53500,56400,51300
1788593975,2,3:35,3,35,952,35,3,1,52900,56700,51300
1788593977,2,3:35,3,35,953,35,3,1,53100,55800,51400
1788593978,2,3:35,3,35,952,35,3,1,53500,55700,51300
1788593979,2,3:35,3,35,952,35,3,1,53600,55900,51400
1788593980,2,3:35,3,35,953,35,3,1,53600,55700,51400
1788593981,2,3:35,3,35,951,35,3,1,53500,55700,51300
1788593983,2,3:35,3,35,953,35,3,1,53400,55700,51300
1788593984,2,3:35,3,35,953,35,3,1,53500,55700,51300
1788593985,2,3:35,3,35,953,35,3,1,53300,55800,51300
1788593986,2,3:35,3,35,951,35,3,1,53500,55800,51400
1788593988,2,3:35,3,35,952,35,3,1,53600,55800,51300
1788593989,2,3:35,3,35,952,35,3,1,53300,55900,51300
1788593990,2,3:35,3,35,951,35,3,1,53600,55900,51300
1788593991,2,3:35,3,35,949,35,3,1,53700,55700,51300
1788593992,2,3:35,3,35,949,35,3,1,53200,55900,51400
1788593994,2,3:35,3,35,949,35,3,1,53600,55700,51300
1788593995,2,3:35,3,35,949,35,3,1,53700,55700,51300
1788593996,2,3:35,3,35,949,35,3,1,53600,56100,51500
1788593997,2,3:35,3,35,949,35,3,1,53700,55800,51300
1788593999,2,3:35,3,35,948,35,3,1,53300,56000,51400
1788594000,2,3:35,3,35,949,35,3,1,54300,56500,51400
1788594001,2,3:35,3,35,950,35,3,1,53800,55900,51500
1788594002,2,3:35,3,35,947,35,3,1,53300,56700,51400
1788594003,2,3:35,3,35,949,35,3,1,53700,56000,51400
1788594005,2,3:35,3,35,947,35,3,1,53200,55900,51300
1788594006,2,3:35,3,35,938,35,3,1,53700,55800,51400
1788594007,2,3:35,3,35,946,35,3,1,53300,55900,51500
1788594008,2,3:35,3,35,947,35,3,1,53400,55800,51400
1788594009,2,3:35,3,35,947,35,3,1,53700,55800,51500
1788594011,2,3:35,3,35,948,35,3,1,53700,55800,51400
1788594012,2,3:35,3,35,946,35,3,1,53600,55900,51400
1788594013,2,3:35,3,35,947,35,3,1,53800,55800,51400
1788594014,2,3:35,3,35,948,35,3,1,53000,56800,51400
1788594016,2,3:35,3,35,949,35,3,1,53000,56800,51400
1788594017,2,3:35,3,35,946,35,3,1,53700,55900,51400
1788594018,2,3:35,3,35,949,35,3,1,53700,55800,51500
1788594019,2,3:35,3,35,946,35,3,1,53700,55800,51400
1788594020,2,3:35,3,35,947,35,3,1,53700,55800,51400
1788594022,2,3:35,3,35,948,35,3,1,53800,56000,51400
1788594023,2,3:35,3,35,945,35,3,1,53600,55800,51400
1788594024,2,3:35,3,35,949,35,3,1,53400,55800,51400
1788594025,2,3:35,3,35,948,35,3,1,53400,56000,51500
1788594027,2,3:35,3,35,946,35,3,1,53800,56200,51600
1788594028,2,3:35,3,35,945,35,3,1,53300,56000,51500
1788594029,2,3:35,3,35,946,35,3,1,53400,56100,51500
1788594030,2,3:35,3,35,945,35,3,1,53400,56000,51500
1788594031,2,3:35,3,35,945,35,3,1,53700,56000,51500
1788594033,2,3:35,3,35,945,35,3,1,53400,55900,51500
1788594034,2,3:35,3,35,943,35,3,1,53800,55900,51500
1788594035,2,3:35,3,35,946,35,3,1,53000,56200,51400
1788594036,2,3:35,3,35,945,35,3,1,53200,56900,51500
1788594038,2,3:35,3,35,946,35,3,1,53200,56200,51500
1788594039,2,3:35,3,35,944,35,3,1,53700,56000,51500
1788594040,2,3:35,3,35,943,35,3,1,53000,56800,51500
1788594041,2,3:35,3,35,943,35,3,1,53500,56000,51500
1788594042,2,3:35,3,35,944,35,3,1,53200,56800,51500
1788594044,2,3:35,3,35,945,35,3,1,53300,56200,51500
1788594045,2,3:35,3,35,944,35,3,1,53200,56100,51500
1788594046,2,3:35,3,35,944,35,3,1,53900,56400,51600
1788594047,2,3:35,3,35,944,35,3,1,53200,56400,51500
1788594049,2,3:35,3,35,944,35,3,1,53800,56100,51500
1788594050,2,3:35,3,35,945,35,3,1,53400,56000,51500
1788594051,2,3:35,3,35,942,35,3,1,54100,56300,51600
1788594052,2,3:35,3,35,945,35,3,1,55000,58100,52200
1788594053,2,3:35,3,35,941,35,3,1,54000,56600,52000
1788594055,2,3:35,3,35,939,35,3,1,53300,57200,51700
1788594056,2,3:35,3,35,943,35,3,1,53600,56200,51800
1788594057,2,3:35,3,35,939,35,3,1,53900,56700,51800
1788594058,2,3:35,3,35,941,35,3,1,54000,56100,51700
1788594059,2,3:35,3,35,941,35,3,1,53800,56200,51700
1788594061,2,3:35,3,35,939,35,3,1,53400,56500,51700
1788594062,2,3:35,3,35,939,35,3,1,53300,57000,51500
1788594063,2,3:35,3,35,940,35,3,1,53700,56200,51700
1788594064,2,3:35,3,35,940,35,3,1,53400,56300,51600
1788594066,2,3:35,3,35,941,35,3,1,53700,56100,51700
1788594067,2,3:35,3,35,942,35,3,1,53500,56200,51600
1788594068,2,3:35,3,35,941,35,3,1,53700,56500,51700
1788594069,2,3:35,3,35,941,35,3,1,53500,56900,51700
1788594070,2,3:35,3,35,941,35,3,1,53500,56200,51700
1788594072,2,3:35,3,35,940,35,3,1,53500,56800,51600
1788594073,2,3:35,3,35,942,35,3,1,54300,57900,52000
1788594074,2,3:35,3,35,940,35,3,1,53800,57600,52000
1788594075,2,3:35,3,35,942,35,3,1,53600,56300,51800
1788594077,2,3:35,3,35,938,35,3,1,53800,56300,51800
1788594078,2,3:35,3,35,941,35,3,1,53600,56400,51800
1788594079,2,3:35,3,35,938,35,3,1,53700,56400,51800
1788594080,2,3:35,3,35,938,35,3,1,54000,56100,51700
1788594081,2,3:35,3,35,941,35,3,1,53700,56400,51800
1788594083,2,3:35,3,35,937,35,3,1,53400,56400,51700
1788594084,2,3:35,3,35,939,35,3,1,53500,56500,51700
1788594085,2,3:35,3,35,938,35,3,1,53400,57200,51700
1788594086,2,3:35,3,35,938,35,3,1,53200,57000,51700
1788594087,2,3:35,3,35,936,35,3,1,53700,57400,51800
1788594089,2,3:35,3,35,938,35,3,1,53600,56400,51800
1788594090,2,3:35,3,35,938,35,3,1,53700,56400,51800
1788594091,2,3:35,3,35,939,35,3,1,54100,56200,51800
1788594092,2,3:35,3,35,937,35,3,1,54100,56200,51700
1788594094,2,3:35,3,35,936,35,3,1,54000,56100,51700
1788594095,2,3:35,3,35,938,35,3,1,54100,56200,51700
1788594096,2,3:35,3,35,935,35,3,1,53600,56400,51800
1788594097,2,3:35,3,35,938,35,3,1,53300,57000,51700
1788594098,2,3:35,3,35,938,35,3,1,53800,56400,51800
1788594100,2,3:35,3,35,936,35,3,1,53600,56300,51800
1788594101,2,3:35,3,35,936,35,3,1,53800,56900,51700
1788594102,2,3:35,3,35,937,35,3,1,53400,57100,51700
1788594103,2,3:35,3,35,936,35,3,1,53700,56400,51800
1788594105,2,3:35,3,35,936,35,3,1,53500,56400,51800
1788594106,2,3:35,3,35,937,35,3,1,53400,57000,51800
1788594107,2,3:35,3,35,936,35,3,1,53600,56200,51800
1788594108,2,3:35,3,35,937,35,3,1,53900,56400,51800
1788594109,2,3:35,3,35,935,35,3,1,54000,56300,51800
1788594111,2,3:35,3,35,935,35,3,1,54000,56200,51700
1788594112,2,3:35,3,35,935,35,3,1,53600,56400,51800
1788594113,2,3:35,3,35,935,35,3,1,53600,56400,51800
1788594114,2,3:35,3,35,935,35,3,1,53700,56300,51800
1788594116,2,3:35,3,35,934,35,3,1,53500,56600,51800
1788594117,2,3:35,3,35,938,35,3,1,53700,56300,51800
1788594118,2,3:35,3,35,936,35,3,1,54200,57000,51800
1788594119,2,3:35,3,35,935,35,3,1,53500,57300,51800
1788594120,2,3:35,3,35,938,35,3,1,53800,56400,51900
1788594122,2,3:35,3,35,935,35,3,1,53700,56300,51800
1788594123,2,3:35,3,35,936,35,3,1,54200,56200,51800
1788594124,2,3:35,3,35,934,35,3,1,53400,57300,51800
1788594125,2,3:35,3,35,936,35,3,1,53900,57000,51800
1788594127,2,3:35,3,35,935,35,3,1,54000,56600,52000
1788594128,2,3:35,3,35,934,35,3,1,53600,56300,51800
1788594129,2,3:35,3,35,934,35,3,1,53500,57200,51800
1788594130,2,3:35,3,35,934,35,3,1,53900,56400,51900
1788594131,2,3:35,3,35,935,35,3,1,53800,56400,51900
1788594133,2,3:35,3,35,937,35,3,1,53800,56400,51900
1788594134,2,3:35,3,35,934,35,3,1,53500,57200,51900
1788594135,2,3:35,3,35,933,35,3,1,54200,56200,51800
1788594136,2,3:35,3,35,933,35,3,1,53500,57300,51900
1788594138,2,3:35,3,35,936,35,3,1,54200,56300,51900
1788594139,2,3:35,3,35,933,35,3,1,53700,56400,51900
1788594140,2,3:35,3,35,932,35,3,1,53800,56500,51800
1788594141,2,3:35,3,35,934,35,3,1,53800,56300,51800
1788594143,2,3:35,3,35,933,35,3,1,53700,57200,51900
1788594144,2,3:35,3,35,936,35,3,1,53500,57300,51900
1788594145,2,3:35,3,35,934,35,3,1,53900,56400,51900
1788594146,2,3:35,3,35,932,35,3,1,53700,57300,51900
1788594147,2,3:35,3,35,933,35,3,1,53600,56600,51900
1788594149,2,3:35,3,35,933,35,3,1,53800,56500,52000
1788594150,2,3:35,3,35,934,35,3,1,53900,56600,52000
1788594151,2,3:35,3,35,933,35,3,1,53800,56600,52000
1788594152,2,3:35,3,35,933,35,3,1,53600,57300,51900
1788594153,2,3:35,3,35,933,35,3,1,54300,56400,51900
1788594155,2,3:35,3,35,933,35,3,1,54200,56400,51900
1788594156,2,3:35,3,35,934,35,3,1,54200,56300,51900
1788594157,2,3:35,3,35,931,35,3,1,53700,56500,51900
1788594158,2,3:35,3,35,932,35,3,1,54400,56400,52000
1788594160,2,3:35,3,35,934,35,3,1,54300,56400,52000
1788594161,2,3:35,3,35,932,35,3,1,53800,56500,52000
1788594162,2,3:35,3,35,932,35,3,1,54100,57100,51900
1788594163,2,3:35,3,35,932,35,3,1,54300,57200,52000
1788594164,2,3:35,3,35,932,35,3,1,54100,56400,51900
1788594166,2,3:35,3,35,929,35,3,1,53800,56600,51900
1788594167,2,3:35,3,35,931,35,3,1,54100,57000,51800
1788594168,2,3:35,3,35,930,35,3,1,53500,57300,51800
1788594169,2,3:35,3,35,932,35,3,1,53500,57200,51900
1788594171,2,3:35,3,35,931,35,3,1,53500,57200,51800
1788594172,2,3:35,3,35,930,35,3,1,53600,56500,51900
1788594173,2,3:35,3,35,930,35,3,1,54000,57400,52000
1788594174,2,3:35,3,35,927,35,3,1,53900,57300,51900
1788594175,2,3:35,3,35,932,35,3,1,54000,56600,52000
1788594177,2,3:35,3,35,930,35,3,1,54100,56400,51900
1788594178,2,3:35,3,35,931,35,3,1,54200,56400,51900
1788594179,2,3:35,3,35,932,35,3,1,53900,57300,51900
1788594180,2,3:35,3,35,930,35,3,1,53800,56800,52100
1788594182,2,3:35,3,35,929,35,3,1,53900,57300,52000
1788594183,2,3:35,3,35,930,35,3,1,53900,56600,52000
1788594184,2,3:35,3,35,932,35,3,1,53600,57400,51900
1788594185,2,3:35,3,35,933,35,3,1,55500,57600,52800
1788594186,2,3:35,3,35,929,35,3,1,55000,57700,52800
1788594188,2,3:35,3,35,930,35,3,1,54800,57000,52400
1788594189,2,3:35,3,35,930,35,3,1,54600,57000,52500
1788594190,2,3:35,3,35,932,35,3,1,54800,56900,52300
1788594191,2,3:35,3,35,930,35,3,1,54800,57000,52300
1788594193,2,3:35,3,35,929,35,3,1,55000,57200,52400
1788594194,2,3:35,3,35,932,35,3,1,55000,58100,52500
1788594195,2,3:35,3,35,929,35,3,1,54300,57200,52600
1788594196,2,3:35,3,35,932,35,3,1,54300,56900,52300
1788594198,2,3:35,3,35,927,35,3,1,57700,59800,53900
1788594199,2,3:35,3,35,931,35,3,1,54700,58300,52700
1788594200,2,3:35,3,35,928,35,3,1,54800,57600,52700
1788594201,2,3:35,3,35,930,35,3,1,55200,57400,52600
1788594202,2,3:35,3,35,927,35,3,1,54700,57300,52600
1788594204,2,3:35,3,35,931,35,3,1,54500,57500,52500
1788594205,2,3:35,3,35,930,35,3,1,55100,57300,52600
1788594206,2,3:35,3,35,926,35,3,1,55100,57200,52600
1788594207,2,3:35,3,35,924,35,3,1,54500,57900,52400
1788594209,2,3:35,3,35,929,35,3,1,54400,58100,52500
1788594210,2,3:35,3,35,931,35,3,1,55000,57200,52500
1788594211,2,3:35,3,35,927,35,3,1,55100,57300,52600
1788594212,2,3:35,3,35,929,35,3,1,55100,57800,52500
1788594213,2,3:35,3,35,928,35,3,1,54900,57300,52600
1788594215,2,3:35,3,35,927,35,3,1,55000,57100,52600
1788594216,2,3:35,3,35,929,35,3,1,54600,57100,52600
1788594217,2,3:35,3,35,932,35,3,1,55100,57200,52500
1788594218,2,3:35,3,35,929,35,3,1,54400,58100,52500
1788594220,2,3:35,3,35,929,35,3,1,54500,57400,52500
1788594221,2,3:35,3,35,926,35,3,1,55000,57200,52500
1788594222,2,3:35,3,35,927,35,3,1,55000,57100,52500
1788594223,2,3:35,3,35,928,35,3,1,54700,58200,52600
1788594224,2,3:35,3,35,927,35,3,1,54500,58100,52500
1788594226,2,3:35,3,35,927,35,3,1,54600,57300,52600
1788594227,2,3:35,3,35,926,35,3,1,54500,57300,52500
1788594228,2,3:35,3,35,927,35,3,1,55000,57300,52500
1788594229,2,3:35,3,35,927,35,3,1,55000,57100,52600
1788594231,2,3:35,3,35,928,35,3,1,54800,57300,52500
1788594232,2,3:35,3,35,929,35,3,1,55000,57300,52500
1788594233,2,3:35,3,35,925,35,3,1,55200,57200,52600
1788594234,2,3:35,3,35,925,35,3,1,55000,57100,52500
1788594235,2,3:35,3,35,927,35,3,1,54800,57200,52600
1788594237,2,3:35,3,35,927,35,3,1,54700,57300,52600
1788594238,2,3:35,3,35,925,35,3,1,55200,57300,52600
1788594239,2,3:35,3,35,926,35,3,1,55000,57300,52600
1788594240,2,3:35,3,35,928,35,3,1,57100,60000,53800
1788594242,2,3:35,3,35,922,35,3,1,54600,58000,52700
1788594243,2,3:35,3,35,926,35,3,1,54200,58000,52500
1788594244,2,3:35,3,35,925,35,3,1,54300,57900,52500
1788594245,2,3:35,3,35,924,35,3,1,54300,56900,52400
1788594247,2,3:35,3,35,924,35,3,1,54400,57100,52400
1788594248,2,3:35,3,35,923,35,3,1,54600,57000,52400
1788594249,2,3:35,3,35,924,35,3,1,54300,57000,52300
1788594250,2,3:35,3,35,923,35,3,1,54300,57000,52300
1788594251,2,3:35,3,35,923,35,3,1,54000,57100,52300
1788594253,2,3:35,3,35,923,35,3,1,54000,57800,52300
1788594254,2,3:35,3,35,926,35,3,1,54200,56900,52300
1788594255,2,3:35,3,35,923,35,3,1,54200,57000,52300
1788594256,2,3:35,3,35,923,35,3,1,54600,56800,52300
1788594258,2,3:35,3,35,924,35,3,1,54200,57000,52400
1788594259,2,3:35,3,35,924,35,3,1,54000,56900,52300
1788594260,2,3:35,3,35,925,35,3,1,53800,57600,52200
1788594261,2,3:35,3,35,924,35,3,1,54100,56900,52300
1788594262,2,3:35,3,35,921,35,3,1,54300,56800,52400
1788594264,2,3:35,3,35,923,35,3,1,54100,57000,52300
1788594265,2,3:35,3,35,921,35,3,1,54600,56700,52300
1788594266,2,3:35,3,35,923,35,3,1,53800,57600,52300
1788594267,2,3:35,3,35,923,35,3,1,54200,56800,52300
1788594269,2,3:35,3,35,925,35,3,1,54400,57200,52400
1788594270,2,3:35,3,35,922,35,3,1,54200,57000,52300
1788594271,2,3:35,3,35,923,35,3,1,54100,57000,52300
1788594272,2,3:35,3,35,922,35,3,1,54200,56900,52300
1788594273,2,3:35,3,35,923,35,3,1,54600,56900,52300
1788594275,2,3:35,3,35,919,35,3,1,54100,56800,52300
1788594276,2,3:35,3,35,922,35,3,1,54100,56900,52200
1788594277,2,3:35,3,35,924,35,3,1,54000,57700,52300
1788594278,2,3:35,3,35,919,35,3,1,54100,57000,52300
1788594280,2,3:35,3,35,920,35,3,1,54000,57000,52300
1788594281,2,3:35,3,35,920,35,3,1,54100,56900,52300
1788594282,2,3:35,3,35,922,35,3,1,53900,57600,52300
1788594283,2,3:35,3,35,920,35,3,1,54100,57000,52300
1788594285,2,3:35,3,35,924,35,3,1,54100,57200,52300
1788594286,2,3:35,3,35,922,35,3,1,54700,56900,52300
1788594287,2,3:35,3,35,919,35,3,1,54200,56900,52300
1788594288,2,3:35,3,35,921,35,3,1,54800,57500,52300
1788594289,2,3:35,3,35,920,35,3,1,54700,56900,52400
1788594291,2,3:35,3,35,920,35,3,1,54300,57100,52300
1788594292,2,3:35,3,35,922,35,3,1,54500,57100,52400
1788594293,2,3:35,3,35,921,35,3,1,54200,57600,52300
1788594294,2,3:35,3,35,921,35,3,1,53900,57700,52300
1788594296,2,3:35,3,35,921,35,3,1,54500,56900,52300
1788594297,2,3:35,3,35,922,35,3,1,54600,57100,52300
1788594298,2,3:35,3,35,923,35,3,1,54300,56900,52300
1788594299,2,3:35,3,35,920,35,3,1,54600,57600,52300
1788594300,2,3:35,3,35,922,35,3,1,54200,56900,52300
1788594302,2,3:35,3,35,919,35,3,1,54300,57000,52300
1788594303,2,3:35,3,35,921,35,3,1,54100,57800,52400
1788594304,2,3:35,3,35,919,35,3,1,54500,56800,52300
1788594305,2,3:35,3,35,923,35,3,1,54000,57800,52400
1788594307,2,3:35,3,35,920,35,3,1,54100,56800,52300
1788594308,2,3:35,3,35,922,35,3,1,54100,56900,52300
1788594309,2,3:35,3,35,921,35,3,1,54000,57800,52400
1788594310,2,3:35,3,35,916,35,3,1,54300,57600,52300
1788594311,2,3:35,3,35,918,35,3,1,54200,57700,52300
1788594313,2,3:35,3,35,919,35,3,1,54100,57800,52300
1788594314,2,3:35,3,35,921,35,3,1,54100,57600,52300
1788594315,2,3:35,3,35,919,35,3,1,54100,57800,52400
1788594316,2,3:35,3,35,919,35,3,1,54200,57000,52300
1788594318,2,3:35,3,35,923,35,3,1,54700,56900,52300
1788594319,2,3:35,3,35,920,35,3,1,54800,57000,52400
1788594320,2,3:35,3,35,920,35,3,1,54300,57000,52400
1788594321,2,3:35,3,35,922,35,3,1,54800,56900,52300
1788594322,2,3:35,3,35,921,35,3,1,54600,56800,52400
1788594324,2,3:35,3,35,920,35,3,1,54700,57000,52400
1788594325,2,3:35,3,35,919,35,3,1,54800,56900,52400
1788594326,2,3:35,3,35,920,35,3,1,54800,56900,52300
1788594327,2,3:35,3,35,918,35,3,1,54400,57100,52400
1788594329,2,3:35,3,35,918,35,3,1,54400,57000,52400
1788594330,2,3:35,3,35,917,35,3,1,54400,57100,52400
1788594331,2,3:35,3,35,918,35,3,1,54100,57800,52300
1788594332,2,3:35,3,35,919,35,3,1,54400,56900,52400
1788594333,2,3:35,3,35,920,35,3,1,54800,57200,52500
1788594335,2,3:35,3,35,916,35,3,1,54600,57000,52400
1788594336,2,3:35,3,35,916,35,3,1,54800,57000,52400
1788594337,2,3:35,3,35,919,35,3,1,54700,58300,52400
1788594338,2,3:35,3,35,919,35,3,1,54500,57200,52500
1788594340,2,3:35,3,35,918,35,3,1,54500,57100,52500
1788594341,2,3:35,3,35,917,35,3,1,54800,56900,52400
1788594342,2,3:35,3,35,915,35,3,1,54700,56800,52400
1788594343,2,3:35,3,35,917,35,3,1,54100,57800,52400
1788594344,2,3:35,3,35,917,35,3,1,54100,57800,52400
1788594346,2,3:35,3,35,917,35,3,1,54200,57100,52400
1788594347,2,3:35,3,35,918,35,3,1,54700,57000,52400
1788594348,2,3:35,3,35,920,35,3,1,54700,57000,52400
1788594349,2,3:35,3,35,920,35,3,1,54100,56900,52300
1788594351,2,3:35,3,35,918,35,3,1,54500,56900,52400
1788594352,2,3:35,3,35,917,35,3,1,54100,57300,52400
1788594353,2,3:35,3,35,917,35,3,1,54200,57100,52400
1788594354,2,3:35,3,35,917,35,3,1,54400,57200,52500
1788594355,2,3:35,3,35,918,35,3,1,54300,57100,52400
1788594357,2,3:35,3,35,917,35,3,1,54200,57000,52300
1788594358,2,3:35,3,35,918,35,3,1,54700,56900,52500
1788594359,2,3:35,3,35,917,35,3,1,54400,57100,52400
1788594360,2,3:35,3,35,918,35,3,1,54300,57200,52500
1788594362,2,3:35,3,35,916,35,3,1,54400,57100,52400
1788594363,2,3:35,3,35,918,35,3,1,54200,57000,52400
1788594364,2,3:35,3,35,917,35,3,1,55000,57100,52600
1788594365,2,3:35,3,35,918,35,3,1,54500,57100,52500
1788594366,2,3:35,3,35,916,35,3,1,54400,57200,52500
1788594368,2,3:35,3,35,919,35,3,1,54200,57800,52500
1788594369,2,3:35,3,35,914,35,3,1,54300,57100,52500
1788594370,2,3:35,3,35,920,35,3,1,54300,57100,52500
1788594371,2,3:35,3,35,916,35,3,1,54500,57200,52500
1788594373,2,3:35,3,35,917,35,3,1,54500,57100,52400
1788594374,2,3:35,3,35,917,35,3,1,54500,57200,52500
1788594375,2,3:35,3,35,917,35,3,1,54300,57100,52400
1788594376,2,3:35,3,35,918,35,3,1,54800,57000,52500
1788594377,2,3:35,3,35,917,35,3,1,54800,57000,52400
1788594379,2,3:35,3,35,918,35,3,1,54500,58000,52500
1788594380,2,3:35,3,35,916,35,3,1,54200,57900,52400
1788594381,2,3:35,3,35,917,35,3,1,54700,57100,52600
1788594382,2,3:35,3,35,916,35,3,1,54400,57200,52500
1788594384,2,3:35,3,35,916,35,3,1,54400,57100,52500
1788594385,2,3:35,3,35,917,35,3,1,54200,57800,52500
1788594386,2,3:35,3,35,919,35,3,1,54200,57900,52500
1788594387,2,3:35,3,35,916,35,3,1,54500,57700,52500
1788594388,2,3:35,3,35,915,35,3,1,54400,57100,52500
1788594390,2,3:35,3,35,914,35,3,1,54400,57100,52500
1788594391,2,3:35,3,35,915,35,3,1,54200,57200,52500
1788594392,2,3:35,3,35,917,35,3,1,54400,57200,52500
1788594393,2,3:35,3,35,915,35,3,1,54400,57300,52500
1788594395,2,3:35,3,35,918,35,3,1,54700,57200,52600
1788594396,2,3:35,3,35,915,35,3,1,54400,57300,52600
1788594397,2,3:35,3,35,918,35,3,1,54200,57900,52600
1788594398,2,3:35,3,35,915,35,3,1,54300,57800,52500
1788594399,2,3:35,3,35,916,35,3,1,55000,57300,52600
1788594401,2,3:35,3,35,917,35,3,1,54200,57900,52600
1788594402,2,3:35,3,35,915,35,3,1,54500,57800,52500
1788594403,2,3:35,3,35,917,35,3,1,54300,57200,52500
1788594404,2,3:35,3,35,915,35,3,1,54300,57200,52600
1788594406,2,3:35,3,35,916,35,3,1,54400,57100,52500
1788594407,2,3:35,3,35,916,35,3,1,54800,57000,52500
1788594408,2,3:35,3,35,917,35,3,1,56800,58900,52900
1788594409,2,3:35,3,35,915,35,3,1,54800,57400,52600
1788594410,2,3:35,3,35,916,35,3,1,54500,57300,52600
1788594412,2,3:35,3,35,916,35,3,1,54400,58200,52700
1788594413,2,3:35,3,35,915,35,3,1,54300,58100,52600
1788594414,2,3:35,3,35,919,35,3,1,54900,57100,52600
1788594415,2,3:35,3,35,915,35,3,1,54500,57200,52600
1788594417,2,3:35,3,35,914,35,3,1,54900,57200,52600
1788594418,2,3:35,3,35,914,35,3,1,54400,57000,52600
1788594419,2,3:35,3,35,915,35,3,1,54900,57100,52600
1788594420,2,3:35,3,35,916,35,3,1,54900,57000,52600
1788594422,2,3:35,3,35,916,35,3,1,54500,57200,52600
1788594423,2,3:35,3,35,917,35,3,1,54900,57000,52600
1788594424,2,3:35,3,35,913,35,3,1,55000,57200,52600
1788594425,2,3:35,3,35,916,35,3,1,54600,57300,52600
1788594426,2,3:35,3,35,913,35,3,1,55300,57600,52700
1788594428,2,3:35,3,35,908,35,3,1,55000,57200,52600
1788594429,2,3:35,3,35,914,35,3,1,54500,57200,52600
1788594430,2,3:35,3,35,909,35,3,1,55000,57100,52600
1788594431,2,3:35,3,35,913,35,3,1,54500,57200,52600
1788594432,2,3:35,3,35,914,35,3,1,54800,57200,52600
1788594434,2,3:35,3,35,913,35,3,1,56200,58800,53700
1788594435,2,3:35,3,35,912,35,3,1,56400,58900,53700
1788594436,2,3:35,3,35,912,35,3,1,57100,61000,53800
1788594438,2,3:35,3,35,905,35,3,1,55600,57800,53200
1788594439,2,3:35,3,35,914,35,3,1,55300,57400,52900
1788594440,2,3:35,3,35,914,35,3,1,55100,57300,52800
1788594441,2,3:35,3,35,915,35,3,1,55100,57300,52800
1788594442,2,3:35,3,35,914,35,3,1,55000,57200,52700
1788594444,2,3:35,3,35,914,35,3,1,55100,57300,52700
1788594445,2,3:35,3,35,914,35,3,1,54500,57400,52700
1788594446,2,3:35,3,35,914,35,3,1,54600,57300,52700
1788594447,2,3:35,3,35,916,35,3,1,54600,57300,52700
1788594449,2,3:35,3,35,916,35,3,1,54600,57400,52700
1788594450,2,3:35,3,35,913,35,3,1,54400,58100,52600
1788594451,2,3:35,3,35,913,35,3,1,54300,58200,52600
1788594452,2,3:35,3,35,916,35,3,1,54600,57300,52600
1788594453,2,3:35,3,35,915,35,3,1,54600,57500,52700
1788594455,2,3:35,3,35,914,35,3,1,54600,57300,52600
1788594456,2,3:35,3,35,913,35,3,1,54700,58100,52700
1788594457,2,3:35,3,35,914,35,3,1,54600,57200,52600
1788594458,2,3:35,3,35,913,35,3,1,55000,58000,52700
1788594460,2,3:35,3,35,913,35,3,1,54500,57300,52600
1788594461,2,3:35,3,35,914,35,3,1,55000,57300,52700
1788594462,2,3:35,3,35,913,35,3,1,54500,58200,52700
1788594463,2,3:35,3,35,914,35,3,1,54500,58100,52600
1788594465,2,3:35,3,35,912,35,3,1,54600,57400,52700
1788594466,2,3:35,3,35,910,35,3,1,54500,57400,52700
1788594467,2,3:35,3,35,913,35,3,1,54300,58200,52600
1788594468,2,3:35,3,35,914,35,3,1,54500,58100,52600
1788594469,2,3:35,3,35,913,35,3,1,55000,57300,52700
1788594471,2,3:35,3,35,916,35,3,1,54400,58200,52700
1788594472,2,3:35,3,35,913,35,3,1,55100,57300,52700
1788594473,2,3:35,3,35,914,35,3,1,55000,57100,52700
1788594474,2,3:35,3,35,913,35,3,1,54500,57300,52600
1788594476,2,3:35,3,35,913,35,3,1,54400,58100,52600
1788594477,2,3:35,3,35,913,35,3,1,54600,57300,52700
1788594478,2,3:35,3,35,913,35,3,1,54600,57400,52700
1788594479,2,3:35,3,35,914,35,3,1,54900,58000,52700
1788594480,2,3:35,3,35,911,35,3,1,54500,57300,52600
1788594482,2,3:35,3,35,915,35,3,1,54900,58000,52600
1788594483,2,3:35,3,35,913,35,3,1,54600,58100,52700
1788594484,2,3:35,3,35,912,35,3,1,54500,57300,52700
1788594485,2,3:35,3,35,911,35,3,1,54800,58000,52600
1788594487,2,3:35,3,35,910,35,3,1,55200,57400,52900
1788594488,2,3:35,3,35,913,35,3,1,54500,57400,52700
1788594489,2,3:35,3,35,908,35,3,1,54400,58100,52700
1788594490,2,3:35,3,35,914,35,3,1,55100,57300,52800
1788594491,2,3:35,3,35,913,35,3,1,55100,57200,52700
1788594493,2,3:35,3,35,913,35,3,1,54400,58200,52600
1788594494,2,3:35,3,35,911,35,3,1,54400,58200,52700
1788594495,2,3:35,3,35,912,35,3,1,54500,57300,52800
1788594496,2,3:35,3,35,911,35,3,1,55100,58000,52800
1788594498,2,3:35,3,35,912,35,3,1,55000,57200,52800
1788594499,2,3:35,3,35,911,35,3,1,54600,58100,52700
1788594500,2,3:35,3,35,914,35,3,1,54500,57300,52700
1788594501,2,3:35,3,35,911,35,3,1,54600,57200,52600
1788594502,2,3:35,3,35,913,35,3,1,54600,57300,52700
1788594504,2,3:35,3,35,912,35,3,1,54800,57200,52600
1788594505,2,3:35,3,35,912,35,3,1,55000,57300,52700
1788594506,2,3:35,3,35,912,35,3,1,55100,57200,52800
1788594507,2,3:35,3,35,912,35,3,1,55400,58200,52800
1788594508,2,3:35,3,35,911,35,3,1,55100,57200,52700
1788594510,2,3:35,3,35,913,35,3,1,54700,57300,52700
1788594511,2,3:35,3,35,911,35,3,1,55000,57100,52700
1788594512,2,3:35,3,35,913,35,3,1,54700,57400,52700
1788594513,2,3:35,3,35,911,35,3,1,54500,57400,52700
1788594515,2,3:35,3,35,913,35,3,1,54700,57400,52700
1788594516,2,3:35,3,35,912,35,3,1,54500,58100,52800
1788594517,2,3:35,3,35,913,35,3,1,55600,57900,53000
1788594518,2,3:35,3,35,913,35,3,1,55100,57300,52800
1788594519,2,3:35,3,35,912,35,3,1,54600,58100,52700
1788594521,2,3:35,3,35,908,35,3,1,55000,58000,52800
1788594522,2,3:35,3,35,911,35,3,1,54400,58200,52700
1788594523,2,3:35,3,35,913,35,3,1,54700,57500,52800
1788594524,2,3:35,3,35,911,35,3,1,54600,57300,52800
1788594526,2,3:35,3,35,911,35,3,1,54700,57900,52700
1788594527,2,3:35,3,35,910,35,3,1,55000,57200,52700
1788594528,2,3:35,3,35,911,35,3,1,54900,57000,52700
1788594529,2,3:35,3,35,911,35,3,1,55000,57300,52600
1788594530,2,3:35,3,35,913,35,3,1,54700,57400,52800
1788594532,2,3:35,3,35,909,35,3,1,54700,57300,52800
1788594533,2,3:35,3,35,913,35,3,1,55100,57200,52700
1788594534,2,3:35,3,35,914,35,3,1,55000,57300,52700
1788594535,2,3:35,3,35,911,35,3,1,54400,58000,52600
1788594537,2,3:35,3,35,910,35,3,1,55100,57300,52700
1788594538,2,3:35,3,35,910,35,3,1,55100,57200,52700
1788594539,2,3:35,3,35,913,35,3,1,54500,58200,52700
1788594540,2,3:35,3,35,914,35,3,1,54400,58200,52800
1788594541,2,3:35,3,35,913,35,3,1,55100,57300,52800
1788594543,2,3:35,3,35,912,35,3,1,54600,57500,52800
1788594544,2,3:35,3,35,913,35,3,1,55100,57300,52700
1788594545,2,3:35,3,35,913,35,3,1,55000,57300,52700
1788594546,2,3:35,3,35,914,35,3,1,54600,57500,52800
1788594548,2,3:35,3,35,910,35,3,1,55500,58300,52900
1788594549,2,3:35,3,35,911,35,3,1,55000,58000,52800
1788594550,2,3:35,3,35,912,35,3,1,55200,57100,52700
1788594551,2,3:35,3,35,910,35,3,1,54400,58200,52700
1788594552,2,3:35,3,35,911,35,3,1,54800,57400,52800
1788594554,2,3:35,3,35,910,35,3,1,54900,57400,52800
1788594555,3,3:30,3,30,910,30,3,1,55000,57500,52900
1788594556,3,3:30,3,30,910,30,3,1,54600,57300,52700
1788594557,3,3:30,3,30,911,30,3,1,55100,57300,52700
1788594559,3,3:30,3,30,911,30,3,1,54700,57400,52800
1788594560,3,3:30,3,30,909,30,3,1,55100,57300,52800
1788594561,3,3:30,3,30,908,30,3,1,55000,57200,52700
1788594562,3,3:30,3,30,910,30,3,1,55000,57300,52800
1788594563,3,3:30,3,30,910,30,3,1,55100,57300,52800
1788594565,3,3:30,3,30,908,30,3,1,54800,57500,52800
1788594566,3,3:30,3,30,907,30,3,1,55100,57200,52800
1788594567,3,3:30,3,30,911,30,3,1,54700,57500,52800
1788594568,3,3:30,3,30,906,30,3,1,54700,57500,52800
1788594570,3,3:30,3,30,905,30,3,1,54700,57400,52800
1788594571,3,3:30,3,30,904,30,3,1,54900,58200,52800
1788594572,3,3:30,3,30,901,30,3,1,54800,57500,52900
1788594573,3,3:30,3,30,903,30,3,1,55100,58100,52900
1788594574,3,3:30,3,30,901,30,3,1,54500,58300,52800
1788594576,3,3:30,3,30,903,30,3,1,55000,57500,52900
1788594577,3,3:30,3,30,900,30,3,1,54700,57600,52900
1788594578,3,3:30,3,30,902,30,3,1,55600,57700,53000
1788594579,3,3:30,3,30,900,30,3,1,54800,57600,53000
1788594581,3,3:30,3,30,901,30,3,1,54800,57600,52900
1788594582,3,3:30,3,30,897,30,3,1,54800,57500,53000
1788594583,3,3:30,3,30,893,30,3,1,54500,58300,53000
1788594584,3,3:30,3,30,894,30,3,1,54800,57600,53000
1788594586,3,3:30,3,30,894,30,3,1,55100,57500,53000
1788594587,3,3:30,3,30,894,30,3,1,54900,57600,53000
1788594588,3,3:30,3,30,893,30,3,1,54800,58400,53100
1788594589,3,3:30,3,30,888,30,3,1,55400,57500,53100
1788594590,3,3:30,3,30,891,30,3,1,55100,58300,53100
1788594592,3,3:30,3,30,893,30,3,1,55200,57700,53000
1788594593,3,3:30,3,30,892,30,3,1,55100,57800,53200
1788594594,3,3:30,3,30,889,30,3,1,55100,57800,53200
1788594595,3,3:30,3,30,888,30,3,1,55500,58400,53200
1788594597,3,3:30,3,30,889,30,3,1,54900,58600,53200
1788594598,3,3:30,3,30,885,30,3,1,54800,58500,53200
1788594599,3,3:30,3,30,887,30,3,1,55100,57900,53200
1788594600,3,3:30,3,30,885,30,3,1,54800,58500,53200
1788594601,3,3:30,3,30,886,30,3,1,55600,57700,53200
1788594603,3,3:30,3,30,886,30,3,1,55300,58500,53200
1788594604,3,3:30,3,30,887,30,3,1,55700,57700,53200
1788594605,3,3:30,3,30,886,30,3,1,54800,58700,53300
1788594606,3,3:30,3,30,883,30,3,1,55100,57900,53200
1788594608,3,3:30,3,30,884,30,3,1,58300,60700,54500
1788594609,3,3:30,3,30,885,30,3,1,56800,59100,53900
1788594610,3,3:30,3,30,882,30,3,1,56500,58500,53900
1788594611,3,3:30,3,30,882,30,3,1,56100,58400,53700
1788594613,3,3:30,3,30,881,30,3,1,56000,58400,53700
1788594614,3,3:30,3,30,881,30,3,1,55600,59400,53700
1788594615,3,3:30,3,30,880,30,3,1,55600,59400,53700
1788594616,3,3:30,3,30,879,30,3,1,56100,59200,53800
1788594617,3,3:30,3,30,882,30,3,1,56100,58600,53800
1788594619,3,3:30,3,30,877,30,3,1,55700,58600,53700
1788594620,3,3:30,3,30,879,30,3,1,56300,59100,53800
1788594621,3,3:30,3,30,881,30,3,1,55900,58500,53700
1788594622,3,3:30,3,30,879,30,3,1,56300,58500,53800
1788594624,3,3:30,3,30,878,30,3,1,56200,58700,54000
1788594625,3,3:30,3,30,875,30,3,1,55600,58900,53800
1788594626,3,3:30,3,30,877,30,3,1,55700,58500,53800
1788594627,3,3:30,3,30,877,30,3,1,56300,58400,53800
1788594628,3,3:30,3,30,876,30,3,1,56000,58800,54000
1788594630,3,3:30,3,30,876,30,3,1,59100,61400,55300
1788594631,3,3:30,3,30,874,30,3,1,56400,58600,54000
1788594632,3,3:30,3,30,873,30,3,1,56100,58300,53800
1788594633,3,3:30,3,30,876,30,3,1,55800,58400,53800
1788594635,3,3:30,3,30,878,30,3,1,55700,58500,53800
1788594636,3,3:30,3,30,874,30,3,1,55900,58500,53700
1788594637,3,3:30,3,30,874,30,3,1,55700,58500,53800
1788594638,3,3:30,3,30,874,30,3,1,56100,58200,53800
1788594640,3,3:30,3,30,872,30,3,1,56400,59000,53900
1788594641,3,3:30,3,30,871,30,3,1,56200,58300,53800
1788594642,3,3:30,3,30,874,30,3,1,56200,58300,53800
1788594643,3,3:30,3,30,871,30,3,1,55600,58500,53700
1788594644,3,3:30,3,30,870,30,3,1,55600,58500,53700
1788594646,3,3:30,3,30,873,30,3,1,56100,58400,53800
1788594647,3,3:30,3,30,869,30,3,1,55500,59300,53800
1788594648,3,3:30,3,30,871,30,3,1,55500,58700,53800
1788594649,3,3:30,3,30,869,30,3,1,55900,58500,53900
1788594651,3,3:30,3,30,868,30,3,1,55800,58600,53900
1788594652,3,3:30,3,30,870,30,3,1,55800,58500,53900
1788594653,3,3:30,3,30,872,30,3,1,56000,58400,53900
1788594654,3,3:30,3,30,867,30,3,1,55700,58600,53900
1788594655,3,3:30,3,30,868,30,3,1,56200,58400,54000
1788594657,3,3:30,3,30,867,30,3,1,56300,59100,53900
1788594658,3,3:30,3,30,866,30,3,1,56100,58500,53900
1788594659,3,3:30,3,30,863,30,3,1,56000,58600,54000
1788594660,3,3:30,3,30,867,30,3,1,55800,58500,53900
1788594662,3,3:30,3,30,869,30,3,1,55500,59300,53900
1788594663,3,3:30,3,30,866,30,3,1,56100,58500,53900
1788594664,3,3:30,3,30,865,30,3,1,56000,59200,53900
1788594665,3,3:30,3,30,865,30,3,1,56300,58500,54000
1788594666,3,3:30,3,30,866,30,3,1,55800,58500,53900
1788594668,3,3:30,3,30,865,30,3,1,55800,58600,54000
1788594669,3,3:30,3,30,863,30,3,1,56400,58500,54100
1788594670,3,3:30,3,30,863,30,3,1,55900,59700,54000
1788594671,3,3:30,3,30,859,30,3,1,55900,58800,54100
1788594673,3,3:30,3,30,865,30,3,1,55700,59700,54100
1788594674,3,3:30,3,30,861,30,3,1,56100,58800,54000
1788594675,3,3:30,3,30,861,30,3,1,56200,59300,54100
1788594676,3,3:30,3,30,862,30,3,1,56400,59400,54100
1788594677,3,3:30,3,30,865,30,3,1,55800,59500,54100
1788594679,3,3:30,3,30,861,30,3,1,56100,59400,54100
1788594680,3,3:30,3,30,862,30,3,1,56400,58500,54100
1788594681,3,3:30,3,30,860,30,3,1,56500,58500,54100
1788594682,3,3:30,3,30,861,30,3,1,56500,58600,54200
1788594684,3,3:30,3,30,860,30,3,1,56100,58800,54100
1788594685,3,3:30,3,30,862,30,3,1,55900,59000,54100
1788594686,3,3:30,3,30,859,30,3,1,55800,59600,54200
1788594687,3,3:30,3,30,863,30,3,1,55800,59700,54100
1788594689,3,3:30,3,30,862,30,3,1,56200,58800,54200
1788594690,3,3:30,3,30,855,30,3,1,55800,59600,54100
1788594691,3,3:30,3,30,859,30,3,1,56200,58700,54200
1788594692,3,3:30,3,30,863,30,3,1,55900,59700,54200
1788594693,3,3:30,3,30,858,30,3,1,56300,58800,54200
1788594695,3,3:30,3,30,860,30,3,1,55900,59800,54200
1788594696,3,3:30,3,30,860,30,3,1,56100,59600,54100
1788594697,3,3:30,3,30,857,30,3,1,56100,58900,54200
1788594698,3,3:30,3,30,860,30,3,1,55900,59700,54300
1788594700,3,3:30,3,30,857,30,3,1,56700,58800,54200
1788594701,3,3:30,3,30,856,30,3,1,56100,59900,54300
1788594702,3,3:30,3,30,854,30,3,1,56100,59000,54300
1788594703,3,3:30,3,30,857,30,3,1,56100,58900,54300
1788594704,3,3:30,3,30,855,30,3,1,56500,59700,54300
1788594706,3,3:30,3,30,858,30,3,1,56700,58900,54400
1788594707,3,3:30,3,30,855,30,3,1,56000,59800,54300
1788594708,3,3:30,3,30,857,30,3,1,56200,59000,54300
1788594709,3,3:30,3,30,853,30,3,1,56300,59100,54300
1788594711,3,3:30,3,30,855,30,3,1,56200,59600,54300
1788594712,3,3:30,3,30,855,30,3,1,56100,59100,54300
1788594713,3,3:30,3,30,853,30,3,1,56100,59900,54300
1788594714,3,3:30,3,30,854,30,3,1,56800,58800,54300
1788594715,3,3:30,3,30,856,30,3,1,56200,59700,54400
1788594717,3,3:30,3,30,853,30,3,1,56000,59800,54400
1788594718,3,3:30,3,30,855,30,3,1,56200,59000,54400
1788594719,3,3:30,3,30,853,30,3,1,56900,59100,54500
1788594720,3,3:30,3,30,852,30,3,1,56800,58900,54400
1788594722,3,3:30,3,30,850,30,3,1,56800,58900,54400
1788594723,3,3:30,3,30,852,30,3,1,56800,59000,54400
1788594724,3,3:30,3,30,851,30,3,1,56600,59100,54400
1788594725,3,3:30,3,30,852,30,3,1,56900,59000,54400
1788594726,3,3:30,3,30,852,30,3,1,56100,60000,54400
1788594728,3,3:30,3,30,853,30,3,1,56100,59900,54400
1788594729,3,3:30,3,30,852,30,3,1,56400,59200,54400
1788594730,3,3:30,3,30,853,30,3,1,56500,59200,54500
1788594731,3,3:30,3,30,851,30,3,1,56500,60100,54500
1788594733,3,3:30,3,30,849,30,3,1,56500,60100,54600
1788594734,3,3:30,3,30,850,30,3,1,56600,60000,54600
1788594735,3,3:30,3,30,849,30,3,1,56600,59200,54600
1788594736,3,3:30,3,30,850,30,3,1,56500,59200,54600
1788594737,3,3:30,3,30,852,30,3,1,56200,60000,54500
1788594739,3,3:30,3,30,850,30,3,1,56400,59200,54500
1788594740,3,3:30,3,30,852,30,3,1,56400,59400,54600
1788594741,3,3:30,3,30,850,30,3,1,56600,59200,54600
1788594742,3,3:30,3,30,849,30,3,1,56800,58900,54500
1788594744,3,3:30,3,30,850,30,3,1,56600,59800,54500
1788594745,3,3:30,3,30,849,30,3,1,56100,60000,54500
1788594746,3,3:30,3,30,850,30,3,1,56300,60000,54600
1788594747,3,3:30,3,30,850,30,3,1,56200,60100,54500
1788594748,3,3:30,3,30,847,30,3,1,56200,60000,54600
1788594750,3,3:30,3,30,844,30,3,1,56500,59800,54600
1788594751,3,3:30,3,30,849,30,3,1,56500,59300,54600
1788594752,3,3:30,3,30,849,30,3,1,56600,59300,54700
1788594753,3,3:30,3,30,848,30,3,1,57000,59100,54600
1788594755,3,3:30,3,30,847,30,3,1,56500,59300,54600
1788594756,3,3:30,3,30,846,30,3,1,56600,59300,54700
1788594757,3,3:30,3,30,848,30,3,1,56500,59300,54600
1788594758,3,3:30,3,30,847,30,3,1,57000,59400,54700
1788594759,3,3:30,3,30,847,30,3,1,57100,59200,54700
1788594761,3,3:30,3,30,848,30,3,1,56400,60200,54700
1788594762,3,3:30,3,30,845,30,3,1,57100,59900,54700
1788594763,3,3:30,3,30,849,30,3,1,56300,60100,54600
1788594764,3,3:30,3,30,845,30,3,1,57300,59400,54800
1788594766,3,3:30,3,30,848,30,3,1,56500,59400,54700
1788594767,3,3:30,3,30,847,30,3,1,57100,59300,54800
1788594768,3,3:30,3,30,846,30,3,1,57200,59300,54700
1788594769,3,3:30,3,30,845,30,3,1,56400,60300,54700
1788594770,3,3:30,3,30,848,30,3,1,56700,59400,54800
1788594772,3,3:30,3,30,847,30,3,1,57100,60100,54800
1788594773,3,3:30,3,30,846,30,3,1,57200,59500,54700
1788594774,3,3:30,3,30,845,30,3,1,56700,59600,54800
1788594775,3,3:30,3,30,842,30,3,1,56800,59500,54800
1788594777,3,3:30,3,30,844,30,3,1,57100,59100,54800
1788594778,3,3:30,3,30,845,30,3,1,57100,59200,54700
1788594779,3,3:30,3,30,843,30,3,1,57000,60100,54700
1788594780,3,3:30,3,30,843,30,3,1,56600,60300,54800
1788594781,3,3:30,3,30,844,30,3,1,57200,59400,54900
1788594783,3,3:30,3,30,844,30,3,1,57200,59300,54900
1788594784,3,3:30,3,30,842,30,3,1,56700,59400,54800
1788594785,3,3:30,3,30,844,30,3,1,57300,59300,54900
1788594786,3,3:30,3,30,845,30,3,1,56800,59400,54900
1788594788,3,3:30,3,30,844,30,3,1,56900,59500,54900
1788594789,3,3:30,3,30,842,30,3,1,56700,59800,54900
1788594790,3,3:30,3,30,844,30,3,1,56900,60200,54900
1788594791,3,3:30,3,30,842,30,3,1,56800,59600,54900
1788594792,3,3:30,3,30,842,30,3,1,56800,59700,54900
1788594794,3,3:30,3,30,841,30,3,1,56900,59600,55000
1788594795,3,3:30,3,30,844,30,3,1,56900,59600,54900
1788594796,3,3:30,3,30,841,30,3,1,57200,59700,54900
1788594797,3,3:30,3,30,842,30,3,1,57300,59500,54900
1788594798,3,3:30,3,30,843,30,3,1,57300,59500,54900
1788594800,3,3:30,3,30,841,30,3,1,56800,59900,55000
1788594801,3,3:30,3,30,843,30,3,1,57000,59700,55000
1788594802,3,3:30,3,30,844,30,3,1,56800,59700,54900
1788594803,3,3:30,3,30,843,30,3,1,57300,59500,55000
1788594805,3,3:30,3,30,841,30,3,1,56700,60200,54900
1788594806,3,3:30,3,30,840,30,3,1,57200,59700,55000
1788594807,3,3:30,3,30,841,30,3,1,57300,59600,55000
1788594808,3,3:30,3,30,840,30,3,1,56700,60400,55000
1788594809,3,3:30,3,30,841,30,3,1,56800,60500,55000
1788594811,3,3:30,3,30,839,30,3,1,57300,59400,55000
1788594812,3,3:30,3,30,841,30,3,1,57300,59500,55000
1788594813,3,3:30,3,30,842,30,3,1,57000,59700,55000
1788594814,3,3:30,3,30,842,30,3,1,57100,59500,55000
1788594816,3,3:30,3,30,840,30,3,1,57400,59700,55000
1788594817,3,3:30,3,30,840,30,3,1,57400,59700,55100
1788594818,3,3:30,3,30,839,30,3,1,57100,59600,55100
1788594819,3,3:30,3,30,840,30,3,1,57400,59600,55000
1788594820,3,3:30,3,30,838,30,3,1,57000,59600,55000
1788594822,3,3:30,3,30,838,30,3,1,57500,59600,55100
1788594823,3,3:30,3,30,837,30,3,1,56900,60400,55100
1788594824,3,3:30,3,30,840,30,3,1,57500,59700,55100
1788594825,3,3:30,3,30,841,30,3,1,57100,59600,55100
1788594827,3,3:30,3,30,840,30,3,1,57600,59900,55100
1788594828,3,3:30,3,30,840,30,3,1,57400,59700,55100
1788594829,3,3:30,3,30,837,30,3,1,57400,59700,55100
1788594830,3,3:30,3,30,841,30,3,1,57500,59700,55000
1788594831,3,3:30,3,30,836,30,3,1,57300,59600,55000
1788594833,3,3:30,3,30,837,30,3,1,56900,59700,55100
1788594834,3,3:30,3,30,836,30,3,1,57400,59700,55000
1788594835,3,3:30,3,30,838,30,3,1,57400,59700,55100
1788594836,3,3:30,3,30,838,30,3,1,57100,59800,55100
1788594838,3,3:30,3,30,838,30,3,1,57400,59700,55100
1788594839,3,3:30,3,30,837,30,3,1,57200,60700,55200
1788594840,3,3:30,3,30,838,30,3,1,57600,59700,55200
1788594841,3,3:30,3,30,838,30,3,1,57100,59700,55200
1788594842,3,3:30,3,30,835,30,3,1,57000,59800,55100
1788594844,3,3:30,3,30,837,30,3,1,57200,59900,55200
1788594845,3,3:30,3,30,836,30,3,1,57300,59800,55200
1788594846,3,3:30,3,30,837,30,3,1,57100,59800,55200
1788594847,3,3:30,3,30,838,30,3,1,56800,60600,55100
1788594849,3,3:30,3,30,837,30,3,1,57200,59800,55200
1788594850,3,3:30,3,30,835,30,3,1,57200,59800,55200
1788594851,3,3:30,3,30,835,30,3,1,57200,59900,55200
1788594852,3,3:30,3,30,835,30,3,1,57800,60000,55300
1788594853,3,3:30,3,30,835,30,3,1,57200,59800,55200
1788594855,3,3:30,3,30,834,30,3,1,57600,59700,55200
1788594856,3,3:30,3,30,834,30,3,1,57600,59800,55200
1788594857,3,3:30,3,30,838,30,3,1,57200,59900,55200
1788594858,3,3:30,3,30,834,30,3,1,56900,60700,55200
1788594860,3,3:30,3,30,833,30,3,1,57300,59800,55200
1788594861,3,3:30,3,30,834,30,3,1,57700,59700,55300
1788594862,3,3:30,3,30,834,30,3,1,57500,59900,55200
1788594863,3,3:30,3,30,835,30,3,1,57300,59900,55300
1788594865,3,3:30,3,30,834,30,3,1,57300,60000,55300
1788594866,3,3:30,3,30,833,30,3,1,57300,59900,55200
1788594867,3,3:30,3,30,834,30,3,1,57600,59700,55200
1788594868,3,3:30,3,30,835,30,3,1,57600,59900,55300
1788594869,3,3:30,3,30,833,30,3,1,57300,59800,55200
1788594871,3,3:30,3,30,834,30,3,1,57700,59800,55200
1788594872,3,3:30,3,30,833,30,3,1,57400,59700,55200
1788594873,3,3:30,3,30,832,30,3,1,57100,59800,55300
1788594874,3,3:30,3,30,833,30,3,1,57600,59900,55400
1788594876,3,3:30,3,30,831,30,3,1,57500,59700,55300
1788594877,3,3:30,3,30,833,30,3,1,57200,59900,55200
1788594878,3,3:30,3,30,831,30,3,1,57100,60800,55200
1788594879,3,3:30,3,30,835,30,3,1,57000,60800,55300
1788594880,3,3:30,3,30,831,30,3,1,57000,60700,55200
1788594882,3,3:30,3,30,834,30,3,1,57600,59800,55200
1788594883,3,3:30,3,30,830,30,3,1,57700,59800,55300
1788594884,3,3:30,3,30,832,30,3,1,57600,59800,55200
1788594885,3,3:30,3,30,832,30,3,1,57400,60100,55400
1788594887,3,3:30,3,30,831,30,3,1,57400,59900,55300
1788594888,3,3:30,3,30,834,30,3,1,57700,59900,55300
1788594889,3,3:30,3,30,831,30,3,1,57800,60000,55300
1788594890,3,3:30,3,30,830,30,3,1,57600,59800,55300
1788594891,3,3:30,3,30,829,30,3,1,57200,60000,55300
1788594893,3,3:30,3,30,830,30,3,1,57700,59900,55300
1788594894,3,3:30,3,30,830,30,3,1,57100,59900,55200
1788594895,3,3:30,3,30,834,30,3,1,57700,59900,55300
1788594896,3,3:30,3,30,833,30,3,1,57600,60200,55400
1788594898,3,3:30,3,30,831,30,3,1,57400,60000,55400
1788594899,3,3:30,3,30,829,30,3,1,57200,60900,55300
1788594900,3,3:30,3,30,829,30,3,1,57600,60200,55500
1788594901,3,3:30,3,30,829,30,3,1,57300,60000,55300
1788594902,3,3:30,3,30,829,30,3,1,57500,60100,55400
1788594904,3,3:30,3,30,829,30,3,1,57400,60100,55400
1788594905,3,3:30,3,30,833,30,3,1,57500,60200,55400
1788594906,3,3:30,3,30,832,30,3,1,57400,60100,55400
1788594907,3,3:30,3,30,832,30,3,1,57300,60000,55400
1788594909,3,3:30,3,30,829,30,3,1,57400,60200,55500
1788594910,3,3:30,3,30,828,30,3,1,57500,60200,55400
1788594911,3,3:30,3,30,832,30,3,1,57600,60100,55500
1788594912,3,3:30,3,30,830,30,3,1,57400,60200,55400
1788594913,3,3:30,3,30,829,30,3,1,57700,60000,55400
1788594915,3,3:30,3,30,829,30,3,1,57800,59900,55400
1788594916,3,3:30,3,30,828,30,3,1,57200,61000,55500
1788594917,3,3:30,3,30,829,30,3,1,57400,60200,55400
1788594918,3,3:30,3,30,829,30,3,1,57900,60000,55500
1788594919,3,3:30,3,30,829,30,3,1,57500,60200,55500
1788594921,3,3:30,3,30,829,30,3,1,57900,60000,55500
1788594922,3,3:30,3,30,827,30,3,1,57200,60800,55400
1788594923,3,3:30,3,30,827,30,3,1,57500,60200,55500
1788594924,3,3:30,3,30,831,30,3,1,57400,60900,55500
1788594926,3,3:30,3,30,827,30,3,1,57600,60100,55500
1788594927,3,3:30,3,30,827,30,3,1,57900,59900,55400
1788594928,3,3:30,3,30,828,30,3,1,57800,60000,55400
1788594929,3,3:30,3,30,829,30,3,1,57400,60200,55500
1788594930,3,3:30,3,30,826,30,3,1,57300,60100,55400
1788594932,3,3:30,3,30,825,30,3,1,57300,60600,55500
1788594933,3,3:30,3,30,825,30,3,1,57500,60300,55500
1788594934,3,3:30,3,30,825,30,3,1,57700,60200,55500
1788594935,3,3:30,3,30,828,30,3,1,57800,60100,55500
1788594937,3,3:30,3,30,826,30,3,1,57400,60400,55500
1788594938,3,3:30,3,30,827,30,3,1,57600,60200,55500
1788594939,3,3:30,3,30,825,30,3,1,57300,60300,55500
1788594940,3,3:30,3,30,826,30,3,1,58100,60200,55500
1788594941,3,3:30,3,30,825,30,3,1,57500,60200,55500
1788594943,3,3:30,3,30,826,30,3,1,57400,60800,55500
1788594944,3,3:30,3,30,828,30,3,1,57300,61100,55500
1788594945,3,3:30,3,30,827,30,3,1,57600,60300,55500
1788594946,3,3:30,3,30,823,30,3,1,57500,60700,55600
1788594948,3,3:30,3,30,828,30,3,1,57400,61000,55500
1788594949,3,3:30,3,30,823,30,3,1,57800,60200,55500
1788594950,3,3:30,3,30,825,30,3,1,57400,61000,55500
1788594951,3,3:30,3,30,825,30,3,1,57300,61100,55500
1788594952,3,3:30,3,30,826,30,3,1,57600,60300,55600
1788594954,3,3:30,3,30,823,30,3,1,57400,61000,55500
1788594955,3,3:30,3,30,826,30,3,1,57400,60500,55500
1788594956,3,3:30,3,30,825,30,3,1,57200,61100,55500
1788594957,3,3:30,3,30,825,30,3,1,57300,60500,55500
1788594959,3,3:30,3,30,826,30,3,1,57600,60700,55600
1788594960,3,3:30,3,30,825,30,3,1,57600,61100,55600
1788594961,3,3:30,3,30,824,30,3,1,57300,60200,55600
1788594962,3,3:30,3,30,823,30,3,1,57300,61200,55500
1788594963,3,3:30,3,30,825,30,3,1,57700,60800,55600
1788594965,3,3:30,3,30,826,30,3,1,57600,61000,55500
1788594966,3,3:30,3,30,825,30,3,1,57800,61000,55600
1788594967,3,3:30,3,30,825,30,3,1,57600,60400,55600
1788594968,3,3:30,3,30,823,30,3,1,57600,60300,55600
1788594970,3,3:30,3,30,825,30,3,1,57800,60900,55600
1788594971,3,3:30,3,30,825,30,3,1,58000,60200,55600
1788594972,3,3:30,3,30,822,30,3,1,57600,60200,55600
1788594973,3,3:30,3,30,823,30,3,1,57400,61100,55600
1788594975,3,3:30,3,30,823,30,3,1,57500,61100,55600
1788594976,3,3:30,3,30,823,30,3,1,57900,60200,55600
1788594977,3,3:30,3,30,822,30,3,1,58300,60400,55700
1788594978,3,3:30,3,30,824,30,3,1,57800,60500,55700
1788594979,3,3:30,3,30,822,30,3,1,57600,60500,55700
1788594981,3,3:30,3,30,822,30,3,1,57700,60400,55700
1788594982,3,3:30,3,30,822,30,3,1,57400,61200,55600
1788594983,3,3:30,3,30,824,30,3,1,57300,61200,55700
1788594984,3,3:30,3,30,824,30,3,1,57600,60400,55600
1788594986,3,3:30,3,30,823,30,3,1,57700,60400,55600
1788594987,3,3:30,3,30,823,30,3,1,57600,60300,55600
1788594988,3,3:30,3,30,822,30,3,1,58200,60200,55800
1788594989,3,3:30,3,30,824,30,3,1,57400,61200,55600
1788594990,3,3:30,3,30,821,30,3,1,57300,61100,55600
1788594992,3,3:30,3,30,823,30,3,1,57300,61100,55600
1788594993,3,3:30,3,30,824,30,3,1,58100,60200,55700
1788594994,3,3:30,3,30,822,30,3,1,57600,60400,55600
1788594995,3,3:30,3,30,820,30,3,1,57800,60500,55800
1788594997,3,3:30,3,30,823,30,3,1,57500,61200,55700
1788594998,3,3:30,3,30,822,30,3,1,58100,60200,55700
1788594999,3,3:30,3,30,824,30,3,1,57800,60400,55700
1788595000,3,3:30,3,30,820,30,3,1,58100,60400,55700
1788595001,3,3:30,3,30,821,30,3,1,58100,60300,55800
1788595003,3,3:30,3,30,821,30,3,1,57700,60600,55700
1788595004,3,3:30,3,30,822,30,3,1,58100,60300,55700
1788595005,3,3:30,3,30,819,30,3,1,58200,60300,55800
1788595006,3,3:30,3,30,821,30,3,1,57500,60600,55700
1788595008,3,3:30,3,30,822,30,3,1,58400,60700,55900
1788595009,3,3:30,3,30,821,30,3,1,58300,60400,55900
1788595010,3,3:30,3,30,822,30,3,1,57800,60500,55800
1788595011,3,3:30,3,30,821,30,3,1,57900,60600,55900
1788595012,3,3:30,3,30,821,30,3,1,58300,60600,55800
1788595014,3,3:30,3,30,821,30,3,1,57900,60600,55800
1788595015,3,3:30,3,30,820,30,3,1,58100,60500,55800
1788595016,3,3:30,3,30,819,30,3,1,58000,60600,55800
1788595017,3,3:30,3,30,818,30,3,1,58200,60500,55800
1788595018,3,3:30,3,30,819,30,3,1,57900,61200,55800
1788595020,3,3:30,3,30,821,30,3,1,57700,61500,55800
1788595021,3,3:30,3,30,821,30,3,1,57600,61400,55700
1788595022,3,3:30,3,30,820,30,3,1,57800,60500,55800
1788595023,3,3:30,3,30,819,30,3,1,58300,60400,55900
1788595025,3,3:30,3,30,817,30,3,1,57900,60600,55800
1788595026,3,3:30,3,30,821,30,3,1,58300,60500,55900
1788595027,3,3:30,3,30,820,30,3,1,57800,61300,55800
1788595028,3,3:30,3,30,819,30,3,1,57800,60700,56000
1788595029,3,3:30,3,30,820,30,3,1,58300,60700,55900
1788595031,3,3:30,3,30,819,30,3,1,58100,60500,55900
1788595032,3,3:30,3,30,819,30,3,1,58200,60600,55900
1788595033,3,3:30,3,30,818,30,3,1,58500,61000,56000
1788595034,3,3:30,3,30,820,30,3,1,58200,60600,55900
1788595035,3,3:30,3,30,815,30,3,1,57900,60700,55900
1788595037,3,3:30,3,30,820,30,3,1,58300,60400,55900
1788595038,3,3:30,3,30,820,30,3,1,58300,60900,56000
1788595039,3,3:30,3,30,817,30,3,1,58100,60500,55900
1788595040,3,3:30,3,30,817,30,3,1,57600,61500,55900
1788595042,3,3:30,3,30,821,30,3,1,57700,61500,55900
1788595043,3,3:30,3,30,818,30,3,1,57900,60500,55800
1788595044,3,3:30,3,30,816,30,3,1,58100,60700,55900
1788595045,3,3:30,3,30,820,30,3,1,57600,61400,55900
1788595046,3,3:30,3,30,818,30,3,1,58300,60500,55900
1788595048,3,3:30,3,30,817,30,3,1,58300,60500,55900
1788595049,3,3:30,3,30,817,30,3,1,58400,60500,56000
1788595050,3,3:30,3,30,818,30,3,1,58300,60500,55900
1788595051,3,3:30,3,30,817,30,3,1,58100,60500,56000
1788595053,3,3:30,3,30,815,30,3,1,58000,60300,56000
1788595054,3,3:30,3,30,817,30,3,1,58000,60700,56000
1788595055,3,3:30,3,30,820,30,3,1,58300,60500,55900
1788595056,3,3:30,3,30,820,30,3,1,57900,60600,55900
1788595057,3,3:30,3,30,818,30,3,1,57900,60600,55900
1788595059,3,3:30,3,30,820,30,3,1,58000,60700,55900
1788595060,3,3:30,3,30,817,30,3,1,58100,60600,56000
1788595061,3,3:30,3,30,815,30,3,1,58000,60600,56000
1788595062,3,3:30,3,30,817,30,3,1,57900,60700,55900
1788595063,3,3:30,3,30,816,30,3,1,58400,60500,56000
1788595065,3,3:30,3,30,817,30,3,1,58400,60500,56000
1788595066,3,3:30,3,30,815,30,3,1,57800,60600,55900
1788595067,3,3:30,3,30,817,30,3,1,58000,60700,56000
1788595068,3,3:30,3,30,817,30,3,1,58300,60700,56000
1788595070,3,3:30,3,30,818,30,3,1,57800,61500,56000
1788595071,3,3:30,3,30,817,30,3,1,58300,60300,55900
1788595072,3,3:30,3,30,817,30,3,1,58500,60600,56000
1788595073,3,3:30,3,30,815,30,3,1,57900,61300,55900
1788595075,3,3:30,3,30,813,30,3,1,57900,61500,56000
1788595076,3,3:30,3,30,817,30,3,1,57900,60600,55900
1788595077,3,3:30,3,30,818,30,3,1,58000,60700,55900
1788595078,3,3:30,3,30,815,30,3,1,58400,60500,56000
1788595079,3,3:30,3,30,818,30,3,1,58600,60700,56100
1788595081,3,3:30,3,30,816,30,3,1,57700,61500,56000
1788595082,3,3:30,3,30,815,30,3,1,58400,60600,56000
1788595083,3,3:30,3,30,815,30,3,1,58400,60500,56000
1788595084,3,3:30,3,30,814,30,3,1,58100,60700,56000
1788595086,3,3:30,3,30,817,30,3,1,57900,60700,56000
1788595087,3,3:30,3,30,818,30,3,1,58100,60500,56000
1788595088,3,3:30,3,30,815,30,3,1,58400,60600,56000
1788595089,3,3:30,3,30,817,30,3,1,58100,60700,56000
1788595090,3,3:30,3,30,814,30,3,1,58100,60700,56000
1788595092,3,3:30,3,30,802,30,3,1,58500,60600,56000
1788595093,3,3:30,3,30,816,30,3,1,58100,60700,56000
1788595094,3,3:30,3,30,815,30,3,1,58100,60600,56000
1788595095,3,3:30,3,30,813,30,3,1,58400,60600,56000
1788595097,3,3:30,3,30,815,30,3,1,57900,60700,56000
1788595098,3,3:30,3,30,815,30,3,1,57900,60700,56000
1788595099,3,3:30,3,30,814,30,3,1,58000,60900,56000
1788595100,3,3:30,3,30,816,30,3,1,58000,60700,56200
1788595101,3,3:30,3,30,816,30,3,1,58000,60700,56000
1788595103,3,3:30,3,30,815,30,3,1,58100,60700,56000
1788595104,3,3:30,3,30,813,30,3,1,58400,60600,56000
1788595105,3,3:30,3,30,816,30,3,1,57800,61400,56100
1788595106,3,3:30,3,30,814,30,3,1,58300,61400,56000
1788595108,3,3:30,3,30,815,30,3,1,58300,60500,56000
1788595109,3,3:30,3,30,814,30,3,1,58400,60700,56000
1788595110,3,3:30,3,30,816,30,3,1,58200,60700,56000
1788595111,3,3:30,3,30,816,30,3,1,58100,60700,56200
1788595112,3,3:30,3,30,816,30,3,1,57800,61500,56100
1788595114,3,3:30,3,30,813,30,3,1,57800,61600,56000
1788595115,3,3:30,3,30,813,30,3,1,58000,60500,56000
1788595116,3,3:30,3,30,812,30,3,1,58400,60600,56000
1788595117,3,3:30,3,30,814,30,3,1,58100,60800,56100
1788595119,3,3:30,3,30,811,30,3,1,57800,61600,56000
1788595120,3,3:30,3,30,817,30,3,1,58200,60800,56100
1788595121,3,3:30,3,30,814,30,3,1,58100,60700,56100
1788595122,3,3:30,3,30,813,30,3,1,58400,60600,56000
1788595123,3,3:30,3,30,813,30,3,1,57700,61000,56100
1788595125,3,3:30,3,30,813,30,3,1,58300,61200,56000
1788595126,3,3:30,3,30,811,30,3,1,58100,61400,56000
1788595127,3,3:30,3,30,814,30,3,1,58500,60600,56000
1788595128,3,3:30,3,30,812,30,3,1,58100,60700,56000
1788595130,3,3:30,3,30,813,30,3,1,58100,60700,56100
1788595131,3,3:30,3,30,811,30,3,1,58100,60800,56200
1788595132,3,3:30,3,30,815,30,3,1,57800,61600,56100
1788595133,3,3:30,3,30,813,30,3,1,58000,60900,56000
1788595134,3,3:30,3,30,812,30,3,1,58400,60800,56200
1788595136,3,3:30,3,30,811,30,3,1,58100,60700,56100
1788595137,3,3:30,3,30,814,30,3,1,58500,60600,56100
1788595138,3,3:30,3,30,809,30,3,1,58100,60800,56100
1788595139,3,3:30,3,30,811,30,3,1,58100,60700,56100
1788595141,3,3:30,3,30,811,30,3,1,58100,60600,56100
1788595142,3,3:30,3,30,815,30,3,1,58000,61400,56000
1788595143,3,3:30,3,30,814,30,3,1,58100,60700,56200
1788595144,3,3:30,3,30,813,30,3,1,58100,60900,56100
1788595145,3,3:30,3,30,813,30,3,1,58100,60900,56100
1788595147,3,3:30,3,30,814,30,3,1,58400,60700,56100
1788595148,3,3:30,3,30,814,30,3,1,58400,60600,56000
1788595149,3,3:30,3,30,813,30,3,1,58400,60500,56100
1788595150,3,3:30,3,30,812,30,3,1,58400,60700,56100
1788595152,3,3:30,3,30,812,30,3,1,57900,60700,56000
1788595153,3,3:30,3,30,812,30,3,1,57900,60900,56000
1788595154,3,3:30,3,30,813,30,3,1,58300,60800,56000
1788595155,3,3:30,3,30,813,30,3,1,58000,61700,56100
1788595156,3,3:30,3,30,813,30,3,1,58400,60800,56100
1788595158,3,3:30,3,30,812,30,3,1,58100,60900,56200
1788595159,3,3:30,3,30,808,30,3,1,58600,60700,56200
1788595160,3,3:30,3,30,812,30,3,1,58500,61400,56200
1788595161,3,3:30,3,30,811,30,3,1,58000,61200,56200
1788595163,3,3:30,3,30,809,30,3,1,57900,61700,56200
1788595164,3,3:30,3,30,810,30,3,1,57800,61600,56200
1788595165,3,3:30,3,30,809,30,3,1,58600,60700,56200
1788595166,3,3:30,3,30,814,30,3,1,58100,61600,56100
1788595167,3,3:30,3,30,810,30,3,1,58400,60800,56200
1788595169,3,3:30,3,30,814,30,3,1,58100,60900,56200
1788595170,3,3:30,3,30,810,30,3,1,58000,60800,56100
1788595171,3,3:30,3,30,811,30,3,1,58000,61900,56300
1788595172,3,3:30,3,30,809,30,3,1,58200,60900,56300
1788595174,3,3:30,3,30,810,30,3,1,58000,61800,56300
1788595175,3,3:30,3,30,811,30,3,1,58200,60900,56200
1788595176,3,3:30,3,30,812,30,3,1,57900,61700,56200
1788595177,3,3:30,3,30,812,30,3,1,57900,61500,56200
1788595178,3,3:30,3,30,813,30,3,1,57900,61000,56200
1788595180,3,3:30,3,30,812,30,3,1,58000,61700,56200
1788595181,3,3:30,3,30,812,30,3,1,58100,61600,56300
1788595182,3,3:30,3,30,810,30,3,1,58000,61100,56200
1788595183,3,3:30,3,30,810,30,3,1,58200,60800,56200
1788595185,3,3:30,3,30,810,30,3,1,58400,61600,56200
1788595186,3,3:30,3,30,810,30,3,1,58600,60700,56300
1788595187,3,3:30,3,30,810,30,3,1,58200,61600,56300
1788595188,3,3:30,3,30,807,30,3,1,58700,60700,56300
1788595189,3,3:30,3,30,809,30,3,1,58600,61400,56300
1788595191,3,3:30,3,30,810,30,3,1,58100,60900,56300
1788595192,3,3:30,3,30,809,30,3,1,58000,61800,56300
1788595193,3,3:30,3,30,810,30,3,1,58200,61000,56300
1788595194,3,3:30,3,30,813,30,3,1,58000,61700,56300
1788595196,3,3:30,3,30,809,30,3,1,57900,61800,56200
1788595197,3,3:30,3,30,810,30,3,1,58000,61800,56100
1788595198,3,3:30,3,30,810,30,3,1,58400,61400,56200
1788595199,3,3:30,3,30,810,30,3,1,58000,61800,56300
1788595200,3,3:30,3,30,807,30,3,1,58200,61700,56300
1788595202,3,3:30,3,30,812,30,3,1,58300,61000,56300
1788595203,3,3:30,3,30,808,30,3,1,57900,61700,56200
1788595204,3,3:30,3,30,809,30,3,1,57900,61800,56200
1788595205,3,3:30,3,30,809,30,3,1,58400,61000,56300
1788595207,3,3:30,3,30,808,30,3,1,58300,61000,56300
1788595208,3,3:30,3,30,809,30,3,1,58100,61700,56300
1788595209,3,3:30,3,30,810,30,3,1,58400,61600,56200
1788595210,3,3:30,3,30,810,30,3,1,58000,61800,56200
1788595211,3,3:30,3,30,808,30,3,1,58100,61600,56300
1788595213,3,3:30,3,30,809,30,3,1,58000,61700,56200
1788595214,3,3:30,3,30,809,30,3,1,58700,60700,56200
1788595215,3,3:30,3,30,811,30,3,1,58200,61600,56300
1788595216,3,3:30,3,30,810,30,3,1,57800,61200,56300
1788595218,3,3:30,3,30,809,30,3,1,58100,61200,56300
1788595219,3,3:30,3,30,810,30,3,1,58100,61000,56300
1788595220,3,3:30,3,30,809,30,3,1,58100,61200,56200
1788595221,3,3:30,3,30,809,30,3,1,57900,61700,56200
1788595222,3,3:30,3,30,808,30,3,1,58800,61000,56500
1788595224,3,3:30,3,30,809,30,3,1,58300,61600,56400
1788595225,3,3:30,3,30,810,30,3,1,58100,61600,56300
1788595226,3,3:30,3,30,809,30,3,1,58300,61000,56300
1788595227,3,3:30,3,30,809,30,3,1,58600,60900,56300
1788595229,3,3:30,3,30,808,30,3,1,58200,61000,56300
1788595230,3,3:30,3,30,808,30,3,1,58200,61000,56300
1788595231,3,3:30,3,30,809,30,3,1,57900,61700,56300
1788595232,3,3:30,3,30,809,30,3,1,58200,61500,56300
1788595233,3,3:30,3,30,810,30,3,1,58200,61000,56300
1788595235,3,3:30,3,30,807,30,3,1,58400,61000,56400
1788595236,3,3:30,3,30,809,30,3,1,58700,60800,56300
1788595237,3,3:30,3,30,810,30,3,1,58300,61700,56300
1788595238,3,3:30,3,30,807,30,3,1,57900,61800,56300
1788595240,3,3:30,3,30,807,30,3,1,58400,61000,56300
1788595241,3,3:30,3,30,810,30,3,1,58300,61000,56300
1788595242,3,3:30,3,30,808,30,3,1,58300,60900,56300
1788595243,3,3:30,3,30,809,30,3,1,58500,61100,56300
1788595244,3,3:30,3,30,806,30,3,1,57900,61800,56300
1788595246,3,3:30,3,30,810,30,3,1,57900,61700,56300
1788595247,3,3:30,3,30,807,30,3,1,58200,61000,56300
1788595248,3,3:30,3,30,808,30,3,1,58300,61100,56300
1788595249,3,3:30,3,30,807,30,3,1,58300,61000,56400
1788595251,3,3:30,3,30,807,30,3,1,58300,61000,56300
1788595252,3,3:30,3,30,809,30,3,1,58000,61800,56300
1788595253,3,3:30,3,30,808,30,3,1,58300,61100,56500
1788595254,3,3:30,3,30,807,30,3,1,58100,61100,56300
1788595255,3,3:30,3,30,808,30,3,1,58700,61000,56300
1788595257,3,3:30,3,30,807,30,3,1,58300,61100,56300
1788595258,3,3:30,3,30,809,30,3,1,58000,61200,56400
1788595259,3,3:30,3,30,805,30,3,1,58400,61000,56400
1788595260,3,3:30,3,30,807,30,3,1,58200,61800,56300
1788595262,3,3:30,3,30,807,30,3,1,58200,61000,56300
1788595263,3,3:30,3,30,809,30,3,1,58800,61500,56500
1788595264,3,3:30,3,30,809,30,3,1,58400,61000,56400
1788595265,3,3:30,3,30,807,30,3,1,58000,61800,56300
1788595266,3,3:30,3,30,809,30,3,1,57900,61800,56300
1788595268,3,3:30,3,30,807,30,3,1,58200,61200,56300
1788595269,3,3:30,3,30,806,30,3,1,58100,61800,56300
1788595270,3,3:30,3,30,807,30,3,1,58300,61700,56300
1788595271,3,3:30,3,30,806,30,3,1,58300,61200,56400
1788595273,3,3:30,3,30,804,30,3,1,58300,61000,56400
1788595274,3,3:30,3,30,807,30,3,1,58600,60700,56300
1788595275,3,3:30,3,30,805,30,3,1,58100,61000,56300
1788595276,3,3:30,3,30,809,30,3,1,58000,61800,56300
1788595277,3,3:30,3,30,808,30,3,1,58100,61100,56400
1788595279,3,3:30,3,30,807,30,3,1,58300,61100,56400
1788595280,3,3:30,3,30,805,30,3,1,58200,61000,56400
1788595281,3,3:30,3,30,809,30,3,1,58700,60800,56300
1788595282,3,3:30,3,30,807,30,3,1,58300,61100,56400
1788595284,3,3:30,3,30,808,30,3,1,58600,61900,56500
1788595285,3,3:30,3,30,806,30,3,1,58800,60900,56400
1788595286,3,3:30,3,30,807,30,3,1,58700,60900,56300
1788595287,3,3:30,3,30,805,30,3,1,58600,60700,56300
1788595288,4,2:40,2,40,806,40,2,1,58500,61200,56400
1788595290,4,2:40,2,40,829,40,2,1,58000,61900,56300
1788595291,4,2:40,2,40,845,40,2,1,58200,61700,56300
1788595292,4,2:40,2,40,852,40,2,1,58100,61800,56300
1788595293,4,2:40,2,40,856,40,2,1,58300,61000,56300
1788595295,4,2:40,2,40,871,40,2,1,58300,61100,56300
1788595296,4,2:40,2,40,869,40,2,1,58100,61900,56300
1788595297,4,2:40,2,40,873,40,2,1,58300,61000,56300
1788595298,4,2:40,2,40,876,40,2,1,58100,61700,56300
1788595299,4,2:40,2,40,880,40,2,1,58200,61000,56300
1788595301,4,2:40,2,40,883,40,2,1,58100,60900,56300
1788595302,4,2:40,2,40,887,40,2,1,58300,61600,56200
1788595303,4,2:40,2,40,890,40,2,1,58600,60800,56200
1788595304,4,2:40,2,40,897,40,2,1,58200,61000,56200
1788595306,4,2:40,2,40,903,40,2,1,57900,61600,56100
1788595307,4,2:40,2,40,902,40,2,1,58100,60800,56200
1788595308,4,2:40,2,40,905,40,2,1,57800,60800,56000
1788595309,4,2:40,2,40,909,40,2,1,57900,61700,56100
1788595310,4,2:40,2,40,913,40,2,1,58000,60800,56000
1788595312,4,2:40,2,40,917,40,2,1,58000,60600,55900
1788595313,4,2:40,2,40,919,40,2,1,57800,60500,55900
1788595314,4,2:40,2,40,921,40,2,1,57900,60700,56000
1788595315,4,2:40,2,40,925,40,2,1,57600,60400,55700
1788595317,4,2:40,2,40,927,40,2,1,57600,60400,55700
1788595318,4,2:40,2,40,931,40,2,1,57500,61200,55700
1788595319,4,2:40,2,40,934,40,2,1,57800,60300,55700
1788595320,4,2:40,2,40,936,40,2,1,57700,60300,55600
1788595321,4,2:40,2,40,939,40,2,1,57200,61000,55500
1788595323,4,2:40,2,40,942,40,2,1,57300,60800,55400
1788595324,4,2:40,2,40,945,40,2,1,57500,60200,55500
1788595325,4,2:40,2,40,947,40,2,1,57200,60800,55400
1788595326,4,2:40,2,40,952,40,2,1,57300,59900,55400
1788595328,4,2:40,2,40,953,40,2,1,57000,60700,55300
1788595329,4,2:40,2,40,958,40,2,1,56900,60700,55300
1788595330,4,2:40,2,40,956,40,2,1,57200,59800,55200
1788595331,4,2:40,2,40,963,40,2,1,56800,60500,55000
1788595332,4,2:40,2,40,965,40,2,1,56800,60500,55000
1788595334,4,2:40,2,40,967,40,2,1,57100,59500,55100
1788595335,4,2:40,2,40,967,40,2,1,57400,59400,55000
1788595336,4,2:40,2,40,969,40,2,1,57200,59300,54900
1788595337,4,2:40,2,40,971,40,2,1,56400,60300,54900
1788595339,4,2:40,2,40,973,40,2,1,56400,60200,54700
1788595340,4,2:40,2,40,977,40,2,1,56800,60000,54800
1788595341,4,2:40,2,40,978,40,2,1,56200,60100,54700
1788595342,4,2:40,2,40,980,40,2,1,56200,60000,54600
1788595344,4,2:40,2,40,983,40,2,1,56500,59300,54600
1788595345,4,2:40,2,40,984,40,2,1,56800,59500,54700
1788595346,4,2:40,2,40,988,40,2,1,56400,59800,54600
1788595347,4,2:40,2,40,988,40,2,1,56800,58900,54500
1788595348,4,2:40,2,40,990,40,2,1,56400,59100,54400
1788595350,4,2:40,2,40,992,40,2,1,56800,59000,54400
1788595351,4,2:40,2,40,994,40,2,1,55900,59800,54300
1788595352,4,2:40,2,40,997,40,2,1,56200,59500,54300
1788595353,4,2:40,2,40,996,40,2,1,55800,59500,54200
1788595355,4,2:40,2,40,998,40,2,1,55900,59500,54100
1788595356,4,2:40,2,40,1000,40,2,1,55800,59500,54200
1788595357,4,2:40,2,40,1002,40,2,1,56500,58600,54000
1788595358,4,2:40,2,40,1006,40,2,1,55900,58800,54000
1788595359,4,2:40,2,40,1005,40,2,1,56100,59200,54000
1788595361,4,2:40,2,40,1007,40,2,1,55600,59400,53900
1788595362,4,2:40,2,40,1008,40,2,1,55500,59200,53900
1788595363,4,2:40,2,40,1012,40,2,1,55300,59200,53700
1788595364,4,2:40,2,40,1012,40,2,1,55700,59000,53800
1788595366,4,2:40,2,40,1014,40,2,1,55600,58300,53700
1788595367,4,2:40,2,40,1016,40,2,1,55500,58300,53600
1788595368,4,2:40,2,40,1018,40,2,1,55200,59000,53600
1788595369,4,2:40,2,40,1018,40,2,1,55400,58200,53600
1788595370,4,2:40,2,40,1020,40,2,1,55100,58900,53600
1788595372,4,2:40,2,40,1025,40,2,1,55500,58000,53500
1788595373,4,2:40,2,40,1022,40,2,1,55300,58100,53500
1788595374,4,2:40,2,40,1024,40,2,1,55400,58100,53500
1788595375,4,2:40,2,40,1028,40,2,1,55900,58400,53500
1788595377,4,2:40,2,40,1030,40,2,1,55200,57900,53400
1788595378,4,2:40,2,40,1030,40,2,1,54900,58700,53200
1788595379,4,2:40,2,40,1030,40,2,1,54900,58600,53200
1788595380,4,2:40,2,40,1033,40,2,1,54900,58600,53200
1788595381,4,2:40,2,40,1033,40,2,1,54800,58600,53100
1788595383,4,2:40,2,40,1033,40,2,1,55300,58400,53200
1788595384,4,2:40,2,40,1035,40,2,1,54800,58400,53100
1788595385,4,2:40,2,40,1039,40,2,1,54900,57800,53000
1788595386,4,2:40,2,40,1037,40,2,1,54500,58200,52900
1788595388,4,2:40,2,40,1041,40,2,1,54700,58200,53000
1788595389,4,2:40,2,40,1039,40,2,1,54500,58400,52900
1788595390,4,2:40,2,40,1042,40,2,1,54800,58200,52900
1788595391,4,2:40,2,40,1043,40,2,1,54800,58000,52900
1788595392,4,2:40,2,40,1044,40,2,1,54800,57900,52700
1788595394,4,2:40,2,40,1046,40,2,1,55000,57100,52700
1788595395,4,2:40,2,40,1049,40,2,1,55000,57100,52700
1788595396,4,2:40,2,40,1047,40,2,1,54900,57000,52700
1788595397,4,2:40,2,40,1049,40,2,1,54800,57000,52600
1788595398,4,2:40,2,40,1048,40,2,1,54800,57000,52600
1788595400,4,2:40,2,40,1052,40,2,1,54400,57900,52500
1788595401,4,2:40,2,40,1052,40,2,1,55100,57300,52700
1788595402,4,2:40,2,40,1052,40,2,1,54800,56900,52600
1788595403,4,2:40,2,40,1054,40,2,1,54300,57000,52500
1788595405,4,2:40,2,40,1055,40,2,1,54200,57000,52400
1788595406,4,2:40,2,40,1057,40,2,1,54300,57700,52400
1788595407,4,2:40,2,40,1058,40,2,1,54000,57700,52400
1788595408,4,2:40,2,40,1058,40,2,1,53800,57700,52300
1788595409,4,2:40,2,40,1056,40,2,1,53800,57000,52300
1788595411,4,2:40,2,40,1062,40,2,1,53800,57100,52300
1788595412,4,2:40,2,40,1062,40,2,1,54200,56800,52300
1788595413,4,2:40,2,40,1063,40,2,1,54100,56800,52300
1788595414,4,2:40,2,40,1063,40,2,1,54500,56600,52200
1788595416,4,2:40,2,40,1064,40,2,1,54500,56600,52100
1788595417,4,2:40,2,40,1065,40,2,1,53700,57400,52000
1788595418,4,2:40,2,40,1066,40,2,1,54300,56400,52000
1788595419,4,2:40,2,40,1066,40,2,1,54300,56400,52000
1788595421,4,2:40,2,40,1075,40,2,1,53800,56700,52000
1788595422,4,2:40,2,40,1068,40,2,1,53800,56800,52000
1788595423,4,2:40,2,40,1071,40,2,1,54200,56600,52000
1788595424,4,2:40,2,40,1074,40,2,1,53800,56600,51900
1788595425,4,2:40,2,40,1071,40,2,1,53300,57100,51800
1788595427,4,2:40,2,40,1072,40,2,1,54200,57000,52000
1788595428,4,2:40,2,40,1073,40,2,1,53500,56400,51800
1788595429,4,2:40,2,40,1074,40,2,1,54100,56200,51800
1788595430,4,2:40,2,40,1076,40,2,1,53900,57000,51800
1788595432,4,2:40,2,40,1076,40,2,1,53800,57000,51700
1788595433,4,2:40,2,40,1078,40,2,1,53600,56300,51700
1788595434,4,2:40,2,40,1077,40,2,1,53500,56100,51700
1788595435,4,2:40,2,40,1079,40,2,1,54100,56100,51700
1788595436,4,2:40,2,40,1080,40,2,1,53200,57000,51600
1788595438,4,2:40,2,40,1080,40,2,1,53600,56300,51700
1788595439,4,2:40,2,40,1079,40,2,1,53200,56900,51600
1788595440,4,2:40,2,40,1081,40,2,1,53700,56800,51600
1788595441,4,2:40,2,40,1081,40,2,1,53100,56900,51500
1788595443,4,2:40,2,40,1083,40,2,1,53500,56000,51600
1788595444,4,2:40,2,40,1085,40,2,1,53100,56800,51500
1788595445,4,2:40,2,40,1088,40,2,1,53200,56000,51500
1788595446,4,2:40,2,40,1085,40,2,1,53700,55800,51500
1788595447,4,2:40,2,40,1088,40,2,1,53100,56700,51500
1788595449,4,2:40,2,40,1087,40,2,1,53200,56100,51400
1788595450,4,2:40,2,40,1085,40,2,1,53300,56800,51400
1788595451,4,2:40,2,40,1088,40,2,1,53400,56600,51400
1788595452,4,2:40,2,40,1089,40,2,1,53400,56500,51400
1788595454,4,2:40,2,40,1089,40,2,1,53500,55600,51300
1788595455,4,2:40,2,40,1091,40,2,1,53500,55700,51300
1788595456,4,2:40,2,40,1091,40,2,1,53500,55600,51200
1788595457,4,2:40,2,40,1096,40,2,1,53500,55500,51200
1788595458,4,2:40,2,40,1095,40,2,1,53400,55600,51200
1788595460,4,2:40,2,40,1095,40,2,1,53300,55400,51100
1788595461,4,2:40,2,40,1096,40,2,1,53400,55500,51100
1788595462,4,2:40,2,40,1097,40,2,1,52600,56400,51100
1788595463,4,2:40,2,40,1097,40,2,1,53100,56200,51000
1788595465,4,2:40,2,40,1097,40,2,1,53100,56200,51000
1788595466,4,2:40,2,40,1100,40,2,1,53300,55300,50900
1788595467,4,2:40,2,40,1098,40,2,1,53300,55300,51000
1788595468,4,2:40,2,40,1097,40,2,1,53200,55400,51000
1788595469,4,2:40,2,40,1099,40,2,1,53100,56200,51000
1788595471,4,2:40,2,40,1101,40,2,1,52700,55500,50900
1788595472,4,2:40,2,40,1104,40,2,1,52500,55600,50900
1788595473,4,2:40,2,40,1101,40,2,1,53100,55200,50900
1788595474,4,2:40,2,40,1096,40,2,1,52400,56100,50900
1788595476,4,2:40,2,40,1105,40,2,1,52900,55400,50800
1788595477,4,2:40,2,40,1105,40,2,1,53100,55400,50800
1788595478,4,2:40,2,40,1105,40,2,1,53100,55200,50800
1788595479,4,2:40,2,40,1105,40,2,1,53000,55300,50800
1788595480,4,2:40,2,40,1108,40,2,1,52300,56100,50700
1788595482,4,2:40,2,40,1109,40,2,1,52500,55300,50700
1788595483,4,2:40,2,40,1109,40,2,1,52600,55200,50800
1788595484,4,2:40,2,40,1109,40,2,1,52500,56300,50900
1788595485,4,2:40,2,40,1107,40,2,1,52400,55200,50700
1788595487,4,2:40,2,40,1109,40,2,1,52700,55800,50600
1788595488,4,2:40,2,40,1112,40,2,1,52400,55200,50600
1788595489,4,2:40,2,40,1110,40,2,1,52300,55900,50600
1788595490,4,2:40,2,40,1112,40,2,1,52400,55000,50600
1788595491,4,2:40,2,40,1110,40,2,1,52200,55200,50500
1788595493,4,2:40,2,40,1112,40,2,1,52400,55300,50600
1788595494,4,2:40,2,40,1115,40,2,1,52400,55100,50500
1788595495,4,2:40,2,40,1113,40,2,1,52700,54900,50500
1788595496,4,2:40,2,40,1116,40,2,1,52700,55600,50500
1788595498,4,2:40,2,40,1114,40,2,1,52700,54800,50500
1788595499,4,2:40,2,40,1114,40,2,1,52800,56000,50500
1788595500,4,2:40,2,40,1117,40,2,1,52700,54900,50600
1788595501,4,2:40,2,40,1115,40,2,1,52100,54900,50400
1788595502,4,2:40,2,40,1115,40,2,1,51900,55000,50400
1788595504,4,2:40,2,40,1117,40,2,1,52000,55700,50400
1788595505,4,2:40,2,40,1117,40,2,1,52300,55100,50400
1788595506,4,2:40,2,40,1116,40,2,1,51900,55000,50300
1788595507,4,2:40,2,40,1119,40,2,1,52100,55500,50300
1788595509,4,2:40,2,40,1121,40,2,1,52500,54700,50300
1788595510,4,2:40,2,40,1121,40,2,1,52100,55100,50300
1788595511,4,2:40,2,40,1120,40,2,1,51800,55600,50200
1788595512,4,2:40,2,40,1129,40,2,1,52500,54600,50200
1788595514,4,2:40,2,40,1122,40,2,1,52400,54700,50200
1788595515,4,2:40,2,40,1122,40,2,1,52400,54500,50200
1788595516,4,2:40,2,40,1126,40,2,1,51700,55400,50100
1788595517,4,2:40,2,40,1123,40,2,1,52400,54500,50100
1788595518,4,2:40,2,40,1124,40,2,1,52200,54500,50200
1788595520,4,2:40,2,40,1128,40,2,1,51700,55400,50100
1788595521,4,2:40,2,40,1126,40,2,1,51800,55400,50100
1788595522,4,2:40,2,40,1126,40,2,1,51600,55300,50000
1788595523,4,2:40,2,40,1129,40,2,1,51500,55400,50100
1788595525,4,2:40,2,40,1131,40,2,1,52000,54600,50000
1788595526,4,2:40,2,40,1128,40,2,1,51800,55300,50100
1788595527,4,2:40,2,40,1127,40,2,1,51600,55300,50100
1788595528,4,2:40,2,40,1129,40,2,1,51500,55300,50000
1788595529,4,2:40,2,40,1129,40,2,1,52300,55600,50100
1788595531,4,2:40,2,40,1131,40,2,1,52300,54400,50000
1788595532,4,2:40,2,40,1130,40,2,1,52100,54300,50000
1788595533,4,2:40,2,40,1130,40,2,1,51600,55100,49900
1788595534,4,2:40,2,40,1133,40,2,1,51900,54600,49900
1788595536,4,2:40,2,40,1134,40,2,1,51500,55200,49900
1788595537,4,2:40,2,40,1133,40,2,1,51600,54300,49900
1788595538,4,2:40,2,40,1134,40,2,1,51800,54400,49900
1788595539,4,2:40,2,40,1133,40,2,1,51500,54400,49900
1788595540,4,2:40,2,40,1133,40,2,1,51600,55100,49800
1788595542,4,2:40,2,40,1133,40,2,1,51400,55100,49900
1788595543,4,2:40,2,40,1138,40,2,1,51400,54200,49700
1788595544,4,2:40,2,40,1136,40,2,1,51500,54200,49700
1788595545,4,2:40,2,40,1137,40,2,1,51500,54200,49800
1788595547,4,2:40,2,40,1136,40,2,1,51600,54900,49700
1788595548,4,2:40,2,40,1138,40,2,1,51400,55000,49700
1788595549,4,2:40,2,40,1137,40,2,1,51500,54200,49700
1788595550,4,2:40,2,40,1138,40,2,1,51800,54100,49700
1788595551,4,2:40,2,40,1140,40,2,1,51300,54900,49600
1788595553,4,2:40,2,40,1137,40,2,1,51500,54200,49700
1788595554,4,2:40,2,40,1141,40,2,1,51500,54200,49700
1788595555,4,2:40,2,40,1141,40,2,1,51400,54200,49600
1788595556,4,2:40,2,40,1138,40,2,1,51300,54000,49600
1788595558,4,2:40,2,40,1140,40,2,1,51200,54300,49600
1788595559,4,2:40,2,40,1144,40,2,1,51300,54300,49600
1788595560,4,2:40,2,40,1141,40,2,1,52000,54800,49700
1788595561,4,2:40,2,40,1143,40,2,1,51900,54000,49600
1788595563,4,2:40,2,40,1145,40,2,1,51800,53900,49600
1788595564,4,2:40,2,40,1144,40,2,1,51300,54000,49500
1788595565,4,2:40,2,40,1145,40,2,1,51200,54900,49500
1788595566,4,2:40,2,40,1143,40,2,1,51900,54000,49500
1788595567,4,2:40,2,40,1143,40,2,1,50800,54800,49400
1788595569,4,2:40,2,40,1145,40,2,1,51400,53900,49500
1788595570,4,2:40,2,40,1146,40,2,1,51600,53900,49500
1788595571,4,2:40,2,40,1148,40,2,1,51500,53800,49500
1788595572,4,2:40,2,40,1148,40,2,1,51600,53800,49400
1788595574,4,2:40,2,40,1149,40,2,1,51000,54000,49400
1788595575,4,2:40,2,40,1146,40,2,1,51200,54500,49300
1788595576,4,2:40,2,40,1150,40,2,1,51000,54600,49300
1788595577,4,2:40,2,40,1149,40,2,1,50800,54500,49300
1788595578,4,2:40,2,40,1148,40,2,1,51000,53900,49300
1788595580,4,2:40,2,40,1149,40,2,1,51600,53800,49300
1788595581,4,2:40,2,40,1154,40,2,1,51600,53700,49300
1788595582,4,2:40,2,40,1150,40,2,1,51600,53500,49300
1788595583,4,2:40,2,40,1149,40,2,1,51200,54800,49400
1788595585,4,2:40,2,40,1150,40,2,1,50700,54600,49200
1788595586,4,2:40,2,40,1151,40,2,1,51000,53600,49300
1788595587,4,2:40,2,40,1155,40,2,1,50800,53700,49200
1788595588,4,2:40,2,40,1155,40,2,1,51100,53700,49300
1788595589,4,2:40,2,40,1154,40,2,1,51300,53700,49200
1788595591,4,2:40,2,40,1155,40,2,1,50900,53600,49200
1788595592,4,2:40,2,40,1157,40,2,1,51100,53700,49200
1788595593,4,2:40,2,40,1155,40,2,1,50900,53700,49200
1788595594,4,2:40,2,40,1158,40,2,1,50800,54400,49200
1788595596,4,2:40,2,40,1156,40,2,1,51200,53600,49100
1788595597,4,2:40,2,40,1157,40,2,1,51400,53600,49100
1788595598,4,2:40,2,40,1157,40,2,1,51300,53400,49200
1788595599,4,2:40,2,40,1158,40,2,1,50800,53500,49100
1788595600,4,2:40,2,40,1157,40,2,1,50700,54500,49100
1788595602,4,2:40,2,40,1160,40,2,1,50900,53500,49100
1788595603,4,2:40,2,40,1159,40,2,1,51400,53700,49100
1788595604,4,2:40,2,40,1160,40,2,1,50800,53500,49100
1788595605,4,2:40,2,40,1159,40,2,1,50500,54300,49000
1788595607,4,2:40,2,40,1162,40,2,1,51200,54100,49000
1788595608,4,2:40,2,40,1162,40,2,1,51100,54100,49000
1788595609,4,2:40,2,40,1161,40,2,1,51300,53400,49000
1788595610,4,2:40,2,40,1161,40,2,1,50800,53500,49000
1788595611,4,2:40,2,40,1161,40,2,1,50700,53400,49000
1788595613,4,2:40,2,40,1161,40,2,1,51300,54100,49000
1788595614,4,2:40,2,40,1163,40,2,1,51200,53300,49000
1788595615,4,2:40,2,40,1162,40,2,1,50800,54100,49000
1788595616,4,2:40,2,40,1162,40,2,1,51200,54000,49000
1788595618,4,2:40,2,40,1165,40,2,1,50700,53500,48900
1788595619,4,2:40,2,40,1164,40,2,1,50900,53400,48900
1788595620,4,2:40,2,40,1163,40,2,1,50800,53600,48800
1788595621,4,2:40,2,40,1165,40,2,1,50700,53400,48900
1788595622,4,2:40,2,40,1164,40,2,1,50700,53500,48900
1788595624,4,2:40,2,40,1168,40,2,1,51200,53200,48900
1788595625,4,2:40,2,40,1168,40,2,1,50300,54100,48800
1788595626,4,2:40,2,40,1167,40,2,1,50600,53400,48800
1788595627,4,2:40,2,40,1165,40,2,1,51000,53200,48900
1788595629,4,2:40,2,40,1168,40,2,1,51000,53200,48800
1788595630,4,2:40,2,40,1167,40,2,1,50600,53400,48900
1788595631,4,2:40,2,40,1170,40,2,1,50500,53200,48800
1788595632,4,2:40,2,40,1167,40,2,1,50600,53100,48700
1788595633,4,2:40,2,40,1169,40,2,1,50600,53200,48700
1788595635,4,2:40,2,40,1169,40,2,1,50600,53300,48800
1788595636,4,2:40,2,40,1170,40,2,1,50400,53300,48800
1788595637,4,2:40,2,40,1169,40,2,1,50500,53200,48800
1788595638,4,2:40,2,40,1170,40,2,1,50400,53800,48700
1788595640,4,2:40,2,40,1169,40,2,1,50800,53000,48600
1788595641,4,2:40,2,40,1173,40,2,1,50900,52900,48600
1788595642,4,2:40,2,40,1171,40,2,1,50900,53000,48600
1788595643,4,2:40,2,40,1172,40,2,1,50300,52900,48600
1788595644,4,2:40,2,40,1181,40,2,1,50400,53000,48600
1788595646,4,2:40,2,40,1173,40,2,1,50100,53800,48700
1788595647,4,2:40,2,40,1174,40,2,1,50700,53000,48600
1788595648,4,2:40,2,40,1174,40,2,1,50900,53000,48600
1788595649,4,2:40,2,40,1174,40,2,1,50400,53200,48600
1788595651,4,2:40,2,40,1174,40,2,1,50300,53100,48600
1788595652,4,2:40,2,40,1174,40,2,1,50300,53100,48500
1788595653,4,2:40,2,40,1174,40,2,1,50400,53100,48600
1788595654,4,2:40,2,40,1174,40,2,1,50300,53000,48600
1788595655,4,2:40,2,40,1175,40,2,1,50200,53700,48500
1788595657,4,2:40,2,40,1175,40,2,1,50200,53000,48500
1788595658,4,2:40,2,40,1175,40,2,1,50200,53700,48500
1788595659,4,2:40,2,40,1177,40,2,1,50200,53800,48500
1788595660,4,2:40,2,40,1175,40,2,1,50200,52800,48500
1788595662,4,2:40,2,40,1176,40,2,1,50500,52800,48500
1788595663,4,2:40,2,40,1178,40,2,1,50300,52900,48500
1788595664,4,2:40,2,40,1177,40,2,1,50300,52900,48500
1788595665,4,2:40,2,40,1179,40,2,1,50800,52900,48500
1788595666,4,2:40,2,40,1177,40,2,1,50300,52900,48500
1788595668,4,2:40,2,40,1178,40,2,1,50600,52900,48400
1788595669,4,2:40,2,40,1177,40,2,1,50600,52900,48500
1788595670,4,2:40,2,40,1179,40,2,1,50200,52800,48500
1788595671,4,2:40,2,40,1181,40,2,1,50400,52800,48400
1788595673,4,2:40,2,40,1180,40,2,1,50000,52800,48400
1788595674,4,2:40,2,40,1177,40,2,1,50100,52700,48400
1788595675,4,2:40,2,40,1180,40,2,1,50800,53300,48600
1788595676,4,2:40,2,40,1182,40,2,1,50100,53000,48500
1788595677,4,2:40,2,40,1180,40,2,1,50500,52800,48300
1788595679,4,2:40,2,40,1182,40,2,1,50600,52700,48400
1788595680,4,2:40,2,40,1179,40,2,1,50700,53100,48500
1788595681,4,2:40,2,40,1183,40,2,1,50100,52800,48400
1788595682,4,2:40,2,40,1183,40,2,1,50500,52700,48300
1788595684,4,2:40,2,40,1172,40,2,1,50900,53000,48600
1788595685,4,2:40,2,40,1181,40,2,1,50500,52800,48400
1788595686,4,2:40,2,40,1181,40,2,1,50200,52800,48400
1788595687,4,2:40,2,40,1181,40,2,1,50100,52600,48300
1788595688,4,2:40,2,40,1183,40,2,1,50300,52600,48300
1788595690,4,2:40,2,40,1182,40,2,1,50400,52600,48200
1788595691,4,2:40,2,40,1183,40,2,1,50100,52600,48200
1788595692,4,2:40,2,40,1187,40,2,1,49900,53400,48300
1788595693,4,2:40,2,40,1185,40,2,1,49900,52700,48200
1788595695,4,2:40,2,40,1186,40,2,1,49700,53400,48200
1788595696,4,2:40,2,40,1186,40,2,1,50400,52600,48200
1788595697,4,2:40,2,40,1186,40,2,1,50000,52800,48200
1788595698,4,2:40,2,40,1185,40,2,1,50300,52700,48200
1788595699,4,2:40,2,40,1191,40,2,1,50400,52500,48100
1788595701,4,2:40,2,40,1188,40,2,1,49900,52600,48100
1788595702,4,2:40,2,40,1188,40,2,1,49600,53300,48100
1788595703,4,2:40,2,40,1187,40,2,1,50300,52300,48100
1788595704,4,2:40,2,40,1192,40,2,1,50300,52300,48100
1788595706,4,2:40,2,40,1188,40,2,1,49700,52700,48100
1788595707,4,2:40,2,40,1189,40,2,1,50400,52400,48100
1788595708,4,2:40,2,40,1188,40,2,1,49400,53200,48100
1788595709,4,2:40,2,40,1188,40,2,1,49900,52600,48100
1788595710,4,2:40,2,40,1190,40,2,1,50100,53300,48100
1788595712,4,2:40,2,40,1191,40,2,1,49700,53400,48100
1788595713,4,2:40,2,40,1190,40,2,1,49600,53300,48100
1788595714,4,2:40,2,40,1191,40,2,1,50600,53800,48300
1788595715,4,2:40,2,40,1190,40,2,1,49900,52600,48100
1788595716,4,2:40,2,40,1189,40,2,1,49700,52600,48100
1788595718,4,2:40,2,40,1192,40,2,1,49900,52500,48000
1788595719,4,2:40,2,40,1193,40,2,1,49800,52400,48100
1788595720,4,2:40,2,40,1193,40,2,1,50300,52300,48000
1788595721,4,2:40,2,40,1191,40,2,1,50100,52500,48000
1788595723,4,2:40,2,40,1191,40,2,1,49500,53000,48000
1788595724,4,2:40,2,40,1192,40,2,1,50100,53100,48000
1788595725,4,2:40,2,40,1192,40,2,1,49600,53300,47900
1788595726,4,2:40,2,40,1192,40,2,1,50300,52300,48000
1788595728,4,2:40,2,40,1193,40,2,1,49800,52400,48000
1788595729,4,2:40,2,40,1192,40,2,1,50200,52200,48000
1788595730,4,2:40,2,40,1194,40,2,1,49600,52400,47900
1788595731,4,2:40,2,40,1194,40,2,1,49600,53100,47900
1788595732,4,2:40,2,40,1197,40,2,1,49400,53200,47900
1788595734,4,2:40,2,40,1193,40,2,1,50100,52300,47900
1788595735,4,2:40,2,40,1193,40,2,1,50300,52300,47900
1788595736,4,2:40,2,40,1195,40,2,1,49400,53100,47800
1788595737,4,2:40,2,40,1194,40,2,1,49300,53000,47900
1788595739,4,2:40,2,40,1195,40,2,1,50100,52200,47900
1788595740,4,2:40,2,40,1196,40,2,1,50100,53600,47900
1788595741,4,2:40,2,40,1195,40,2,1,50100,52200,47900
1788595742,4,2:40,2,40,1195,40,2,1,49600,52200,47900
1788595743,4,2:40,2,40,1196,40,2,1,49400,52300,47800
1788595745,4,2:40,2,40,1197,40,2,1,50300,52800,48000
1788595746,4,2:40,2,40,1197,40,2,1,50100,52300,47900
1788595747,4,2:40,2,40,1198,40,2,1,49900,52200,47800
1788595748,4,2:40,2,40,1199,40,2,1,49400,53000,47900
1788595749,4,2:40,2,40,1198,40,2,1,49900,52100,47900
1788595751,4,2:40,2,40,1198,40,2,1,50200,52200,47900
1788595752,4,2:40,2,40,1200,40,2,1,50000,52200,47800
1788595753,4,2:40,2,40,1198,40,2,1,49400,52300,47800
1788595754,4,2:40,2,40,1197,40,2,1,50000,52200,47800
1788595756,4,2:40,2,40,1199,40,2,1,49400,53000,47800
1788595757,4,2:40,2,40,1197,40,2,1,49400,52300,47800
1788595758,4,2:40,2,40,1201,40,2,1,49500,52200,47900
1788595759,4,2:40,2,40,1197,40,2,1,49800,52100,47800
1788595760,4,2:40,2,40,1200,40,2,1,49500,52900,47800
1788595762,4,2:40,2,40,1202,40,2,1,49300,53000,47700
1788595763,4,2:40,2,40,1198,40,2,1,49200,52900,47700
1788595764,4,2:40,2,40,1201,40,2,1,49100,52900,47700
1788595765,4,2:40,2,40,1202,40,2,1,49900,51900,47700
1788595767,4,2:40,2,40,1200,40,2,1,49300,53000,47700
1788595768,4,2:40,2,40,1199,40,2,1,49300,53000,47700
1788595769,4,2:40,2,40,1203,40,2,1,49800,52000,47700
1788595770,4,2:40,2,40,1201,40,2,1,49500,52100,47700
1788595771,4,2:40,2,40,1203,40,2,1,49800,52000,47700
1788595773,4,2:40,2,40,1201,40,2,1,49900,52000,47800
1788595774,4,2:40,2,40,1202,40,2,1,49900,52100,47700
1788595775,4,2:40,2,40,1205,40,2,1,49500,52500,47700
1788595776,4,2:40,2,40,1202,40,2,1,49500,52000,47700
1788595778,4,2:40,2,40,1204,40,2,1,49500,52000,47600
1788595779,4,2:40,2,40,1204,40,2,1,49500,52000,47700
1788595780,4,2:40,2,40,1206,40,2,1,49800,51900,47700
1788595781,4,2:40,2,40,1205,40,2,1,49800,51800,47600
1788595783,4,2:40,2,40,1205,40,2,1,49100,52800,47600
1788595784,4,2:40,2,40,1205,40,2,1,49200,51900,47600
1788595785,4,2:40,2,40,1197,40,2,1,49900,51900,47600
1788595786,4,2:40,2,40,1206,40,2,1,49300,52000,47600
1788595787,4,2:40,2,40,1204,40,2,1,49700,51900,47600
1788595789,4,2:40,2,40,1203,40,2,1,49800,51900,47600
1788595790,4,2:40,2,40,1206,40,2,1,49800,51900,47600
1788595791,4,2:40,2,40,1209,40,2,1,49300,51900,47600
1788595792,4,2:40,2,40,1207,40,2,1,49100,51900,47500
1788595794,4,2:40,2,40,1205,40,2,1,49600,51800,47600
1788595795,4,2:40,2,40,1206,40,2,1,49800,51800,47600
1788595796,4,2:40,2,40,1207,40,2,1,49300,52000,47600
1788595797,4,2:40,2,40,1209,40,2,1,49700,51800,47500
1788595798,4,2:40,2,40,1209,40,2,1,49100,52600,47400
1788595800,4,2:40,2,40,1206,40,2,1,49800,51900,47600
1788595801,4,2:40,2,40,1207,40,2,1,49200,52000,47600
1788595802,4,2:40,2,40,1210,40,2,1,49600,51900,47500
1788595803,4,2:40,2,40,1209,40,2,1,49600,51800,47500
1788595805,4,2:40,2,40,1211,40,2,1,49500,51600,47500
1788595806,4,2:40,2,40,1210,40,2,1,49900,52300,47600
1788595807,4,2:40,2,40,1206,40,2,1,49600,51800,47500
1788595808,4,2:40,2,40,1209,40,2,1,49700,51800,47600
1788595809,4,2:40,2,40,1212,40,2,1,49700,51800,47500
1788595811,4,2:40,2,40,1210,40,2,1,49200,51800,47500
1788595812,4,2:40,2,40,1210,40,2,1,49300,51900,47500
1788595813,4,2:40,2,40,1210,40,2,1,49300,51800,47500
1788595814,4,2:40,2,40,1209,40,2,1,48900,52600,47400
1788595816,4,2:40,2,40,1211,40,2,1,49200,51800,47400
1788595817,4,2:40,2,40,1217,40,2,1,49300,51800,47400
1788595818,4,2:40,2,40,1211,40,2,1,49500,51600,47400
1788595819,4,2:40,2,40,1211,40,2,1,49200,51800,47400
1788595820,4,2:40,2,40,1213,40,2,1,49600,51700,47400
1788595822,4,2:40,2,40,1212,40,2,1,49500,51800,47500
1788595823,4,2:40,2,40,1211,40,2,1,49600,51800,47400
1788595824,4,2:40,2,40,1213,40,2,1,49200,51800,47400
1788595825,4,2:40,2,40,1213,40,2,1,49000,51700,47400
1788595827,4,2:40,2,40,1211,40,2,1,49100,51800,47200
1788595828,4,2:40,2,40,1211,40,2,1,49200,52500,47300
1788595829,4,2:40,2,40,1211,40,2,1,48900,52600,47300
1788595830,4,2:40,2,40,1212,40,2,1,49600,51800,47400
1788595831,4,2:40,2,40,1209,40,2,1,49600,51700,47300
1788595833,4,2:40,2,40,1212,40,2,1,49500,51500,47300
1788595834,4,2:40,2,40,1213,40,2,1,49600,51600,47300
1788595835,4,2:40,2,40,1213,40,2,1,48800,52600,47300
1788595836,4,2:40,2,40,1214,40,2,1,49500,51600,47300
1788595838,4,2:40,2,40,1218,40,2,1,49600,51700,47400
1788595839,4,2:40,2,40,1214,40,2,1,49500,51500,47300
1788595840,4,2:40,2,40,1216,40,2,1,49500,51600,47300
1788595841,4,2:40,2,40,1214,40,2,1,49500,51500,47300
1788595842,4,2:40,2,40,1217,40,2,1,49100,51800,47300
1788595844,4,2:40,2,40,1217,40,2,1,49500,51600,47300
1788595845,4,2:40,2,40,1217,40,2,1,48800,51800,47300
1788595846,4,2:40,2,40,1211,40,2,1,49000,51500,47300
1788595847,4,2:40,2,40,1218,40,2,1,49100,51600,47300
1788595849,4,2:40,2,40,1218,40,2,1,48900,51600,47200
1788595850,4,2:40,2,40,1215,40,2,1,49000,51700,47200
1788595851,4,2:40,2,40,1215,40,2,1,49500,51500,47300
1788595852,4,2:40,2,40,1218,40,2,1,49300,51600,47200
1788595853,4,2:40,2,40,1219,40,2,1,48800,51500,47200
1788595855,4,2:40,2,40,1219,40,2,1,49000,51800,47300
1788595856,4,2:40,2,40,1220,40,2,1,48800,52500,47200
1788595857,4,2:40,2,40,1219,40,2,1,49400,51500,47200
1788595858,4,2:40,2,40,1217,40,2,1,48900,51500,47200
1788595860,4,2:40,2,40,1219,40,2,1,48600,52300,47200
1788595861,4,2:40,2,40,1222,40,2,1,48900,51600,47200
1788595862,4,2:40,2,40,1219,40,2,1,49300,51500,47200
1788595863,4,2:40,2,40,1218,40,2,1,49000,51600,47200
1788595864,4,2:40,2,40,1218,40,2,1,49300,51300,47200
1788595866,4,2:40,2,40,1218,40,2,1,49300,51400,47200
1788595867,4,2:40,2,40,1220,40,2,1,49200,51200,47100
1788595868,4,2:40,2,40,1222,40,2,1,48800,51600,47100
1788595869,4,2:40,2,40,1219,40,2,1,49300,51500,47200
1788595871,4,2:40,2,40,1221,40,2,1,49300,51400,47200
1788595872,4,2:40,2,40,1220,40,2,1,49300,51300,47200
1788595873,4,2:40,2,40,1221,40,2,1,48600,52300,47100
1788595874,4,2:40,2,40,1221,40,2,1,48900,51500,47100
1788595875,4,2:40,2,40,1220,40,2,1,49000,51500,47200
1788595877,4,2:40,2,40,1221,40,2,1,49000,51400,47100
1788595878,4,2:40,2,40,1222,40,2,1,49300,51500,47100
1788595879,4,2:40,2,40,1220,40,2,1,49200,51400,47100
1788595880,4,2:40,2,40,1222,40,2,1,49400,51400,47100
1788595882,4,2:40,2,40,1215,40,2,1,49200,51300,47100
1788595883,4,2:40,2,40,1221,40,2,1,48800,51500,47000
1788595884,4,2:40,2,40,1221,40,2,1,49100,52100,47100
1788595885,4,2:40,2,40,1222,40,2,1,48600,52300,47000
1788595886,4,2:40,2,40,1222,40,2,1,49200,52000,47100
1788595888,4,2:40,2,40,1221,40,2,1,48800,51500,47100
1788595889,4,2:40,2,40,1221,40,2,1,48600,52300,47100
1788595890,4,2:40,2,40,1222,40,2,1,49300,51300,47100
1788595891,4,2:40,2,40,1224,40,2,1,49300,52000,47200
1788595893,4,2:40,2,40,1225,40,2,1,48900,51500,47100
1788595894,4,2:40,2,40,1224,40,2,1,48700,51400,47000
1788595895,4,2:40,2,40,1224,40,2,1,48800,51500,47100
1788595896,4,2:40,2,40,1221,40,2,1,48700,51300,47000
1788595898,4,2:40,2,40,1226,40,2,1,49200,51200,47000
1788595899,4,2:40,2,40,1223,40,2,1,48700,52200,47100
1788595900,4,2:40,2,40,1223,40,2,1,49300,52600,47200
1788595901,4,2:40,2,40,1226,40,2,1,48800,51400,47000
1788595902,4,2:40,2,40,1223,40,2,1,48800,51500,47200
1788595904,4,2:40,2,40,1225,40,2,1,48900,51500,47100
1788595905,4,2:40,2,40,1227,40,2,1,49000,52100,47000
1788595906,4,2:40,2,40,1223,40,2,1,49200,51300,47000
1788595907,4,2:40,2,40,1225,40,2,1,48800,51400,47200
1788595908,4,2:40,2,40,1225,40,2,1,49000,51200,47000
1788595910,4,2:40,2,40,1226,40,2,1,48800,51400,47000
1788595911,4,2:40,2,40,1227,40,2,1,48600,52100,47000
1788595912,4,2:40,2,40,1226,40,2,1,49100,51500,47000
1788595913,4,2:40,2,40,1227,40,2,1,49000,51600,47000
1788595915,4,2:40,2,40,1227,40,2,1,49100,51300,47000
1788595916,4,2:40,2,40,1230,40,2,1,49100,51300,47000
1788595917,4,2:40,2,40,1226,40,2,1,48800,51400,46900
1788595918,4,2:40,2,40,1226,40,2,1,48600,51300,47000
1788595919,4,2:40,2,40,1228,40,2,1,48700,51600,46900
1788595921,4,2:40,2,40,1227,40,2,1,48800,51300,47000
1788595922,4,2:40,2,40,1228,40,2,1,48700,51300,46900
1788595923,4,2:40,2,40,1228,40,2,1,49000,51900,46900
1788595924,4,2:40,2,40,1227,40,2,1,48600,51200,46900
1788595926,4,2:40,2,40,1226,40,2,1,48400,51400,46900
1788595927,4,2:40,2,40,1225,40,2,1,48500,51300,46900
1788595928,4,2:40,2,40,1229,40,2,1,49000,51200,46900
1788595929,4,2:40,2,40,1228,40,2,1,48600,51400,46900
1788595930,4,2:40,2,40,1229,40,2,1,48500,52100,46900
1788595932,4,2:40,2,40,1236,40,2,1,49000,51300,46900
1788595933,4,2:40,2,40,1229,40,2,1,49100,51200,46900
1788595934,4,2:40,2,40,1229,40,2,1,48700,51200,47000
1788595935,4,2:40,2,40,1228,40,2,1,49000,51300,46900
1788595937,4,2:40,2,40,1227,40,2,1,48600,51300,46900
1788595938,4,2:40,2,40,1231,40,2,1,48600,51300,46700
1788595939,4,2:40,2,40,1230,40,2,1,48600,51900,46900
1788595940,4,2:40,2,40,1229,40,2,1,48900,51300,46900
1788595941,4,2:40,2,40,1230,40,2,1,49000,51200,46900
1788595943,4,2:40,2,40,1233,40,2,1,49000,51000,46900
1788595944,4,2:40,2,40,1229,40,2,1,48900,51100,46800
1788595945,4,2:40,2,40,1230,40,2,1,49400,52500,47000
1788595946,4,2:40,2,40,1230,40,2,1,48400,52100,46800
1788595948,4,2:40,2,40,1231,40,2,1,48200,52100,46800
1788595949,4,2:40,2,40,1230,40,2,1,48200,52000,46800
1788595950,4,2:40,2,40,1231,40,2,1,48200,51900,46800
1788595951,4,2:40,2,40,1231,40,2,1,49000,51400,47000
1788595952,4,2:40,2,40,1230,40,2,1,49000,51100,46800
1788595954,4,2:40,2,40,1230,40,2,1,49000,51100,46900
1788595955,4,2:40,2,40,1230,40,2,1,48700,51200,46900
1788595956,4,2:40,2,40,1232,40,2,1,48500,51200,46800
1788595957,4,2:40,2,40,1232,40,2,1,49000,51000,46700
1788595959,4,2:40,2,40,1234,40,2,1,48500,51100,46800
1788595960,4,2:40,2,40,1231,40,2,1,48600,51200,46900
1788595961,4,2:40,2,40,1230,40,2,1,48600,51200,46900
1788595962,4,2:40,2,40,1232,40,2,1,49000,51000,46800
1788595963,4,2:40,2,40,1232,40,2,1,48900,51200,46700
1788595965,4,2:40,2,40,1232,40,2,1,48500,51400,46700
1788595966,4,2:40,2,40,1233,40,2,1,48500,51200,46800
1788595967,4,2:40,2,40,1233,40,2,1,48600,51200,46800
1788595968,4,2:40,2,40,1233,40,2,1,48800,51800,46700
1788595970,4,2:40,2,40,1234,40,2,1,48400,51200,46700
1788595971,4,2:40,2,40,1234,40,2,1,48400,51100,46800
1788595972,4,2:40,2,40,1233,40,2,1,48400,51100,46700
1788595973,4,2:40,2,40,1233,40,2,1,48400,51200,46700
1788595974,4,2:40,2,40,1237,40,2,1,49000,51000,46700
1788595976,4,2:40,2,40,1234,40,2,1,48900,51000,46700
1788595977,4,2:40,2,40,1235,40,2,1,49200,51200,46900
1788595978,4,2:40,2,40,1235,40,2,1,48900,51000,46700
1788595979,4,2:40,2,40,1234,40,2,1,48400,51000,46700
1788595981,4,2:40,2,40,1234,40,2,1,48400,51100,46700
1788595982,4,2:40,2,40,1234,40,2,1,48600,51200,46700
1788595983,4,2:40,2,40,1238,40,2,1,48500,51300,46800
1788595984,4,2:40,2,40,1236,40,2,1,48400,51000,46800
1788595985,4,2:40,2,40,1235,40,2,1,48900,51200,46700
1788595987,4,2:40,2,40,1235,40,2,1,48400,51000,46700
1788595988,4,2:40,2,40,1236,40,2,1,48400,51100,46700
1788595989,4,2:40,2,40,1245,40,2,1,48900,50900,46700
1788595990,4,2:40,2,40,1235,40,2,1,48800,51300,46900
1788595992,4,2:40,2,40,1236,40,2,1,48400,51100,46700
1788595993,4,2:40,2,40,1236,40,2,1,48400,51100,46700
1788595994,4,2:40,2,40,1235,40,2,1,48500,51200,46800
1788595995,4,2:40,2,40,1237,40,2,1,48700,51000,46700
1788595996,4,2:40,2,40,1236,40,2,1,48600,51200,46700
1788595998,4,2:40,2,40,1237,40,2,1,48400,51000,46600
1788595999,4,2:40,2,40,1237,40,2,1,48800,51000,46600
1788596000,4,2:40,2,40,1237,40,2,1,48500,51200,46700
1788596001,4,2:40,2,40,1238,40,2,1,48400,51100,46600
1788596003,4,2:40,2,40,1236,40,2,1,48600,52100,46900
1788596004,4,2:40,2,40,1235,40,2,1,48400,51000,46700
1788596005,4,2:40,2,40,1237,40,2,1,48500,51000,46600
1788596006,4,2:40,2,40,1237,40,2,1,48700,51000,46600
1788596007,4,2:40,2,40,1239,40,2,1,48400,51100,46700
1788596009,4,2:40,2,40,1237,40,2,1,49000,51000,46600
1788596010,4,2:40,2,40,1238,40,2,1,48900,51000,46700
1788596011,4,2:40,2,40,1237,40,2,1,48300,51000,46700
1788596012,4,2:40,2,40,1238,40,2,1,48200,51000,46600
1788596014,4,2:40,2,40,1238,40,2,1,48600,50900,46600
1788596015,4,2:40,2,40,1237,40,2,1,48800,50800,46600
1788596016,4,2:40,2,40,1240,40,2,1,48300,51200,46600
1788596017,4,2:40,2,40,1237,40,2,1,48600,50900,46600
1788596018,4,2:40,2,40,1237,40,2,1,48200,51000,46600
1788596020,4,2:40,2,40,1239,40,2,1,48400,51000,46600
1788596021,4,2:40,2,40,1240,40,2,1,48800,51300,46800
1788596022,5,2:35,2,35,1242,35,2,1,48600,51200,46700
1788596023,5,2:35,2,35,1237,35,2,1,48400,51000,46600
1788596025,5,2:35,2,35,1239,35,2,1,48200,50900,46600
1788596026,5,2:35,2,35,1239,35,2,1,48500,50800,46500
1788596027,5,2:35,2,35,1240,35,2,1,48800,50900,46600
1788596028,5,2:35,2,35,1238,35,2,1,48500,51000,46700
1788596029,5,2:35,2,35,1238,35,2,1,48300,50900,46500
1788596031,5,2:35,2,35,1238,35,2,1,48400,51000,46600
1788596032,5,2:35,2,35,1236,35,2,1,48300,51000,46600
1788596033,5,2:35,2,35,1238,35,2,1,48400,50900,46600
1788596034,5,2:35,2,35,1236,35,2,1,48300,50900,46600
1788596036,5,2:35,2,35,1236,35,2,1,48500,50900,46600
1788596037,5,2:35,2,35,1237,35,2,1,49000,51200,46600
1788596038,5,2:35,2,35,1238,35,2,1,48800,50800,46700
1788596039,5,2:35,2,35,1235,35,2,1,48200,50800,46600
1788596040,5,2:35,2,35,1235,35,2,1,48800,50800,46600
1788596042,5,2:35,2,35,1234,35,2,1,48400,51700,46600
1788596043,5,2:35,2,35,1233,35,2,1,48900,51000,46700
1788596044,5,2:35,2,35,1235,35,2,1,48800,50900,46600
1788596045,5,2:35,2,35,1234,35,2,1,48400,51000,46700
1788596047,5,2:35,2,35,1231,35,2,1,48300,50900,46600
1788596048,5,2:35,2,35,1235,35,2,1,48700,51000,46600
1788596049,5,2:35,2,35,1234,35,2,1,48300,51800,46600
1788596050,5,2:35,2,35,1233,35,2,1,48100,51800,46600
1788596051,5,2:35,2,35,1232,35,2,1,49200,51300,46800
1788596053,5,2:35,2,35,1231,35,2,1,48900,50800,46600
1788596054,5,2:35,2,35,1229,35,2,1,49000,51200,46800
1788596055,5,2:35,2,35,1232,35,2,1,48800,50900,46600
1788596056,5,2:35,2,35,1233,35,2,1,48400,51000,46700
1788596058,5,2:35,2,35,1233,35,2,1,48400,51000,46600
1788596059,5,2:35,2,35,1230,35,2,1,48100,51800,46700
1788596060,5,2:35,2,35,1233,35,2,1,48800,50800,46700
1788596061,5,2:35,2,35,1230,35,2,1,48400,50900,46700
1788596062,5,2:35,2,35,1231,35,2,1,48100,51800,46700
1788596064,5,2:35,2,35,1231,35,2,1,48400,50900,46600
1788596065,5,2:35,2,35,1231,35,2,1,48400,51000,46600
1788596066,5,2:35,2,35,1228,35,2,1,48500,51000,46700
1788596067,5,2:35,2,35,1229,35,2,1,48400,51000,46700
1788596069,5,2:35,2,35,1229,35,2,1,48800,51000,46700
1788596070,5,2:35,2,35,1229,35,2,1,48400,51000,46700
1788596071,5,2:35,2,35,1229,35,2,1,48800,51000,46600
1788596072,5,2:35,2,35,1228,35,2,1,48200,51800,46700
1788596073,5,2:35,2,35,1228,35,2,1,48100,51800,46700
1788596075,5,2:35,2,35,1229,35,2,1,48200,51800,46600
1788596076,5,2:35,2,35,1228,35,2,1,48600,51200,46800
1788596077,5,2:35,2,35,1226,35,2,1,48500,51000,46700
1788596078,5,2:35,2,35,1227,35,2,1,48600,51100,46800
1788596080,5,2:35,2,35,1228,35,2,1,48400,52100,46900
1788596081,5,2:35,2,35,1233,35,2,1,48300,51800,46700
1788596082,5,2:35,2,35,1226,35,2,1,48500,52200,46800
1788596083,5,2:35,2,35,1226,35,2,1,48600,51100,46800
1788596084,5,2:35,2,35,1224,35,2,1,48800,51000,46800
1788596086,5,2:35,2,35,1225,35,2,1,48800,51200,46800
1788596087,5,2:35,2,35,1226,35,2,1,48300,52000,46700
1788596088,5,2:35,2,35,1226,35,2,1,48100,51800,46700
1788596089,5,2:35,2,35,1224,35,2,1,48500,51000,46800
1788596091,5,2:35,2,35,1224,35,2,1,48500,51300,46800
1788596092,5,2:35,2,35,1223,35,2,1,48500,51200,46700
1788596093,5,2:35,2,35,1223,35,2,1,48500,51900,46800
1788596094,5,2:35,2,35,1226,35,2,1,48600,51000,46800
1788596095,5,2:35,2,35,1226,35,2,1,48600,51200,46900
1788596097,5,2:35,2,35,1226,35,2,1,48900,51200,46800
1788596098,5,2:35,2,35,1226,35,2,1,48500,51200,46800
1788596099,5,2:35,2,35,1227,35,2,1,48600,51300,46800
1788596100,5,2:35,2,35,1223,35,2,1,48900,51200,46800
1788596102,5,2:35,2,35,1224,35,2,1,48600,51000,46800
1788596103,5,2:35,2,35,1224,35,2,1,48900,51100,46800
1788596104,5,2:35,2,35,1223,35,2,1,48900,51000,46800
1788596105,5,2:35,2,35,1224,35,2,1,48700,51700,47000
1788596106,5,2:35,2,35,1225,35,2,1,49100,52700,46900
1788596108,5,2:35,2,35,1223,35,2,1,48900,51900,46900
1788596109,5,2:35,2,35,1224,35,2,1,49600,51700,47100
1788596110,5,2:35,2,35,1221,35,2,1,49000,51100,46900
1788596111,5,2:35,2,35,1222,35,2,1,51000,54300,48000
1788596113,5,2:35,2,35,1222,35,2,1,50100,52400,47500
1788596114,5,2:35,2,35,1223,35,2,1,49600,52300,47600
1788596115,5,2:35,2,35,1225,35,2,1,49300,51700,47300
1788596116,5,2:35,2,35,1224,35,2,1,49600,51800,47400
1788596117,5,2:35,2,35,1222,35,2,1,50100,52700,47600
1788596119,5,2:35,2,35,1221,35,2,1,49200,51900,47300
1788596120,5,2:35,2,35,1223,35,2,1,49900,51900,47500
1788596121,5,2:35,2,35,1224,35,2,1,52000,54100,48600
1788596122,5,2:35,2,35,1221,35,2,1,49600,51800,47400
1788596124,5,2:35,2,35,1224,35,2,1,49000,51700,47300
1788596125,5,2:35,2,35,1222,35,2,1,49000,51700,47300
1788596126,5,2:35,2,35,1219,35,2,1,49500,53100,47300
1788596127,5,2:35,2,35,1222,35,2,1,48600,52400,47200
1788596128,5,2:35,2,35,1223,35,2,1,49300,51900,47300
1788596130,5,2:35,2,35,1221,35,2,1,48900,51400,47100
1788596131,5,2:35,2,35,1221,35,2,1,49100,51800,47300
1788596132,5,2:35,2,35,1222,35,2,1,49100,51600,47200
1788596133,5,2:35,2,35,1220,35,2,1,49000,51600,47200
1788596135,5,2:35,2,35,1215,35,2,1,48800,51500,47000
1788596136,5,2:35,2,35,1220,35,2,1,49100,51500,47200
1788596137,5,2:35,2,35,1218,35,2,1,50000,52100,47300
1788596138,5,2:35,2,35,1219,35,2,1,49300,51400,47100
1788596139,5,2:35,2,35,1219,35,2,1,49600,51800,47300
1788596141,5,2:35,2,35,1221,35,2,1,48900,51600,47100
1788596142,5,2:35,2,35,1220,35,2,1,49000,51700,47200
1788596143,5,2:35,2,35,1220,35,2,1,48800,51400,47000
1788596144,5,2:35,2,35,1221,35,2,1,49000,51600,47200
1788596146,5,2:35,2,35,1217,35,2,1,49700,52700,47200
1788596147,5,2:35,2,35,1220,35,2,1,48900,51700,47200
1788596148,5,2:35,2,35,1219,35,2,1,49300,52000,47400
1788596149,5,2:35,2,35,1222,35,2,1,49000,51500,47200
1788596150,5,2:35,2,35,1221,35,2,1,49200,51800,47300
1788596152,5,2:35,2,35,1218,35,2,1,49200,51700,47200
1788596153,5,2:35,2,35,1215,35,2,1,49000,51600,47200
1788596154,5,2:35,2,35,1220,35,2,1,48900,51600,47200
1788596155,5,2:35,2,35,1220,35,2,1,48800,51500,47200
1788596156,5,2:35,2,35,1220,35,2,1,50300,52700,47400
1788596158,5,2:35,2,35,1221,35,2,1,49200,51300,47100
1788596159,5,2:35,2,35,1219,35,2,1,49500,52100,47400
1788596160,5,2:35,2,35,1219,35,2,1,49000,51600,47100
1788596161,5,2:35,2,35,1218,35,2,1,49000,51700,47300
1788596163,5,2:35,2,35,1219,35,2,1,49000,51600,47300
1788596164,5,2:35,2,35,1220,35,2,1,49300,51400,47200
1788596165,5,2:35,2,35,1219,35,2,1,48900,51400,47100
1788596166,5,2:35,2,35,1219,35,2,1,49000,51600,47200
1788596167,5,2:35,2,35,1220,35,2,1,48900,51500,47200
1788596169,5,2:35,2,35,1218,35,2,1,49000,52200,47000
1788596170,5,2:35,2,35,1218,35,2,1,48900,51400,47100
1788596171,5,2:35,2,35,1215,35,2,1,48700,51500,47100
1788596172,5,2:35,2,35,1215,35,2,1,48800,51400,47100
1788596174,5,2:35,2,35,1218,35,2,1,49200,51300,47100
1788596175,5,2:35,2,35,1218,35,2,1,49100,51500,47200
1788596176,5,2:35,2,35,1218,35,2,1,48900,51500,47100
1788596177,5,2:35,2,35,1221,35,2,1,48800,51400,47100
1788596178,5,2:35,2,35,1220,35,2,1,48800,51500,47000
1788596180,5,2:35,2,35,1219,35,2,1,48900,51400,47100
1788596181,5,2:35,2,35,1218,35,2,1,48900,51500,47100
1788596182,5,2:35,2,35,1215,35,2,1,49000,51700,47200
1788596183,5,2:35,2,35,1216,35,2,1,49300,51400,47100
1788596185,5,2:35,2,35,1221,35,2,1,48800,51300,47000
1788596186,5,2:35,2,35,1215,35,2,1,48800,51500,47200
1788596187,5,2:35,2,35,1215,35,2,1,49100,51200,47000
1788596188,5,2:35,2,35,1217,35,2,1,49000,51400,47100
1788596189,5,2:35,2,35,1219,35,2,1,48800,51500,47100
1788596191,5,2:35,2,35,1213,35,2,1,49300,51300,47000
1788596192,5,2:35,2,35,1218,35,2,1,49300,51300,47000
1788596193,5,2:35,2,35,1218,35,2,1,48800,51500,47000
1788596194,5,2:35,2,35,1213,35,2,1,48800,51500,47000
1788596196,5,2:35,2,35,1218,35,2,1,48900,51600,47100
1788596197,5,2:35,2,35,1218,35,2,1,48800,51500,47100
1788596198,5,2:35,2,35,1218,35,2,1,48900,51500,47100
1788596199,5,2:35,2,35,1219,35,2,1,48600,51600,47000
1788596200,5,2:35,2,35,1220,35,2,1,49000,51500,47100
1788596202,5,2:35,2,35,1216,35,2,1,49200,51300,47000
1788596203,5,2:35,2,35,1217,35,2,1,48600,51600,47100
1788596204,5,2:35,2,35,1212,35,2,1,48500,52100,47000
1788596205,5,2:35,2,35,1214,35,2,1,48700,52300,47200
1788596207,5,2:35,2,35,1212,35,2,1,48700,51400,47000
1788596208,5,2:35,2,35,1212,35,2,1,49500,51700,47200
1788596209,5,2:35,2,35,1211,35,2,1,48900,51500,47200
1788596210,5,2:35,2,35,1213,35,2,1,48900,51500,47100
1788596211,5,2:35,2,35,1215,35,2,1,48800,52100,47100
1788596213,5,2:35,2,35,1214,35,2,1,49200,51400,47200
1788596214,5,2:35,2,35,1215,35,2,1,48700,51500,47000
1788596215,5,2:35,2,35,1212,35,2,1,48600,51500,47100
1788596216,5,2:35,2,35,1218,35,2,1,48800,52100,47100
1788596218,5,2:35,2,35,1213,35,2,1,49200,51300,47100
1788596219,5,2:35,2,35,1218,35,2,1,48800,51400,47000
1788596220,5,2:35,2,35,1216,35,2,1,48600,51500,47100
1788596221,5,2:35,2,35,1213,35,2,1,49300,51300,47100
1788596222,5,2:35,2,35,1213,35,2,1,48800,51500,47000
1788596224,5,2:35,2,35,1217,35,2,1,48600,51700,47100
1788596225,5,2:35,2,35,1214,35,2,1,48900,51500,47100
1788596226,5,2:35,2,35,1213,35,2,1,48900,51500,47100
1788596227,5,2:35,2,35,1217,35,2,1,49300,51300,47100
1788596228,5,2:35,2,35,1217,35,2,1,48500,52200,47000
1788596230,5,2:35,2,35,1212,35,2,1,48800,51400,47000
1788596231,5,2:35,2,35,1214,35,2,1,48700,52000,47000
1788596232,5,2:35,2,35,1212,35,2,1,48800,52100,47100
1788596233,5,2:35,2,35,1216,35,2,1,49000,51600,47200
1788596235,5,2:35,2,35,1213,35,2,1,49100,51400,47100
1788596236,5,2:35,2,35,1213,35,2,1,49600,51700,47300
1788596237,5,2:35,2,35,1214,35,2,1,49000,51500,47200
1788596238,5,2:35,2,35,1214,35,2,1,48900,51500,47100
1788596239,5,2:35,2,35,1217,35,2,1,48900,51400,47100
1788596241,5,2:35,2,35,1211,35,2,1,49000,51500,47000
1788596242,5,2:35,2,35,1216,35,2,1,48900,51400,47100
1788596243,5,2:35,2,35,1212,35,2,1,48600,52300,47100
1788596244,5,2:35,2,35,1213,35,2,1,48800,51500,47100
1788596246,5,2:35,2,35,1216,35,2,1,48700,51500,47500
1788596247,5,2:35,2,35,1214,35,2,1,49900,52800,47600
1788596248,5,2:35,2,35,1214,35,2,1,49900,53600,47900
1788596249,5,2:35,2,35,1213,35,2,1,49000,52600,47400
1788596251,5,2:35,2,35,1212,35,2,1,49100,51800,47300
1788596252,5,2:35,2,35,1214,35,2,1,49100,52300,47300
1788596253,5,2:35,2,35,1213,35,2,1,48700,52300,47200
1788596254,5,2:35,2,35,1213,35,2,1,48700,52400,47200
1788596256,5,2:35,2,35,1215,35,2,1,48700,52300,47100
1788596257,5,2:35,2,35,1211,35,2,1,48700,52300,47200
1788596258,5,2:35,2,35,1212,35,2,1,48800,52300,47200
1788596259,5,2:35,2,35,1214,35,2,1,49200,51600,47300
1788596260,5,2:35,2,35,1213,35,2,1,49000,51500,47200
1788596262,5,2:35,2,35,1214,35,2,1,49400,51400,47200
1788596263,5,2:35,2,35,1211,35,2,1,49000,51500,47200
1788596264,5,2:35,2,35,1214,35,2,1,49000,51500,47200
1788596265,5,2:35,2,35,1211,35,2,1,49000,51600,47100
1788596267,5,2:35,2,35,1211,35,2,1,49000,52600,47300
1788596268,5,2:35,2,35,1214,35,2,1,48900,51500,47200
1788596269,5,2:35,2,35,1213,35,2,1,48600,52300,47100
1788596270,5,2:35,2,35,1211,35,2,1,49000,51500,47100
1788596271,5,2:35,2,35,1211,35,2,1,49000,51600,47200
1788596273,5,2:35,2,35,1212,35,2,1,49000,51500,47200
1788596274,5,2:35,2,35,1211,35,2,1,48900,51800,47200
1788596275,5,2:35,2,35,1215,35,2,1,48900,51700,47200
1788596276,5,2:35,2,35,1211,35,2,1,49000,51600,47200
1788596278,5,2:35,2,35,1211,35,2,1,49000,51600,47200
1788596279,5,2:35,2,35,1214,35,2,1,48600,52400,47200
1788596280,5,2:35,2,35,1212,35,2,1,49100,51600,47300
1788596281,5,2:35,2,35,1211,35,2,1,48900,51500,47200
1788596282,5,2:35,2,35,1214,35,2,1,49100,51600,47200
1788596284,5,2:35,2,35,1212,35,2,1,48900,51500,47100
1788596285,5,2:35,2,35,1213,35,2,1,49100,51600,47200
1788596286,5,2:35,2,35,1213,35,2,1,49400,51300,47200
1788596287,5,2:35,2,35,1210,35,2,1,49300,51400,47200
1788596289,5,2:35,2,35,1212,35,2,1,49600,51700,47200
1788596290,5,2:35,2,35,1211,35,2,1,49600,51900,47400
1788596291,5,2:35,2,35,1212,35,2,1,49500,51600,47200
1788596292,5,2:35,2,35,1211,35,2,1,49000,51600,47300
1788596293,5,2:35,2,35,1212,35,2,1,49000,51600,47200
1788596295,5,2:35,2,35,1211,35,2,1,49000,51600,47200
1788596296,5,2:35,2,35,1211,35,2,1,49000,51600,47200
1788596297,5,2:35,2,35,1212,35,2,1,49300,51900,47300
1788596298,5,2:35,2,35,1211,35,2,1,49000,51600,47200
1788596300,5,2:35,2,35,1211,35,2,1,49000,51600,47200
1788596301,5,2:35,2,35,1215,35,2,1,48800,52400,47100
1788596302,5,2:35,2,35,1213,35,2,1,48700,52300,47200
1788596303,5,2:35,2,35,1210,35,2,1,48700,52400,47100
1788596304,5,2:35,2,35,1213,35,2,1,48700,52300,47100
1788596306,5,2:35,2,35,1213,35,2,1,49300,51600,47200
1788596307,5,2:35,2,35,1211,35,2,1,49400,51400,47200
1788596308,5,2:35,2,35,1211,35,2,1,48700,51500,47200
1788596309,5,2:35,2,35,1211,35,2,1,49300,51500,47200
1788596311,5,2:35,2,35,1210,35,2,1,49100,51700,47300
1788596312,5,2:35,2,35,1213,35,2,1,49400,51500,47200
1788596313,5,2:35,2,35,1213,35,2,1,49300,51500,47200
1788596314,5,2:35,2,35,1214,35,2,1,49000,51500,47200
1788596315,5,2:35,2,35,1212,35,2,1,49300,51400,47200
1788596317,5,2:35,2,35,1210,35,2,1,48900,51500,47200
1788596318,5,2:35,2,35,1213,35,2,1,49400,51500,47200
1788596319,5,2:35,2,35,1210,35,2,1,48900,51600,47200
1788596320,5,2:35,2,35,1211,35,2,1,49300,51500,47200
1788596322,5,2:35,2,35,1213,35,2,1,49000,51500,47200
1788596323,5,2:35,2,35,1210,35,2,1,48700,51500,47100
1788596324,5,2:35,2,35,1210,35,2,1,49300,51300,47200
1788596325,5,2:35,2,35,1213,35,2,1,49900,52400,47700
1788596326,5,2:35,2,35,1213,35,2,1,49100,51800,47300
1788596328,5,2:35,2,35,1210,35,2,1,49200,52200,47300
1788596329,5,2:35,2,35,1212,35,2,1,48900,51600,47200
1788596330,5,2:35,2,35,1214,35,2,1,49000,51600,47300
1788596331,5,2:35,2,35,1213,35,2,1,49000,51600,47200
1788596332,5,2:35,2,35,1211,35,2,1,48800,51500,47200
1788596334,5,2:35,2,35,1211,35,2,1,49300,51600,47200
1788596335,5,2:35,2,35,1211,35,2,1,49100,51700,47300
1788596336,5,2:35,2,35,1213,35,2,1,48800,51500,47200
1788596337,5,2:35,2,35,1210,35,2,1,48900,51500,47200
1788596339,5,2:35,2,35,1210,35,2,1,49000,51500,47200
1788596340,5,2:35,2,35,1210,35,2,1,49000,51700,47200
1788596341,5,2:35,2,35,1209,35,2,1,48700,51800,47200
1788596342,5,2:35,2,35,1209,35,2,1,49400,51500,47200
1788596344,5,2:35,2,35,1212,35,2,1,49000,51600,47200
1788596345,5,2:35,2,35,1210,35,2,1,48700,52400,47200
1788596346,5,2:35,2,35,1210,35,2,1,49000,51600,47100
1788596347,5,2:35,2,35,1211,35,2,1,49000,51600,47200
1788596348,5,2:35,2,35,1210,35,2,1,48900,51600,47200
1788596350,5,2:35,2,35,1213,35,2,1,48600,52300,47200
1788596351,5,2:35,2,35,1214,35,2,1,49000,51500,47100
1788596352,5,2:35,2,35,1211,35,2,1,48900,51500,47100
1788596353,5,2:35,2,35,1215,35,2,1,49000,51500,47200
1788596355,5,2:35,2,35,1210,35,2,1,49000,51500,47100
1788596356,5,2:35,2,35,1210,35,2,1,49100,51600,47200
1788596357,5,2:35,2,35,1211,35,2,1,49300,51300,47200
1788596358,5,2:35,2,35,1211,35,2,1,49300,51900,47300
1788596359,5,2:35,2,35,1209,35,2,1,49100,51600,47200
1788596361,5,2:35,2,35,1213,35,2,1,49000,52700,47300
1788596362,5,2:35,2,35,1208,35,2,1,49100,51500,47300
1788596363,5,2:35,2,35,1210,35,2,1,48900,51600,47200
1788596364,5,2:35,2,35,1212,35,2,1,48800,51600,47200
1788596366,5,2:35,2,35,1210,35,2,1,49300,51600,47200
1788596367,5,2:35,2,35,1209,35,2,1,49000,51600,47200
1788596368,5,2:35,2,35,1210,35,2,1,49000,51600,47200
1788596369,5,2:35,2,35,1213,35,2,1,49100,51600,47200
1788596370,5,2:35,2,35,1211,35,2,1,48700,52300,47100
1788596372,5,2:35,2,35,1212,35,2,1,49100,51500,47200
1788596373,5,2:35,2,35,1209,35,2,1,49200,51500,47200
1788596374,5,2:35,2,35,1210,35,2,1,49300,51500,47200
1788596375,5,2:35,2,35,1213,35,2,1,49200,51600,47200
1788596377,5,2:35,2,35,1209,35,2,1,49000,52200,47200
1788596378,5,2:35,2,35,1211,35,2,1,49300,51400,47200
1788596379,5,2:35,2,35,1211,35,2,1,49300,51500,47200
1788596380,5,2:35,2,35,1211,35,2,1,49300,51800,47300
1788596381,5,2:35,2,35,1209,35,2,1,48800,52400,47100
1788596383,5,2:35,2,35,1210,35,2,1,48900,51500,47200
1788596384,5,2:35,2,35,1211,35,2,1,49000,51500,47200
1788596385,5,2:35,2,35,1213,35,2,1,49000,51500,47200
1788596386,5,2:35,2,35,1209,35,2,1,49400,53000,47200
1788596388,5,2:35,2,35,1212,35,2,1,49100,51600,47200
1788596389,5,2:35,2,35,1210,35,2,1,49600,52100,47300
1788596390,5,2:35,2,35,1211,35,2,1,49500,51600,47200
1788596391,5,2:35,2,35,1211,35,2,1,48900,51600,47200
1788596392,5,2:35,2,35,1212,35,2,1,48900,51500,47200
1788596394,5,2:35,2,35,1211,35,2,1,49000,51600,47200
1788596395,5,2:35,2,35,1210,35,2,1,49300,51500,47200
1788596396,5,2:35,2,35,1209,35,2,1,49100,51700,47200
1788596397,5,2:35,2,35,1211,35,2,1,49000,51700,47300
1788596399,5,2:35,2,35,1212,35,2,1,48900,51500,47200
1788596400,5,2:35,2,35,1212,35,2,1,49000,51700,47200
1788596401,5,2:35,2,35,1210,35,2,1,49100,51600,47200
1788596402,5,2:35,2,35,1210,35,2,1,48800,51500,47100
1788596403,5,2:35,2,35,1208,35,2,1,49000,51600,47200
1788596405,5,2:35,2,35,1211,35,2,1,48900,51500,47200
1788596406,5,2:35,2,35,1211,35,2,1,49200,51600,47200
1788596407,5,2:35,2,35,1210,35,2,1,49200,51500,47200
1788596408,5,2:35,2,35,1209,35,2,1,49000,51600,47200
1788596410,5,2:35,2,35,1209,35,2,1,49000,51600,47200
1788596411,5,2:35,2,35,1212,35,2,1,49000,51600,47200
1788596412,5,2:35,2,35,1210,35,2,1,49800,51800,47400
1788596413,5,2:35,2,35,1209,35,2,1,49100,51600,47200
1788596414,5,2:35,2,35,1209,35,2,1,48800,51500,47200
1788596416,5,2:35,2,35,1209,35,2,1,49000,51600,47200
1788596417,5,2:35,2,35,1209,35,2,1,49000,51600,47200
1788596418,5,2:35,2,35,1209,35,2,1,49000,51600,47200
1788596419,5,2:35,2,35,1210,35,2,1,49700,51800,47300
1788596421,5,2:35,2,35,1209,35,2,1,49400,51500,47200
1788596422,5,2:35,2,35,1212,35,2,1,49500,51500,47200
1788596423,5,2:35,2,35,1210,35,2,1,49000,51700,47200
1788596424,5,2:35,2,35,1207,35,2,1,48900,51600,47100
1788596425,5,2:35,2,35,1210,35,2,1,49200,51600,47200
1788596427,5,2:35,2,35,1208,35,2,1,49300,51500,47200
1788596428,5,2:35,2,35,1211,35,2,1,49000,51500,47200
1788596429,5,2:35,2,35,1209,35,2,1,49000,51600,47300
1788596430,5,2:35,2,35,1209,35,2,1,49000,51500,47200
1788596432,5,2:35,2,35,1210,35,2,1,48900,51500,47200
1788596433,5,2:35,2,35,1209,35,2,1,49000,51500,47200
1788596434,5,2:35,2,35,1211,35,2,1,49000,52400,47200
1788596435,5,2:35,2,35,1210,35,2,1,49400,51500,47200
1788596436,5,2:35,2,35,1209,35,2,1,49500,51700,47300
1788596438,5,2:35,2,35,1208,35,2,1,49500,52100,47400
1788596439,5,2:35,2,35,1210,35,2,1,49000,51700,47200
1788596440,5,2:35,2,35,1208,35,2,1,49100,51500,47200
1788596441,5,2:35,2,35,1209,35,2,1,49000,51700,47200
1788596443,5,2:35,2,35,1209,35,2,1,49000,51600,47200
1788596444,5,2:35,2,35,1210,35,2,1,48800,51500,47200
1788596445,5,2:35,2,35,1213,35,2,1,49000,51700,47300
1788596446,5,2:35,2,35,1210,35,2,1,49100,51600,47200
1788596447,5,2:35,2,35,1209,35,2,1,48900,52500,47200
1788596449,5,2:35,2,35,1208,35,2,1,49400,51500,47300
1788596450,5,2:35,2,35,1209,35,2,1,49800,52000,47400
1788596451,5,2:35,2,35,1211,35,2,1,49200,51700,47300
1788596452,5,2:35,2,35,1208,35,2,1,49300,51700,47200
1788596454,5,2:35,2,35,1210,35,2,1,49400,51400,47200
1788596455,5,2:35,2,35,1209,35,2,1,49400,51400,47200
1788596456,5,2:35,2,35,1209,35,2,1,49000,51800,47300
1788596457,5,2:35,2,35,1210,35,2,1,49300,51700,47300
1788596459,5,2:35,2,35,1210,35,2,1,49500,51600,47300
1788596460,5,2:35,2,35,1209,35,2,1,49400,51400,47300
1788596461,5,2:35,2,35,1209,35,2,1,48900,51600,47200
1788596462,5,2:35,2,35,1211,35,2,1,49300,51600,47200
1788596463,5,2:35,2,35,1211,35,2,1,49700,51700,47300
1788596465,5,2:35,2,35,1210,35,2,1,49100,51700,47200
1788596466,5,2:35,2,35,1209,35,2,1,49100,51700,47200
1788596467,5,2:35,2,35,1209,35,2,1,48900,51500,47200
1788596468,5,2:35,2,35,1209,35,2,1,49500,51500,47200
1788596470,5,2:35,2,35,1208,35,2,1,49000,51600,47300
1788596471,5,2:35,2,35,1208,35,2,1,49000,51500,47300
1788596472,5,2:35,2,35,1207,35,2,1,49100,51700,47300
1788596473,5,2:35,2,35,1210,35,2,1,49100,51600,47300
1788596474,5,2:35,2,35,1208,35,2,1,48800,52300,47200
1788596476,5,2:35,2,35,1209,35,2,1,49100,51800,47300
1788596477,5,2:35,2,35,1211,35,2,1,49000,51600,47200
1788596478,5,2:35,2,35,1208,35,2,1,49400,51500,47200
1788596479,5,2:35,2,35,1208,35,2,1,49300,51800,47400
1788596480,5,2:35,2,35,1210,35,2,1,49600,51800,47300
1788596482,5,2:35,2,35,1207,35,2,1,49300,52900,47600
1788596483,5,2:35,2,35,1208,35,2,1,49600,51600,47400
1788596484,5,2:35,2,35,1208,35,2,1,49500,51600,47300
1788596485,5,2:35,2,35,1210,35,2,1,49100,51600,47400
1788596487,5,2:35,2,35,1209,35,2,1,49100,51700,47300
1788596488,5,2:35,2,35,1209,35,2,1,49100,51700,47300
1788596489,5,2:35,2,35,1210,35,2,1,49400,51900,47400
1788596490,5,2:35,2,35,1209,35,2,1,49200,51700,47400
# restored: persist.sys.fanctrl.by.temperatue=1 rgblevel=3 duty=83 reason=signal
1788596492,5,2:35,2,35,1207,35,2,1,49500,52300,47500
1788596493,5,2:35,2,35,1177,35,3,1,48900,52500,47300
1788596494,5,2:35,2,35,1161,35,3,1,49100,51600,47300
1788596495,5,2:35,2,35,1147,35,3,1,49500,51400,47200
