epoch_ms,iso_local,adc,degC,prop_led_temp,fan_ctrl,rgblevel,led_status,profile,mode,desired,wrote,note,commanded_duty,step_index,phase,mode_rgblevel,mode_name,event,dlpc_temp_c,dlpc_raw,dlpc_status
1788582321637,2026-09-05 12:25:21,1404,39.55,39.2053760598119,59,3,1,Presentation,OFF,83,83,AUTO start,83,1,baseline,3,Presentation,,,,
1788582322638,2026-09-05 12:25:22,1404,39.55,39.2053760598119,83,3,1,Presentation,OFF,83,,,83,1,baseline,3,Presentation,,,,
1788582323639,2026-09-05 12:25:23,1402,39.60,39.2053760598119,83,3,1,Presentation,OFF,83,,,83,1,baseline,3,Presentation,,,,
1788582324641,2026-09-05 12:25:24,1401,39.62,39.2053760598119,83,3,1,Presentation,OFF,83,,,83,1,baseline,3,Presentation,,,,
1788582325642,2026-09-05 12:25:25,1403,39.57,39.2053760598119,83,3,1,Presentation,OFF,83,,,83,1,baseline,3,Presentation,,,,
1788582326643,2026-09-05 12:25:26,1399,39.67,39.2053760598119,83,3,1,Presentation,OFF,83,,,83,1,baseline,3,Presentation,,,,
1788582327645,2026-09-05 12:25:27,1404,39.55,39.2053760598119,83,3,1,Presentation,OFF,83,,,83,1,baseline,3,Presentation,,,,
1788582328647,2026-09-05 12:25:28,1399,39.67,39.59629479973239,83,3,1,Presentation,OFF,83,,,83,1,baseline,3,Presentation,,,,
1788582329649,2026-09-05 12:25:29,1400,39.65,39.59629479973239,83,3,1,Presentation,OFF,83,,,83,1,baseline,3,Presentation,,,,
1788582330651,2026-09-05 12:25:30,1403,39.57,39.59629479973239,83,3,1,Presentation,OFF,83,,,83,1,baseline,3,Presentation,,,,
1788582331653,2026-09-05 12:25:31,1400,39.65,39.59629479973239,83,3,1,Presentation,OFF,83,,,83,1,baseline,3,Presentation,,,,
1788582332654,2026-09-05 12:25:32,1399,39.67,39.59629479973239,83,3,1,Presentation,OFF,83,,,83,1,baseline,3,Presentation,,,,
1788582333655,2026-09-05 12:25:33,1401,39.62,39.59629479973239,83,3,1,Presentation,OFF,83,,,83,1,baseline,3,Presentation,,,,
1788582334656,2026-09-05 12:25:34,1401,39.62,39.59629479973239,83,3,1,Presentation,OFF,83,,,83,1,baseline,3,Presentation,,,,
1788582335658,2026-09-05 12:25:35,1399,39.67,39.59629479973239,83,3,1,Presentation,OFF,83,,,83,1,baseline,3,Presentation,,,,
1788582336659,2026-09-05 12:25:36,1402,39.60,39.59629479973239,83,3,1,Presentation,OFF,83,,,83,1,baseline,3,Presentation,,,,
1788582337661,2026-09-05 12:25:37,1399,39.67,39.59629479973239,83,3,1,Presentation,OFF,83,,,83,1,baseline,3,Presentation,,,,
1788582338663,2026-09-05 12:25:38,1399,39.67,39.59629479973239,83,3,1,Presentation,OFF,83,,,83,1,baseline,3,Presentation,,,,
1788582339664,2026-09-05 12:25:39,1402,39.60,39.59629479973239,83,3,1,Presentation,OFF,83,,,83,1,baseline,3,Presentation,,,,
1788582340665,2026-09-05 12:25:40,1401,39.62,39.59629479973239,83,3,1,Presentation,OFF,83,,,83,1,baseline,3,Presentation,,,,
1788582341665,2026-09-05 12:25:41,1405,39.52,39.59629479973239,83,3,1,Presentation,OFF,83,,,83,1,baseline,3,Presentation,,,,
1788582342667,2026-09-05 12:25:42,1400,39.65,39.59629479973239,83,3,1,Presentation,OFF,83,,,83,1,baseline,3,Presentation,,,,
1788582343668,2026-09-05 12:25:43,1400,39.65,39.62083027792255,83,3,1,Presentation,OFF,83,,,83,1,baseline,3,Presentation,,,,
1788582344670,2026-09-05 12:25:44,1401,39.62,39.62083027792255,83,3,1,Presentation,OFF,83,,,83,1,baseline,3,Presentation,,,,
1788582345671,2026-09-05 12:25:45,1400,39.65,39.62083027792255,83,3,1,Presentation,OFF,83,,,83,1,baseline,3,Presentation,,,,
1788582346673,2026-09-05 12:25:46,1401,39.62,39.62083027792255,83,3,1,Presentation,OFF,83,,,83,1,baseline,3,Presentation,,,,
1788582347675,2026-09-05 12:25:47,1397,39.72,39.62083027792255,83,3,1,Presentation,OFF,83,,,83,1,baseline,3,Presentation,,,,
1788582348675,2026-09-05 12:25:48,1408,39.45,39.62083027792255,83,3,1,Presentation,OFF,83,,,83,1,baseline,3,Presentation,,,,
1788582349677,2026-09-05 12:25:49,1402,39.60,39.62083027792255,83,3,1,Presentation,OFF,83,,,83,1,baseline,3,Presentation,,,,
1788582350677,2026-09-05 12:25:50,1401,39.62,39.62083027792255,83,3,1,Presentation,OFF,83,,,83,1,baseline,3,Presentation,,,,
1788582351679,2026-09-05 12:25:51,1401,39.62,39.62083027792255,83,3,1,Presentation,OFF,83,,,83,1,baseline,3,Presentation,,,,
1788582352679,2026-09-05 12:25:52,1396,39.74,39.62083027792255,83,3,1,Presentation,OFF,83,,,83,1,baseline,3,Presentation,,,,
1788582353681,2026-09-05 12:25:53,1399,39.67,39.62083027792255,83,3,1,Presentation,OFF,83,,,83,1,baseline,3,Presentation,,,,
1788582354681,2026-09-05 12:25:54,1399,39.67,39.62083027792255,83,3,1,Presentation,OFF,83,,,83,1,baseline,3,Presentation,,,,
1788582355682,2026-09-05 12:25:55,1398,39.69,39.62083027792255,83,3,1,Presentation,OFF,83,,,83,1,baseline,3,Presentation,,,,
1788582356683,2026-09-05 12:25:56,1397,39.72,39.62083027792255,83,3,1,Presentation,OFF,83,,,83,1,baseline,3,Presentation,,,,
1788582357685,2026-09-05 12:25:57,1397,39.72,39.62083027792255,83,3,1,Presentation,OFF,83,,,83,1,baseline,3,Presentation,,,,
1788582358686,2026-09-05 12:25:58,1399,39.67,39.66993805287831,83,3,1,Presentation,OFF,83,,,83,1,baseline,3,Presentation,,,,
1788582359687,2026-09-05 12:25:59,1398,39.69,39.66993805287831,83,3,1,Presentation,OFF,83,,,83,1,baseline,3,Presentation,,,,
1788582360687,2026-09-05 12:26:00,1399,39.67,39.66993805287831,83,3,1,Presentation,OFF,83,,,83,1,baseline,3,Presentation,,,,
1788582361688,2026-09-05 12:26:01,1400,39.65,39.66993805287831,83,3,1,Presentation,OFF,83,,,83,1,baseline,3,Presentation,,,,
1788582362690,2026-09-05 12:26:02,1397,39.72,39.66993805287831,83,3,1,Presentation,OFF,83,,,83,1,baseline,3,Presentation,,,,
1788582363692,2026-09-05 12:26:03,1397,39.72,39.66993805287831,83,3,1,Presentation,OFF,83,,,83,1,baseline,3,Presentation,,,,
1788582364693,2026-09-05 12:26:04,1396,39.74,39.66993805287831,83,3,1,Presentation,OFF,83,,,83,1,baseline,3,Presentation,,,,
1788582365693,2026-09-05 12:26:05,1396,39.74,39.66993805287831,83,3,1,Presentation,OFF,83,,,83,1,baseline,3,Presentation,,,,
1788582366695,2026-09-05 12:26:06,1395,39.77,39.66993805287831,83,3,1,Presentation,OFF,83,,,83,1,baseline,3,Presentation,,,,
1788582367696,2026-09-05 12:26:07,1395,39.77,39.66993805287831,83,3,1,Presentation,OFF,83,,,83,1,baseline,3,Presentation,,,,
1788582368697,2026-09-05 12:26:08,1397,39.72,39.66993805287831,83,3,1,Presentation,OFF,83,,,83,1,baseline,3,Presentation,,,,
1788582369698,2026-09-05 12:26:09,1393,39.82,39.66993805287831,83,3,1,Presentation,OFF,83,,,83,1,baseline,3,Presentation,,,,
1788582370699,2026-09-05 12:26:10,1394,39.79,39.66993805287831,83,3,1,Presentation,OFF,83,,,83,1,baseline,3,Presentation,,,,
1788582371700,2026-09-05 12:26:11,1394,39.79,39.66993805287831,83,3,1,Presentation,OFF,83,,,83,1,baseline,3,Presentation,,,,
1788582372702,2026-09-05 12:26:12,1396,39.74,39.66993805287831,83,3,1,Presentation,OFF,83,,,83,1,baseline,3,Presentation,,,,
1788582373703,2026-09-05 12:26:13,1392,39.84,39.792923372945666,83,3,1,Presentation,OFF,83,,,83,1,baseline,3,Presentation,,,,
1788582374704,2026-09-05 12:26:14,1394,39.79,39.792923372945666,83,3,1,Presentation,OFF,83,,,83,1,baseline,3,Presentation,,,,
1788582375705,2026-09-05 12:26:15,1391,39.87,39.792923372945666,83,3,1,Presentation,OFF,83,,,83,1,baseline,3,Presentation,,,,
1788582376706,2026-09-05 12:26:16,1392,39.84,39.792923372945666,83,3,1,Presentation,OFF,83,,,83,1,baseline,3,Presentation,,,,
1788582377707,2026-09-05 12:26:17,1390,39.89,39.792923372945666,83,3,1,Presentation,OFF,83,,,83,1,baseline,3,Presentation,,,,
1788582378708,2026-09-05 12:26:18,1392,39.84,39.792923372945666,83,3,1,Presentation,OFF,83,,,83,1,baseline,3,Presentation,,,,
1788582379709,2026-09-05 12:26:19,1389,39.92,39.792923372945666,83,3,1,Presentation,OFF,83,,,83,1,baseline,3,Presentation,,,,
1788582380711,2026-09-05 12:26:20,1391,39.87,39.792923372945666,83,3,1,Presentation,OFF,83,,,83,1,baseline,3,Presentation,,,,
1788582381712,2026-09-05 12:26:21,1390,39.89,39.792923372945666,83,3,1,Presentation,OFF,83,,,83,1,baseline,3,Presentation,,,,
1788582382712,2026-09-05 12:26:22,1391,39.87,39.792923372945666,83,3,1,Presentation,OFF,83,,,83,1,baseline,3,Presentation,,,,
1788582383714,2026-09-05 12:26:23,1391,39.87,39.792923372945666,83,3,1,Presentation,OFF,83,,,83,1,baseline,3,Presentation,,,,
1788582384715,2026-09-05 12:26:24,1393,39.82,39.792923372945666,83,3,1,Presentation,OFF,83,,,83,1,baseline,3,Presentation,,,,
1788582385715,2026-09-05 12:26:25,1390,39.89,39.792923372945666,83,3,1,Presentation,OFF,83,,,83,1,baseline,3,Presentation,,,,
1788582386716,2026-09-05 12:26:26,1387,39.97,39.792923372945666,83,3,1,Presentation,OFF,83,,,83,1,baseline,3,Presentation,,,,
1788582387718,2026-09-05 12:26:27,1389,39.92,39.792923372945666,83,3,1,Presentation,OFF,83,,,83,1,baseline,3,Presentation,,,,
1788582388719,2026-09-05 12:26:28,1389,39.92,39.96562562735636,83,3,1,Presentation,OFF,83,,,83,1,baseline,3,Presentation,,,,
1788582389720,2026-09-05 12:26:29,1387,39.97,39.96562562735636,83,3,1,Presentation,OFF,83,,,83,1,baseline,3,Presentation,,,,
1788582390721,2026-09-05 12:26:30,1388,39.94,39.96562562735636,83,3,1,Presentation,OFF,83,,,83,1,baseline,3,Presentation,,,,
1788582391723,2026-09-05 12:26:31,1389,39.92,39.96562562735636,83,3,1,Presentation,OFF,83,,,83,1,baseline,3,Presentation,,,,
1788582392724,2026-09-05 12:26:32,1388,39.94,39.96562562735636,83,3,1,Presentation,OFF,83,,,83,1,baseline,3,Presentation,,,,
1788582393725,2026-09-05 12:26:33,1388,39.94,39.96562562735636,83,3,1,Presentation,OFF,83,,,83,1,baseline,3,Presentation,,,,
1788582394726,2026-09-05 12:26:34,1386,39.99,39.96562562735636,83,3,1,Presentation,OFF,83,,,83,1,baseline,3,Presentation,,,,
1788582395727,2026-09-05 12:26:35,1387,39.97,39.96562562735636,83,3,1,Presentation,OFF,83,,,83,1,baseline,3,Presentation,,,,
1788582396728,2026-09-05 12:26:36,1385,40.02,39.96562562735636,83,3,1,Presentation,OFF,83,,,83,1,baseline,3,Presentation,,,,
1788582397728,2026-09-05 12:26:37,1385,40.02,39.96562562735636,83,3,1,Presentation,OFF,83,,,83,1,baseline,3,Presentation,,,,
1788582398730,2026-09-05 12:26:38,1387,39.97,39.96562562735636,83,3,1,Presentation,OFF,83,,,83,1,baseline,3,Presentation,,,,
1788582399730,2026-09-05 12:26:39,1387,39.97,39.96562562735636,83,3,1,Presentation,OFF,83,,,83,1,baseline,3,Presentation,,,,
1788582400731,2026-09-05 12:26:40,1382,40.09,39.96562562735636,83,3,1,Presentation,OFF,83,,,83,1,baseline,3,Presentation,,,,
1788582401733,2026-09-05 12:26:41,1382,40.09,39.96562562735636,83,3,1,Presentation,OFF,83,,,83,1,baseline,3,Presentation,,,,
1788582402734,2026-09-05 12:26:42,1382,40.09,39.96562562735636,83,3,1,Presentation,OFF,83,,,83,1,baseline,3,Presentation,,,,
1788582403735,2026-09-05 12:26:43,1385,40.02,40.03982940529988,59,3,1,Presentation,OFF,83,83,foreign_write 59 reassert(was 59),83,1,baseline,3,Presentation,foreign_write:59,,,
1788582404736,2026-09-05 12:26:44,1382,40.09,40.03982940529988,83,3,1,Presentation,OFF,83,,,83,1,baseline,3,Presentation,,,,
1788582405737,2026-09-05 12:26:45,1383,40.06,40.03982940529988,83,3,1,Presentation,OFF,83,,,83,1,baseline,3,Presentation,,,,
1788582406739,2026-09-05 12:26:46,1382,40.09,40.03982940529988,83,3,1,Presentation,OFF,83,,,83,1,baseline,3,Presentation,,,,
1788582407740,2026-09-05 12:26:47,1381,40.11,40.03982940529988,83,3,1,Presentation,OFF,83,,,83,1,baseline,3,Presentation,,,,
1788582408741,2026-09-05 12:26:48,1380,40.14,40.03982940529988,83,3,1,Presentation,OFF,83,,,83,1,baseline,3,Presentation,,,,
1788582409742,2026-09-05 12:26:49,1379,40.16,40.03982940529988,83,3,1,Presentation,OFF,83,,,83,1,baseline,3,Presentation,,,,
1788582410743,2026-09-05 12:26:50,1382,40.09,40.03982940529988,83,3,1,Presentation,OFF,83,,,83,1,baseline,3,Presentation,,,,
1788582411743,2026-09-05 12:26:51,1383,40.06,40.03982940529988,83,3,1,Presentation,OFF,83,,,83,1,baseline,3,Presentation,,,,
1788582412745,2026-09-05 12:26:52,1380,40.14,40.03982940529988,83,3,1,Presentation,OFF,83,,,83,1,baseline,3,Presentation,,,,
1788582413745,2026-09-05 12:26:53,1381,40.11,40.03982940529988,83,3,1,Presentation,OFF,83,,,83,1,baseline,3,Presentation,,,,
1788582414746,2026-09-05 12:26:54,1378,40.19,40.03982940529988,83,3,1,Presentation,OFF,83,,,83,1,baseline,3,Presentation,,,,
1788582415747,2026-09-05 12:26:55,1379,40.16,40.03982940529988,83,3,1,Presentation,OFF,83,,,83,1,baseline,3,Presentation,,,,
1788582416748,2026-09-05 12:26:56,1378,40.19,40.03982940529988,83,3,1,Presentation,OFF,83,,,83,1,baseline,3,Presentation,,,,
1788582417749,2026-09-05 12:26:57,1380,40.14,40.03982940529988,83,3,1,Presentation,OFF,83,,,83,1,baseline,3,Presentation,,,,
1788582418750,2026-09-05 12:26:58,1379,40.16,40.31289087122275,83,3,1,Presentation,OFF,83,,,83,1,baseline,3,Presentation,,,,
1788582419752,2026-09-05 12:26:59,1377,40.21,40.31289087122275,83,3,1,Presentation,OFF,83,,,83,1,baseline,3,Presentation,,,,
1788582420753,2026-09-05 12:27:00,1378,40.19,40.31289087122275,83,3,1,Presentation,OFF,83,,,83,1,baseline,3,Presentation,,,,
1788582421753,2026-09-05 12:27:01,1375,40.26,40.31289087122275,83,3,1,Presentation,OFF,83,,,83,1,baseline,3,Presentation,,,,
1788582422753,2026-09-05 12:27:02,1375,40.26,40.31289087122275,83,3,1,Presentation,OFF,83,,,83,1,baseline,3,Presentation,,,,
1788582423756,2026-09-05 12:27:03,1373,40.31,40.31289087122275,83,3,1,Presentation,OFF,83,,,83,1,baseline,3,Presentation,,,,
1788582424757,2026-09-05 12:27:04,1376,40.24,40.31289087122275,83,3,1,Presentation,OFF,83,,,83,1,baseline,3,Presentation,,,,
1788582425758,2026-09-05 12:27:05,1377,40.21,40.31289087122275,83,3,1,Presentation,OFF,83,,,83,1,baseline,3,Presentation,,,,
1788582426759,2026-09-05 12:27:06,1374,40.29,40.31289087122275,83,3,1,Presentation,OFF,83,,,83,1,baseline,3,Presentation,,,,
1788582427759,2026-09-05 12:27:07,1374,40.29,40.31289087122275,83,3,1,Presentation,OFF,83,,,83,1,baseline,3,Presentation,,,,
1788582428761,2026-09-05 12:27:08,1375,40.26,40.31289087122275,83,3,1,Presentation,OFF,83,,,83,1,baseline,3,Presentation,,,,
1788582429762,2026-09-05 12:27:09,1373,40.31,40.31289087122275,83,3,1,Presentation,OFF,83,,,83,1,baseline,3,Presentation,,,,
1788582430763,2026-09-05 12:27:10,1374,40.29,40.31289087122275,83,3,1,Presentation,OFF,83,,,83,1,baseline,3,Presentation,,,,
1788582431765,2026-09-05 12:27:11,1373,40.31,40.31289087122275,83,3,1,Presentation,OFF,83,,,83,1,baseline,3,Presentation,,,,
1788582432766,2026-09-05 12:27:12,1370,40.39,40.31289087122275,83,3,1,Presentation,OFF,83,,,83,1,baseline,3,Presentation,,,,
1788582433767,2026-09-05 12:27:13,1374,40.29,40.31289087122275,83,3,1,Presentation,OFF,83,,,83,1,baseline,3,Presentation,,,,
1788582434767,2026-09-05 12:27:14,1371,40.36,40.31289087122275,83,3,1,Presentation,OFF,83,,,83,1,baseline,3,Presentation,,,,
1788582435768,2026-09-05 12:27:15,1372,40.34,40.31289087122275,83,3,1,Presentation,OFF,83,,,83,1,baseline,3,Presentation,,,,
1788582436769,2026-09-05 12:27:16,1371,40.36,40.31289087122275,83,3,1,Presentation,OFF,83,,,83,1,baseline,3,Presentation,,,,
1788582437770,2026-09-05 12:27:17,1373,40.31,40.31289087122275,83,3,1,Presentation,OFF,83,,,83,1,baseline,3,Presentation,,,,
1788582438771,2026-09-05 12:27:18,1371,40.36,40.31289087122275,83,3,1,Presentation,OFF,83,,,83,1,baseline,3,Presentation,,,,
1788582439773,2026-09-05 12:27:19,1369,40.41,40.31289087122275,83,3,1,Presentation,OFF,83,,,83,1,baseline,3,Presentation,,,,
1788582440774,2026-09-05 12:27:20,1370,40.39,40.31289087122275,83,3,1,Presentation,OFF,83,,,83,1,baseline,3,Presentation,,,,
1788582441774,2026-09-05 12:27:21,1370,40.39,40.31289087122275,83,3,1,Presentation,OFF,83,,,83,1,baseline,3,Presentation,,,,
1788582442774,2026-09-05 12:27:22,1368,40.44,40.31289087122275,83,3,1,Presentation,OFF,83,,,83,1,baseline,3,Presentation,,,,
1788582443775,2026-09-05 12:27:23,1369,40.41,40.31289087122275,83,3,1,Presentation,OFF,83,,,83,1,baseline,3,Presentation,,,,
1788582444776,2026-09-05 12:27:24,1368,40.44,40.31289087122275,83,3,1,Presentation,OFF,83,,,83,1,baseline,3,Presentation,,,,
1788582445780,2026-09-05 12:27:25,1370,40.39,40.31289087122275,83,3,1,Presentation,OFF,83,,,83,1,baseline,3,Presentation,,,,
1788582446782,2026-09-05 12:27:26,1370,40.39,40.31289087122275,83,3,1,Presentation,OFF,83,,,83,1,baseline,3,Presentation,,,,
1788582447782,2026-09-05 12:27:27,1371,40.36,40.31289087122275,83,3,1,Presentation,OFF,83,,,83,1,baseline,3,Presentation,,,,
1788582448783,2026-09-05 12:27:28,1369,40.41,40.43752558072214,83,3,1,Presentation,OFF,83,,,83,1,baseline,3,Presentation,,,,
1788582449784,2026-09-05 12:27:29,1367,40.46,40.43752558072214,83,3,1,Presentation,OFF,83,,,83,1,baseline,3,Presentation,,,,
1788582450785,2026-09-05 12:27:30,1366,40.49,40.43752558072214,83,3,1,Presentation,OFF,83,,,83,1,baseline,3,Presentation,,,,
1788582451788,2026-09-05 12:27:31,1367,40.46,40.43752558072214,83,3,1,Presentation,OFF,83,,,83,1,baseline,3,Presentation,,,,
1788582452788,2026-09-05 12:27:32,1367,40.46,40.43752558072214,83,3,1,Presentation,OFF,83,,,83,1,baseline,3,Presentation,,,,
1788582453789,2026-09-05 12:27:33,1368,40.44,40.43752558072214,83,3,1,Presentation,OFF,83,,,83,1,baseline,3,Presentation,,,,
1788582454790,2026-09-05 12:27:34,1361,40.61,40.43752558072214,83,3,1,Presentation,OFF,83,,,83,1,baseline,3,Presentation,,,,
1788582455791,2026-09-05 12:27:35,1367,40.46,40.43752558072214,83,3,1,Presentation,OFF,83,,,83,1,baseline,3,Presentation,,,,
1788582456792,2026-09-05 12:27:36,1369,40.41,40.43752558072214,83,3,1,Presentation,OFF,83,,,83,1,baseline,3,Presentation,,,,
1788582457794,2026-09-05 12:27:37,1365,40.51,40.43752558072214,83,3,1,Presentation,OFF,83,,,83,1,baseline,3,Presentation,,,,
1788582458794,2026-09-05 12:27:38,1368,40.44,40.43752558072214,83,3,1,Presentation,OFF,83,,,83,1,baseline,3,Presentation,,,,
1788582459795,2026-09-05 12:27:39,1368,40.44,40.43752558072214,83,3,1,Presentation,OFF,83,,,83,1,baseline,3,Presentation,,,,
1788582460797,2026-09-05 12:27:40,1368,40.44,40.43752558072214,83,3,1,Presentation,OFF,83,,,83,1,baseline,3,Presentation,,,,
1788582461798,2026-09-05 12:27:41,1365,40.51,40.43752558072214,83,3,1,Presentation,OFF,83,,,83,1,baseline,3,Presentation,,,,
1788582462799,2026-09-05 12:27:42,1364,40.54,40.43752558072214,83,3,1,Presentation,OFF,83,,,83,1,baseline,3,Presentation,,,,
1788582463799,2026-09-05 12:27:43,1365,40.51,40.5374684958972,83,3,1,Presentation,OFF,83,,,83,1,baseline,3,Presentation,,,,
1788582464800,2026-09-05 12:27:44,1364,40.54,40.5374684958972,83,3,1,Presentation,OFF,83,,,83,1,baseline,3,Presentation,,,,
1788582465800,2026-09-05 12:27:45,1364,40.54,40.5374684958972,83,3,1,Presentation,OFF,83,,,83,1,baseline,3,Presentation,,,,
1788582466801,2026-09-05 12:27:46,1365,40.51,40.5374684958972,83,3,1,Presentation,OFF,83,,,83,1,baseline,3,Presentation,,,,
1788582467802,2026-09-05 12:27:47,1365,40.51,40.5374684958972,83,3,1,Presentation,OFF,83,,,83,1,baseline,3,Presentation,,,,
1788582468802,2026-09-05 12:27:48,1367,40.46,40.5374684958972,83,3,1,Presentation,OFF,83,,,83,1,baseline,3,Presentation,,,,
1788582469803,2026-09-05 12:27:49,1362,40.59,40.5374684958972,83,3,1,Presentation,OFF,83,,,83,1,baseline,3,Presentation,,,,
1788582470804,2026-09-05 12:27:50,1364,40.54,40.5374684958972,83,3,1,Presentation,OFF,83,,,83,1,baseline,3,Presentation,,,,
1788582471805,2026-09-05 12:27:51,1363,40.56,40.5374684958972,83,3,1,Presentation,OFF,83,,,83,1,baseline,3,Presentation,,,,
1788582472806,2026-09-05 12:27:52,1362,40.59,40.5374684958972,83,3,1,Presentation,OFF,83,,,83,1,baseline,3,Presentation,,,,
1788582473807,2026-09-05 12:27:53,1361,40.61,40.5374684958972,83,3,1,Presentation,OFF,83,,,83,1,baseline,3,Presentation,,,,
1788582474809,2026-09-05 12:27:54,1362,40.59,40.5374684958972,83,3,1,Presentation,OFF,83,,,83,1,baseline,3,Presentation,,,,
1788582475810,2026-09-05 12:27:55,1362,40.59,40.5374684958972,83,3,1,Presentation,OFF,83,,,83,1,baseline,3,Presentation,,,,
1788582476812,2026-09-05 12:27:56,1359,40.66,40.5374684958972,83,3,1,Presentation,OFF,83,,,83,1,baseline,3,Presentation,,,,
1788582477814,2026-09-05 12:27:57,1363,40.56,40.5374684958972,83,3,1,Presentation,OFF,83,,,83,1,baseline,3,Presentation,,,,
1788582478814,2026-09-05 12:27:58,1361,40.61,40.58751889423178,83,3,1,Presentation,OFF,83,,,83,1,baseline,3,Presentation,,,,
1788582479815,2026-09-05 12:27:59,1364,40.54,40.58751889423178,83,3,1,Presentation,OFF,83,,,83,1,baseline,3,Presentation,,,,
1788582480815,2026-09-05 12:28:00,1361,40.61,40.58751889423178,83,3,1,Presentation,OFF,83,,,83,1,baseline,3,Presentation,,,,
1788582481816,2026-09-05 12:28:01,1360,40.64,40.58751889423178,83,3,1,Presentation,OFF,83,,,83,1,baseline,3,Presentation,,,,
1788582482817,2026-09-05 12:28:02,1359,40.66,40.58751889423178,83,3,1,Presentation,OFF,83,,,83,1,baseline,3,Presentation,,,,
1788582483819,2026-09-05 12:28:03,1362,40.59,40.58751889423178,83,3,1,Presentation,OFF,83,,,83,1,baseline,3,Presentation,,,,
1788582484819,2026-09-05 12:28:04,1361,40.61,40.58751889423178,83,3,1,Presentation,OFF,83,,,83,1,baseline,3,Presentation,,,,
1788582485820,2026-09-05 12:28:05,1360,40.64,40.58751889423178,83,3,1,Presentation,OFF,83,,,83,1,baseline,3,Presentation,,,,
1788582486821,2026-09-05 12:28:06,1362,40.59,40.58751889423178,83,3,1,Presentation,OFF,83,,,83,1,baseline,3,Presentation,,,,
1788582487823,2026-09-05 12:28:07,1358,40.69,40.58751889423178,83,3,1,Presentation,OFF,83,,,83,1,baseline,3,Presentation,,,,
1788582488825,2026-09-05 12:28:08,1359,40.66,40.58751889423178,83,3,1,Presentation,OFF,83,,,83,1,baseline,3,Presentation,,,,
1788582489827,2026-09-05 12:28:09,1358,40.69,40.58751889423178,83,3,1,Presentation,OFF,83,,,83,1,baseline,3,Presentation,,,,
1788582490828,2026-09-05 12:28:10,1357,40.71,40.58751889423178,83,3,1,Presentation,OFF,83,,,83,1,baseline,3,Presentation,,,,
1788582491829,2026-09-05 12:28:11,1357,40.71,40.58751889423178,83,3,1,Presentation,OFF,83,,,83,1,baseline,3,Presentation,,,,
1788582492831,2026-09-05 12:28:12,1357,40.71,40.58751889423178,83,3,1,Presentation,OFF,83,,,83,1,baseline,3,Presentation,,,,
1788582493832,2026-09-05 12:28:13,1357,40.71,40.78825154340416,83,3,1,Presentation,OFF,83,,,83,1,baseline,3,Presentation,,,,
1788582494833,2026-09-05 12:28:14,1356,40.74,40.78825154340416,83,3,1,Presentation,OFF,83,,,83,1,baseline,3,Presentation,,,,
1788582495834,2026-09-05 12:28:15,1356,40.74,40.78825154340416,83,3,1,Presentation,OFF,83,,,83,1,baseline,3,Presentation,,,,
1788582496836,2026-09-05 12:28:16,1357,40.71,40.78825154340416,83,3,1,Presentation,OFF,83,,,83,1,baseline,3,Presentation,,,,
1788582497836,2026-09-05 12:28:17,1357,40.71,40.78825154340416,83,3,1,Presentation,OFF,83,,,83,1,baseline,3,Presentation,,,,
1788582498838,2026-09-05 12:28:18,1359,40.66,40.78825154340416,83,3,1,Presentation,OFF,83,,,83,1,baseline,3,Presentation,,,,
1788582499839,2026-09-05 12:28:19,1357,40.71,40.78825154340416,83,3,1,Presentation,OFF,83,,,83,1,baseline,3,Presentation,,,,
1788582500839,2026-09-05 12:28:20,1357,40.71,40.78825154340416,83,3,1,Presentation,OFF,83,,,83,1,baseline,3,Presentation,,,,
1788582501841,2026-09-05 12:28:21,1357,40.71,40.78825154340416,83,3,1,Presentation,OFF,83,,,83,1,baseline,3,Presentation,,,,
1788582502842,2026-09-05 12:28:22,1355,40.76,40.78825154340416,83,3,1,Presentation,OFF,83,,,83,1,baseline,3,Presentation,,,,
1788582503844,2026-09-05 12:28:23,1356,40.74,40.78825154340416,83,3,1,Presentation,OFF,83,,,83,1,baseline,3,Presentation,,,,
1788582504845,2026-09-05 12:28:24,1355,40.76,40.78825154340416,83,3,1,Presentation,OFF,83,,,83,1,baseline,3,Presentation,,,,
1788582505846,2026-09-05 12:28:25,1355,40.76,40.78825154340416,83,3,1,Presentation,OFF,83,,,83,1,baseline,3,Presentation,,,,
1788582506847,2026-09-05 12:28:26,1354,40.79,40.78825154340416,83,3,1,Presentation,OFF,83,,,83,1,baseline,3,Presentation,,,,
1788582507848,2026-09-05 12:28:27,1365,40.51,40.78825154340416,83,3,1,Presentation,OFF,83,,DLPC temp UNAVAILABLE,83,1,step,3,Presentation,baseline_end:settled;step_start duty=83 mode=Presentation;dlpc_unavailable,,,unavailable
1788582508849,2026-09-05 12:28:28,1358,40.69,40.78825154340416,83,3,1,Presentation,OFF,83,,,83,1,step,3,Presentation,,,,
1788582509849,2026-09-05 12:28:29,1355,40.76,40.78825154340416,83,3,1,Presentation,OFF,83,,,83,1,step,3,Presentation,,,,
1788582510850,2026-09-05 12:28:30,1357,40.71,40.78825154340416,83,3,1,Presentation,OFF,83,,,83,1,step,3,Presentation,,,,
1788582511851,2026-09-05 12:28:31,1356,40.74,40.78825154340416,83,3,1,Presentation,OFF,83,,,83,1,step,3,Presentation,,,,
1788582512853,2026-09-05 12:28:32,1353,40.81,40.78825154340416,83,3,1,Presentation,OFF,83,,,83,1,step,3,Presentation,,,,
1788582513854,2026-09-05 12:28:33,1355,40.76,40.78825154340416,83,3,1,Presentation,OFF,83,,,83,1,step,3,Presentation,,,,
1788582514854,2026-09-05 12:28:34,1355,40.76,40.78825154340416,83,3,1,Presentation,OFF,83,,,83,1,step,3,Presentation,,,,
1788582515856,2026-09-05 12:28:35,1355,40.76,40.78825154340416,83,3,1,Presentation,OFF,83,,,83,1,step,3,Presentation,,,,
1788582516857,2026-09-05 12:28:36,1354,40.79,40.78825154340416,83,3,1,Presentation,OFF,83,,,83,1,step,3,Presentation,,,,
1788582517858,2026-09-05 12:28:37,1356,40.74,40.78825154340416,83,3,1,Presentation,OFF,83,,,83,1,step,3,Presentation,,,,
1788582518859,2026-09-05 12:28:38,1353,40.81,40.78825154340416,83,3,1,Presentation,OFF,83,,,83,1,step,3,Presentation,,,,
1788582519859,2026-09-05 12:28:39,1355,40.76,40.78825154340416,83,3,1,Presentation,OFF,83,,,83,1,step,3,Presentation,,,,
1788582520861,2026-09-05 12:28:40,1352,40.84,40.78825154340416,83,3,1,Presentation,OFF,83,,,83,1,step,3,Presentation,,,,
1788582521862,2026-09-05 12:28:41,1353,40.81,40.78825154340416,83,3,1,Presentation,OFF,83,,,83,1,step,3,Presentation,,,,
1788582522863,2026-09-05 12:28:42,1353,40.81,40.78825154340416,83,3,1,Presentation,OFF,83,,,83,1,step,3,Presentation,,,,
1788582523863,2026-09-05 12:28:43,1351,40.86,40.81340329459556,83,3,1,Presentation,OFF,83,,,83,1,step,3,Presentation,,,,
1788582524865,2026-09-05 12:28:44,1352,40.84,40.81340329459556,83,3,1,Presentation,OFF,83,,,83,1,step,3,Presentation,,,,
1788582525866,2026-09-05 12:28:45,1353,40.81,40.81340329459556,83,3,1,Presentation,OFF,83,,,83,1,step,3,Presentation,,,,
1788582526867,2026-09-05 12:28:46,1352,40.84,40.81340329459556,83,3,1,Presentation,OFF,83,,,83,1,step,3,Presentation,,,,
1788582527868,2026-09-05 12:28:47,1351,40.86,40.81340329459556,83,3,1,Presentation,OFF,83,,,83,1,step,3,Presentation,,,,
1788582528868,2026-09-05 12:28:48,1352,40.84,40.81340329459556,83,3,1,Presentation,OFF,83,,,83,1,step,3,Presentation,,,,
1788582529870,2026-09-05 12:28:49,1350,40.89,40.81340329459556,83,3,1,Presentation,OFF,83,,,83,1,step,3,Presentation,,,,
1788582530871,2026-09-05 12:28:50,1351,40.86,40.81340329459556,83,3,1,Presentation,OFF,83,,,83,1,step,3,Presentation,,,,
1788582531872,2026-09-05 12:28:51,1347,40.96,40.81340329459556,83,3,1,Presentation,OFF,83,,,83,1,step,3,Presentation,,,,
1788582532873,2026-09-05 12:28:52,1349,40.91,40.81340329459556,83,3,1,Presentation,OFF,83,,,83,1,step,3,Presentation,,,,
1788582533874,2026-09-05 12:28:53,1351,40.86,40.81340329459556,83,3,1,Presentation,OFF,83,,,83,1,step,3,Presentation,,,,
1788582534876,2026-09-05 12:28:54,1350,40.89,40.81340329459556,83,3,1,Presentation,OFF,83,,,83,1,step,3,Presentation,,,,
1788582535876,2026-09-05 12:28:55,1351,40.86,40.81340329459556,83,3,1,Presentation,OFF,83,,,83,1,step,3,Presentation,,,,
1788582536878,2026-09-05 12:28:56,1350,40.89,40.81340329459556,83,3,1,Presentation,OFF,83,,,83,1,step,3,Presentation,,,,
1788582537878,2026-09-05 12:28:57,1348,40.94,40.81340329459556,83,3,1,Presentation,OFF,83,,,83,1,step,3,Presentation,,,,
1788582538879,2026-09-05 12:28:58,1349,40.91,40.88893939955125,83,3,1,Presentation,OFF,83,,,83,1,step,3,Presentation,,,,
1788582539881,2026-09-05 12:28:59,1348,40.94,40.88893939955125,83,3,1,Presentation,OFF,83,,,83,1,step,3,Presentation,,,,
1788582540881,2026-09-05 12:29:00,1347,40.96,40.88893939955125,83,3,1,Presentation,OFF,83,,,83,1,step,3,Presentation,,,,
1788582541882,2026-09-05 12:29:01,1349,40.91,40.88893939955125,83,3,1,Presentation,OFF,83,,,83,1,step,3,Presentation,,,,
1788582542882,2026-09-05 12:29:02,1348,40.94,40.88893939955125,83,3,1,Presentation,OFF,83,,,83,1,step,3,Presentation,,,,
1788582543884,2026-09-05 12:29:03,1346,40.99,40.88893939955125,83,3,1,Presentation,OFF,83,,,83,1,step,3,Presentation,,,,
1788582544885,2026-09-05 12:29:04,1347,40.96,40.88893939955125,83,3,1,Presentation,OFF,83,,,83,1,step,3,Presentation,,,,
1788582545886,2026-09-05 12:29:05,1349,40.91,40.88893939955125,83,3,1,Presentation,OFF,83,,,83,1,step,3,Presentation,,,,
1788582546887,2026-09-05 12:29:06,1350,40.89,40.88893939955125,83,3,1,Presentation,OFF,83,,,83,1,step,3,Presentation,,,,
1788582547888,2026-09-05 12:29:07,1346,40.99,40.88893939955125,83,3,1,Presentation,OFF,83,,,83,1,step,3,Presentation,,,,
1788582548889,2026-09-05 12:29:08,1347,40.96,40.88893939955125,83,3,1,Presentation,OFF,83,,,83,1,step,3,Presentation,,,,
1788582549890,2026-09-05 12:29:09,1341,41.12,40.88893939955125,83,3,1,Presentation,OFF,83,,,83,1,step,3,Presentation,,,,
1788582550891,2026-09-05 12:29:10,1343,41.07,40.88893939955125,83,3,1,Presentation,OFF,83,,,83,1,step,3,Presentation,,,,
1788582551891,2026-09-05 12:29:11,1347,40.96,40.88893939955125,83,3,1,Presentation,OFF,83,,,83,1,step,3,Presentation,,,,
1788582552893,2026-09-05 12:29:12,1348,40.94,40.88893939955125,83,3,1,Presentation,OFF,83,,,83,1,step,3,Presentation,,,,
1788582553894,2026-09-05 12:29:13,1348,40.94,40.96459733254568,83,3,1,Presentation,OFF,83,,,83,1,step,3,Presentation,,,,
1788582554894,2026-09-05 12:29:14,1348,40.94,40.96459733254568,83,3,1,Presentation,OFF,83,,,83,1,step,3,Presentation,,,,
1788582555895,2026-09-05 12:29:15,1346,40.99,40.96459733254568,83,3,1,Presentation,OFF,83,,,83,1,step,3,Presentation,,,,
1788582556896,2026-09-05 12:29:16,1346,40.99,40.96459733254568,83,3,1,Presentation,OFF,83,,,83,1,step,3,Presentation,,,,
1788582557896,2026-09-05 12:29:17,1346,40.99,40.96459733254568,83,3,1,Presentation,OFF,83,,,83,1,step,3,Presentation,,,,
1788582558897,2026-09-05 12:29:18,1346,40.99,40.96459733254568,83,3,1,Presentation,OFF,83,,,83,1,step,3,Presentation,,,,
1788582559899,2026-09-05 12:29:19,1343,41.07,40.96459733254568,83,3,1,Presentation,OFF,83,,,83,1,step,3,Presentation,,,,
1788582560899,2026-09-05 12:29:20,1345,41.02,40.96459733254568,83,3,1,Presentation,OFF,83,,,83,1,step,3,Presentation,,,,
1788582561900,2026-09-05 12:29:21,1346,40.99,40.96459733254568,83,3,1,Presentation,OFF,83,,,83,1,step,3,Presentation,,,,
1788582562901,2026-09-05 12:29:22,1342,41.09,40.96459733254568,83,3,1,Presentation,OFF,83,,,83,1,step,3,Presentation,,,,
1788582563901,2026-09-05 12:29:23,1343,41.07,40.96459733254568,83,3,1,Presentation,OFF,83,,,83,1,step,3,Presentation,,,,
1788582564901,2026-09-05 12:29:24,1341,41.12,40.96459733254568,83,3,1,Presentation,OFF,83,,,83,1,step,3,Presentation,,,,
1788582565901,2026-09-05 12:29:25,1345,41.02,40.96459733254568,83,3,1,Presentation,OFF,83,,,83,1,step,3,Presentation,,,,
1788582566902,2026-09-05 12:29:26,1341,41.12,40.96459733254568,83,3,1,Presentation,OFF,83,,,83,1,step,3,Presentation,,,,
1788582567903,2026-09-05 12:29:27,1342,41.09,40.96459733254568,83,3,1,Presentation,OFF,83,,,83,1,step,3,Presentation,,,,
1788582568904,2026-09-05 12:29:28,1348,40.94,41.01510398829765,59,3,1,Presentation,OFF,83,83,foreign_write 59 reassert(was 59),83,1,step,3,Presentation,foreign_write:59,,,
1788582569904,2026-09-05 12:29:29,1346,40.99,41.01510398829765,83,3,1,Presentation,OFF,83,,,83,1,step,3,Presentation,,,,
1788582570904,2026-09-05 12:29:30,1343,41.07,41.01510398829765,83,3,1,Presentation,OFF,83,,,83,1,step,3,Presentation,,,,
1788582571905,2026-09-05 12:29:31,1345,41.02,41.01510398829765,83,3,1,Presentation,OFF,83,,,83,1,step,3,Presentation,,,,
1788582572905,2026-09-05 12:29:32,1341,41.12,41.01510398829765,83,3,1,Presentation,OFF,83,,,83,1,step,3,Presentation,,,,
1788582573906,2026-09-05 12:29:33,1341,41.12,41.01510398829765,83,3,1,Presentation,OFF,83,,,83,1,step,3,Presentation,,,,
1788582574907,2026-09-05 12:29:34,1339,41.17,41.01510398829765,83,3,1,Presentation,OFF,83,,,83,1,step,3,Presentation,,,,
1788582575908,2026-09-05 12:29:35,1341,41.12,41.01510398829765,83,3,1,Presentation,OFF,83,,,83,1,step,3,Presentation,,,,
1788582576910,2026-09-05 12:29:36,1342,41.09,41.01510398829765,83,3,1,Presentation,OFF,83,,,83,1,step,3,Presentation,,,,
1788582577910,2026-09-05 12:29:37,1340,41.14,41.01510398829765,83,3,1,Presentation,OFF,83,,,83,1,step,3,Presentation,,,,
1788582578912,2026-09-05 12:29:38,1335,41.27,41.01510398829765,83,3,1,Presentation,OFF,83,,,83,1,step,3,Presentation,,,,
1788582579912,2026-09-05 12:29:39,1340,41.14,41.01510398829765,83,3,1,Presentation,OFF,83,,,83,1,step,3,Presentation,,,,
1788582580913,2026-09-05 12:29:40,1342,41.09,41.01510398829765,83,3,1,Presentation,OFF,83,,,83,1,step,3,Presentation,,,,
1788582581913,2026-09-05 12:29:41,1340,41.14,41.01510398829765,83,3,1,Presentation,OFF,83,,,83,1,step,3,Presentation,,,,
1788582582915,2026-09-05 12:29:42,1339,41.17,41.01510398829765,83,3,1,Presentation,OFF,83,,,83,1,step,3,Presentation,,,,
1788582583916,2026-09-05 12:29:43,1341,41.12,41.16695285509809,83,3,1,Presentation,OFF,83,,,83,1,step,3,Presentation,,,,
1788582584916,2026-09-05 12:29:44,1342,41.09,41.16695285509809,83,3,1,Presentation,OFF,83,,,83,1,step,3,Presentation,,,,
1788582585918,2026-09-05 12:29:45,1340,41.14,41.16695285509809,83,3,1,Presentation,OFF,83,,,83,1,step,3,Presentation,,,,
1788582586919,2026-09-05 12:29:46,1340,41.14,41.16695285509809,83,3,1,Presentation,OFF,83,,,83,1,step,3,Presentation,,,,
1788582587919,2026-09-05 12:29:47,1340,41.14,41.16695285509809,83,3,1,Presentation,OFF,83,,,83,1,step,3,Presentation,,,,
1788582588920,2026-09-05 12:29:48,1339,41.17,41.16695285509809,83,3,1,Presentation,OFF,83,,,83,1,step,3,Presentation,,,,
1788582589921,2026-09-05 12:29:49,1341,41.12,41.16695285509809,83,3,1,Presentation,OFF,83,,,83,1,step,3,Presentation,,,,
1788582590921,2026-09-05 12:29:50,1341,41.12,41.16695285509809,83,3,1,Presentation,OFF,83,,,83,1,step,3,Presentation,,,,
1788582591922,2026-09-05 12:29:51,1340,41.14,41.16695285509809,83,3,1,Presentation,OFF,83,,,83,1,step,3,Presentation,,,,
1788582592922,2026-09-05 12:29:52,1340,41.14,41.16695285509809,83,3,1,Presentation,OFF,83,,,83,1,step,3,Presentation,,,,
1788582593923,2026-09-05 12:29:53,1340,41.14,41.16695285509809,83,3,1,Presentation,OFF,83,,,83,1,step,3,Presentation,,,,
1788582594924,2026-09-05 12:29:54,1339,41.17,41.16695285509809,83,3,1,Presentation,OFF,83,,,83,1,step,3,Presentation,,,,
1788582595925,2026-09-05 12:29:55,1340,41.14,41.16695285509809,83,3,1,Presentation,OFF,83,,,83,1,step,3,Presentation,,,,
1788582596926,2026-09-05 12:29:56,1339,41.17,41.16695285509809,83,3,1,Presentation,OFF,83,,,83,1,step,3,Presentation,,,,
1788582597927,2026-09-05 12:29:57,1340,41.14,41.16695285509809,83,3,1,Presentation,OFF,83,,,83,1,step,3,Presentation,,,,
1788582598928,2026-09-05 12:29:58,1338,41.19,41.19230924480115,83,3,1,Presentation,OFF,83,,,83,1,step,3,Presentation,,,,
1788582599928,2026-09-05 12:29:59,1338,41.19,41.19230924480115,83,3,1,Presentation,OFF,83,,,83,1,step,3,Presentation,,,,
1788582600930,2026-09-05 12:30:00,1340,41.14,41.19230924480115,83,3,1,Presentation,OFF,83,,,83,1,step,3,Presentation,,,,
1788582601931,2026-09-05 12:30:01,1340,41.14,41.19230924480115,83,3,1,Presentation,OFF,83,,,83,1,step,3,Presentation,,,,
1788582602932,2026-09-05 12:30:02,1336,41.24,41.19230924480115,83,3,1,Presentation,OFF,83,,,83,1,step,3,Presentation,,,,
1788582603933,2026-09-05 12:30:03,1340,41.14,41.19230924480115,83,3,1,Presentation,OFF,83,,,83,1,step,3,Presentation,,,,
1788582604935,2026-09-05 12:30:04,1336,41.24,41.19230924480115,83,3,1,Presentation,OFF,83,,,83,1,step,3,Presentation,,,,
1788582605936,2026-09-05 12:30:05,1338,41.19,41.19230924480115,83,3,1,Presentation,OFF,83,,,83,1,step,3,Presentation,,,,
1788582606937,2026-09-05 12:30:06,1337,41.22,41.19230924480115,83,3,1,Presentation,OFF,83,,,83,1,step,3,Presentation,,,,
1788582607937,2026-09-05 12:30:07,1337,41.22,41.19230924480115,83,3,1,Presentation,OFF,83,,,83,1,step,3,Presentation,,,,
1788582608939,2026-09-05 12:30:08,1339,41.17,41.19230924480115,83,3,1,Presentation,OFF,83,,,83,1,step,3,Presentation,,,,
1788582609940,2026-09-05 12:30:09,1339,41.17,41.19230924480115,83,3,1,Presentation,OFF,83,,,83,1,step,3,Presentation,,,,
1788582610941,2026-09-05 12:30:10,1335,41.27,41.19230924480115,83,3,1,Presentation,OFF,83,,,83,1,step,3,Presentation,,,,
1788582611943,2026-09-05 12:30:11,1336,41.24,41.19230924480115,83,3,1,Presentation,OFF,83,,,83,1,step,3,Presentation,,,,
1788582612944,2026-09-05 12:30:12,1337,41.22,41.19230924480115,83,3,1,Presentation,OFF,83,,,83,1,step,3,Presentation,,,,
1788582613945,2026-09-05 12:30:13,1337,41.22,41.19230924480115,83,3,1,Presentation,OFF,83,,,83,1,step,3,Presentation,,,,
1788582614946,2026-09-05 12:30:14,1339,41.17,41.19230924480115,83,3,1,Presentation,OFF,83,,,83,1,step,3,Presentation,,,,
1788582615948,2026-09-05 12:30:15,1338,41.19,41.19230924480115,83,3,1,Presentation,OFF,83,,,83,1,step,3,Presentation,,,,
1788582616950,2026-09-05 12:30:16,1336,41.24,41.19230924480115,83,3,1,Presentation,OFF,83,,,83,1,step,3,Presentation,,,,
1788582617951,2026-09-05 12:30:17,1336,41.24,41.19230924480115,83,3,1,Presentation,OFF,83,,,83,1,step,3,Presentation,,,,
1788582618955,2026-09-05 12:30:18,1336,41.24,41.19230924480115,83,3,1,Presentation,OFF,83,,,83,1,step,3,Presentation,,,,
1788582619955,2026-09-05 12:30:19,1338,41.19,41.19230924480115,83,3,1,Presentation,OFF,83,,,83,1,step,3,Presentation,,,,
1788582620957,2026-09-05 12:30:20,1333,41.32,41.19230924480115,83,3,1,Presentation,OFF,83,,,83,1,step,3,Presentation,,,,
1788582621958,2026-09-05 12:30:21,1335,41.27,41.19230924480115,83,3,1,Presentation,OFF,83,,,83,1,step,3,Presentation,,,,
1788582622959,2026-09-05 12:30:22,1338,41.19,41.19230924480115,83,3,1,Presentation,OFF,83,,,83,1,step,3,Presentation,,,,
1788582623961,2026-09-05 12:30:23,1337,41.22,41.19230924480115,83,3,1,Presentation,OFF,83,,,83,1,step,3,Presentation,,,,
1788582624962,2026-09-05 12:30:24,1334,41.29,41.19230924480115,83,3,1,Presentation,OFF,83,,,83,1,step,3,Presentation,,,,
1788582625963,2026-09-05 12:30:25,1335,41.27,41.19230924480115,83,3,1,Presentation,OFF,83,,,83,1,step,3,Presentation,,,,
1788582626964,2026-09-05 12:30:26,1335,41.27,41.19230924480115,83,3,1,Presentation,OFF,83,,,83,1,step,3,Presentation,,,,
1788582627964,2026-09-05 12:30:27,1334,41.29,41.19230924480115,83,3,1,Presentation,OFF,83,,,83,1,step,3,Presentation,,,,
1788582628966,2026-09-05 12:30:28,1334,41.29,41.21767949053776,83,3,1,Presentation,OFF,83,,,83,1,step,3,Presentation,,,,
1788582629967,2026-09-05 12:30:29,1338,41.19,41.21767949053776,83,3,1,Presentation,OFF,83,,,83,1,step,3,Presentation,,,,
1788582630969,2026-09-05 12:30:30,1333,41.32,41.21767949053776,83,3,1,Presentation,OFF,83,,,83,1,step,3,Presentation,,,,
1788582631970,2026-09-05 12:30:31,1334,41.29,41.21767949053776,83,3,1,Presentation,OFF,83,,,83,1,step,3,Presentation,,,,
1788582632970,2026-09-05 12:30:32,1334,41.29,41.21767949053776,83,3,1,Presentation,OFF,83,,,83,1,step,3,Presentation,,,,
1788582633971,2026-09-05 12:30:33,1332,41.34,41.21767949053776,83,3,1,Presentation,OFF,83,,,83,1,step,3,Presentation,,,,
1788582634973,2026-09-05 12:30:34,1335,41.27,41.21767949053776,83,3,1,Presentation,OFF,83,,,83,1,step,3,Presentation,,,,
1788582635974,2026-09-05 12:30:35,1334,41.29,41.21767949053776,83,3,1,Presentation,OFF,83,,,83,1,step,3,Presentation,,,,
1788582636975,2026-09-05 12:30:36,1333,41.32,41.21767949053776,83,3,1,Presentation,OFF,83,,,83,1,step,3,Presentation,,,,
1788582637977,2026-09-05 12:30:37,1335,41.27,41.21767949053776,83,3,1,Presentation,OFF,83,,,83,1,step,3,Presentation,,,,
1788582638978,2026-09-05 12:30:38,1333,41.32,41.21767949053776,83,3,1,Presentation,OFF,83,,,83,1,step,3,Presentation,,,,
1788582639980,2026-09-05 12:30:39,1333,41.32,41.21767949053776,83,3,1,Presentation,OFF,83,,,83,1,step,3,Presentation,,,,
1788582640980,2026-09-05 12:30:40,1331,41.37,41.21767949053776,83,3,1,Presentation,OFF,83,,,83,1,step,3,Presentation,,,,
1788582641982,2026-09-05 12:30:41,1332,41.34,41.21767949053776,83,3,1,Presentation,OFF,83,,,83,1,step,3,Presentation,,,,
1788582642983,2026-09-05 12:30:42,1332,41.34,41.21767949053776,83,3,1,Presentation,OFF,83,,,83,1,step,3,Presentation,,,,
1788582643985,2026-09-05 12:30:43,1333,41.32,41.31929957493293,83,3,1,Presentation,OFF,83,,,83,1,step,3,Presentation,,,,
1788582644986,2026-09-05 12:30:44,1332,41.34,41.31929957493293,83,3,1,Presentation,OFF,83,,,83,1,step,3,Presentation,,,,
1788582645986,2026-09-05 12:30:45,1332,41.34,41.31929957493293,83,3,1,Presentation,OFF,83,,,83,1,step,3,Presentation,,,,
1788582646987,2026-09-05 12:30:46,1334,41.29,41.31929957493293,83,3,1,Presentation,OFF,83,,,83,1,step,3,Presentation,,,,
1788582647989,2026-09-05 12:30:47,1332,41.34,41.31929957493293,83,3,1,Presentation,OFF,83,,,83,1,step,3,Presentation,,,,
1788582648990,2026-09-05 12:30:48,1333,41.32,41.31929957493293,83,3,1,Presentation,OFF,83,,,83,1,step,3,Presentation,,,,
1788582649992,2026-09-05 12:30:49,1331,41.37,41.31929957493293,83,3,1,Presentation,OFF,83,,,83,1,step,3,Presentation,,,,
1788582650992,2026-09-05 12:30:50,1333,41.32,41.31929957493293,83,3,1,Presentation,OFF,83,,,83,1,step,3,Presentation,,,,
1788582651994,2026-09-05 12:30:51,1332,41.34,41.31929957493293,83,3,1,Presentation,OFF,83,,,83,1,step,3,Presentation,,,,
1788582652995,2026-09-05 12:30:52,1329,41.42,41.31929957493293,83,3,1,Presentation,OFF,83,,,83,1,step,3,Presentation,,,,
1788582653997,2026-09-05 12:30:53,1333,41.32,41.31929957493293,83,3,1,Presentation,OFF,83,,,83,1,step,3,Presentation,,,,
1788582654998,2026-09-05 12:30:54,1331,41.37,41.31929957493293,83,3,1,Presentation,OFF,83,,,83,1,step,3,Presentation,,,,
1788582655999,2026-09-05 12:30:55,1329,41.42,41.31929957493293,83,3,1,Presentation,OFF,83,,,83,1,step,3,Presentation,,,,
1788582656999,2026-09-05 12:30:56,1330,41.40,41.31929957493293,83,3,1,Presentation,OFF,83,,,83,1,step,3,Presentation,,,,
1788582658000,2026-09-05 12:30:58,1331,41.37,41.31929957493293,83,3,1,Presentation,OFF,83,,,83,1,step,3,Presentation,,,,
1788582659002,2026-09-05 12:30:59,1329,41.42,41.395661456029984,83,3,1,Presentation,OFF,83,,,83,1,step,3,Presentation,,,,
1788582660003,2026-09-05 12:31:00,1331,41.37,41.395661456029984,83,3,1,Presentation,OFF,83,,,83,1,step,3,Presentation,,,,
1788582661003,2026-09-05 12:31:01,1333,41.32,41.395661456029984,83,3,1,Presentation,OFF,83,,,83,1,step,3,Presentation,,,,
1788582662005,2026-09-05 12:31:02,1329,41.42,41.395661456029984,83,3,1,Presentation,OFF,83,,,83,1,step,3,Presentation,,,,
1788582663007,2026-09-05 12:31:03,1329,41.42,41.395661456029984,83,3,1,Presentation,OFF,83,,,83,1,step,3,Presentation,,,,
1788582664007,2026-09-05 12:31:04,1328,41.45,41.395661456029984,83,3,1,Presentation,OFF,83,,,83,1,step,3,Presentation,,,,
1788582665009,2026-09-05 12:31:05,1318,41.70,41.395661456029984,83,3,1,Presentation,OFF,83,,,83,1,step,3,Presentation,,,,
1788582666011,2026-09-05 12:31:06,1329,41.42,41.395661456029984,83,3,1,Presentation,OFF,83,,,83,1,step,3,Presentation,,,,
1788582667011,2026-09-05 12:31:07,1328,41.45,41.395661456029984,83,3,1,Presentation,OFF,83,,,83,1,step,3,Presentation,,,,
1788582668013,2026-09-05 12:31:08,1329,41.42,41.395661456029984,83,3,1,Presentation,OFF,83,,,83,1,step,3,Presentation,,,,
1788582669013,2026-09-05 12:31:09,1328,41.45,41.395661456029984,83,3,1,Presentation,OFF,83,,,83,1,step,3,Presentation,,,,
1788582670013,2026-09-05 12:31:10,1328,41.45,41.395661456029984,83,3,1,Presentation,OFF,83,,,83,1,step,3,Presentation,,,,
1788582671014,2026-09-05 12:31:11,1330,41.40,41.395661456029984,83,3,1,Presentation,OFF,83,,,83,1,step,3,Presentation,,,,
1788582672015,2026-09-05 12:31:12,1330,41.40,41.395661456029984,83,3,1,Presentation,OFF,83,,,83,1,step,3,Presentation,,,,
1788582673016,2026-09-05 12:31:13,1328,41.45,41.395661456029984,83,3,1,Presentation,OFF,83,,,83,1,step,3,Presentation,,,,
1788582674018,2026-09-05 12:31:14,1327,41.47,41.47215000152448,83,3,1,Presentation,OFF,83,,,83,1,step,3,Presentation,,,,
1788582675018,2026-09-05 12:31:15,1327,41.47,41.47215000152448,83,3,1,Presentation,OFF,83,,,83,1,step,3,Presentation,,,,
1788582676020,2026-09-05 12:31:16,1328,41.45,41.47215000152448,83,3,1,Presentation,OFF,83,,,83,1,step,3,Presentation,,,,
1788582677022,2026-09-05 12:31:17,1329,41.42,41.47215000152448,83,3,1,Presentation,OFF,83,,,83,1,step,3,Presentation,,,,
1788582678023,2026-09-05 12:31:18,1327,41.47,41.47215000152448,83,3,1,Presentation,OFF,83,,,83,1,step,3,Presentation,,,,
1788582679025,2026-09-05 12:31:19,1325,41.52,41.47215000152448,83,3,1,Presentation,OFF,83,,,83,1,step,3,Presentation,,,,
1788582680025,2026-09-05 12:31:20,1326,41.50,41.47215000152448,83,3,1,Presentation,OFF,83,,,83,1,step,3,Presentation,,,,
1788582681026,2026-09-05 12:31:21,1326,41.50,41.47215000152448,83,3,1,Presentation,OFF,83,,,83,1,step,3,Presentation,,,,
1788582682027,2026-09-05 12:31:22,1328,41.45,41.47215000152448,83,3,1,Presentation,OFF,83,,,83,1,step,3,Presentation,,,,
1788582683027,2026-09-05 12:31:23,1326,41.50,41.47215000152448,83,3,1,Presentation,OFF,83,,,83,1,step,3,Presentation,,,,
1788582684029,2026-09-05 12:31:24,1327,41.47,41.47215000152448,83,3,1,Presentation,OFF,83,,,83,1,step,3,Presentation,,,,
1788582685030,2026-09-05 12:31:25,1328,41.45,41.47215000152448,83,3,1,Presentation,OFF,83,,,83,1,step,3,Presentation,,,,
1788582686030,2026-09-05 12:31:26,1326,41.50,41.47215000152448,83,3,1,Presentation,OFF,83,,,83,1,step,3,Presentation,,,,
1788582687031,2026-09-05 12:31:27,1325,41.52,41.47215000152448,83,3,1,Presentation,OFF,83,,,83,1,step,3,Presentation,,,,
1788582688033,2026-09-05 12:31:28,1326,41.50,41.47215000152448,83,3,1,Presentation,OFF,83,,,83,1,step,3,Presentation,,,,
1788582689034,2026-09-05 12:31:29,1326,41.50,41.497674459413815,83,3,1,Presentation,OFF,83,,,83,1,step,3,Presentation,,,,
1788582690035,2026-09-05 12:31:30,1323,41.57,41.497674459413815,83,3,1,Presentation,OFF,83,,,83,1,step,3,Presentation,,,,
1788582691037,2026-09-05 12:31:31,1326,41.50,41.497674459413815,83,3,1,Presentation,OFF,83,,,83,1,step,3,Presentation,,,,
1788582692037,2026-09-05 12:31:32,1328,41.45,41.497674459413815,83,3,1,Presentation,OFF,83,,,83,1,step,3,Presentation,,,,
1788582693038,2026-09-05 12:31:33,1326,41.50,41.497674459413815,83,3,1,Presentation,OFF,83,,,83,1,step,3,Presentation,,,,
1788582694039,2026-09-05 12:31:34,1328,41.45,41.497674459413815,83,3,1,Presentation,OFF,83,,,83,1,step,3,Presentation,,,,
1788582695040,2026-09-05 12:31:35,1326,41.50,41.497674459413815,83,3,1,Presentation,OFF,83,,,83,1,step,3,Presentation,,,,
1788582696041,2026-09-05 12:31:36,1325,41.52,41.497674459413815,83,3,1,Presentation,OFF,83,,,83,1,step,3,Presentation,,,,
1788582697042,2026-09-05 12:31:37,1326,41.50,41.497674459413815,83,3,1,Presentation,OFF,83,,,83,1,step,3,Presentation,,,,
1788582698042,2026-09-05 12:31:38,1324,41.55,41.497674459413815,83,3,1,Presentation,OFF,83,,,83,1,step,3,Presentation,,,,
1788582699042,2026-09-05 12:31:39,1326,41.50,41.497674459413815,83,3,1,Presentation,OFF,83,,,83,1,step,3,Presentation,,,,
1788582700043,2026-09-05 12:31:40,1324,41.55,41.497674459413815,83,3,1,Presentation,OFF,83,,,83,1,step,3,Presentation,,,,
1788582701044,2026-09-05 12:31:41,1325,41.52,41.497674459413815,83,3,1,Presentation,OFF,83,,,83,1,step,3,Presentation,,,,
1788582702045,2026-09-05 12:31:42,1325,41.52,41.497674459413815,83,3,1,Presentation,OFF,83,,,83,1,step,3,Presentation,,,,
1788582703046,2026-09-05 12:31:43,1325,41.52,41.497674459413815,83,3,1,Presentation,OFF,83,,,83,1,step,3,Presentation,,,,
1788582704046,2026-09-05 12:31:44,1325,41.52,41.54876595519971,83,3,1,Presentation,OFF,83,,,83,1,step,3,Presentation,,,,
1788582705048,2026-09-05 12:31:45,1325,41.52,41.54876595519971,83,3,1,Presentation,OFF,83,,,83,1,step,3,Presentation,,,,
1788582706048,2026-09-05 12:31:46,1326,41.50,41.54876595519971,83,3,1,Presentation,OFF,83,,,83,1,step,3,Presentation,,,,
1788582707049,2026-09-05 12:31:47,1323,41.57,41.54876595519971,83,3,1,Presentation,OFF,83,,,83,1,step,3,Presentation,,,,
1788582708051,2026-09-05 12:31:48,1323,41.57,41.54876595519971,83,3,1,Presentation,OFF,83,,,83,1,step,3,Presentation,,,,
1788582709051,2026-09-05 12:31:49,1323,41.57,41.54876595519971,83,3,1,Presentation,OFF,83,,,83,1,step,3,Presentation,,,,
1788582710053,2026-09-05 12:31:50,1324,41.55,41.54876595519971,83,3,1,Presentation,OFF,83,,,83,1,step,3,Presentation,,,,
1788582711054,2026-09-05 12:31:51,1322,41.60,41.54876595519971,83,3,1,Presentation,OFF,83,,,83,1,step,3,Presentation,,,,
1788582712055,2026-09-05 12:31:52,1324,41.55,41.54876595519971,83,3,1,Presentation,OFF,83,,,83,1,step,3,Presentation,,,,
1788582713055,2026-09-05 12:31:53,1323,41.57,41.54876595519971,83,3,1,Presentation,OFF,83,,,83,1,step,3,Presentation,,,,
1788582714056,2026-09-05 12:31:54,1324,41.55,41.54876595519971,83,3,1,Presentation,OFF,83,,,83,1,step,3,Presentation,,,,
1788582715058,2026-09-05 12:31:55,1324,41.55,41.54876595519971,83,3,1,Presentation,OFF,83,,,83,1,step,3,Presentation,,,,
1788582716060,2026-09-05 12:31:56,1322,41.60,41.54876595519971,83,3,1,Presentation,OFF,83,,,83,1,step,3,Presentation,,,,
1788582717061,2026-09-05 12:31:57,1322,41.60,41.54876595519971,83,3,1,Presentation,OFF,83,,,83,1,step,3,Presentation,,,,
1788582718062,2026-09-05 12:31:58,1324,41.55,41.54876595519971,83,3,1,Presentation,OFF,75,75,DLPC temp UNAVAILABLE,75,2,step,3,Presentation,step_end:settled;step_start duty=75 mode=Presentation;dlpc_unavailable,,,unavailable
1788582719065,2026-09-05 12:31:59,1323,41.57,41.57433304861627,75,3,1,Presentation,OFF,75,,,75,2,step,3,Presentation,,,,
1788582720066,2026-09-05 12:32:00,1322,41.60,41.57433304861627,75,3,1,Presentation,OFF,75,,,75,2,step,3,Presentation,,,,
1788582721068,2026-09-05 12:32:01,1321,41.63,41.57433304861627,75,3,1,Presentation,OFF,75,,,75,2,step,3,Presentation,,,,
1788582722069,2026-09-05 12:32:02,1321,41.63,41.57433304861627,75,3,1,Presentation,OFF,75,,,75,2,step,3,Presentation,,,,
1788582723069,2026-09-05 12:32:03,1321,41.63,41.57433304861627,75,3,1,Presentation,OFF,75,,,75,2,step,3,Presentation,,,,
1788582724070,2026-09-05 12:32:04,1320,41.65,41.57433304861627,75,3,1,Presentation,OFF,75,,,75,2,step,3,Presentation,,,,
1788582725072,2026-09-05 12:32:05,1321,41.63,41.57433304861627,75,3,1,Presentation,OFF,75,,,75,2,step,3,Presentation,,,,
1788582726073,2026-09-05 12:32:06,1319,41.68,41.57433304861627,75,3,1,Presentation,OFF,75,,,75,2,step,3,Presentation,,,,
1788582727074,2026-09-05 12:32:07,1320,41.65,41.57433304861627,75,3,1,Presentation,OFF,75,,,75,2,step,3,Presentation,,,,
1788582728075,2026-09-05 12:32:08,1319,41.68,41.57433304861627,75,3,1,Presentation,OFF,75,,,75,2,step,3,Presentation,,,,
1788582729077,2026-09-05 12:32:09,1317,41.73,41.57433304861627,75,3,1,Presentation,OFF,75,,,75,2,step,3,Presentation,,,,
1788582730077,2026-09-05 12:32:10,1318,41.70,41.57433304861627,75,3,1,Presentation,OFF,75,,,75,2,step,3,Presentation,,,,
1788582731079,2026-09-05 12:32:11,1318,41.70,41.57433304861627,75,3,1,Presentation,OFF,75,,,75,2,step,3,Presentation,,,,
1788582732080,2026-09-05 12:32:12,1318,41.70,41.57433304861627,75,3,1,Presentation,OFF,75,,,75,2,step,3,Presentation,,,,
1788582733081,2026-09-05 12:32:13,1319,41.68,41.57433304861627,75,3,1,Presentation,OFF,75,,,75,2,step,3,Presentation,,,,
1788582734082,2026-09-05 12:32:14,1320,41.65,41.702383086858674,75,3,1,Presentation,OFF,75,,,75,2,step,3,Presentation,,,,
1788582735083,2026-09-05 12:32:15,1318,41.70,41.702383086858674,75,3,1,Presentation,OFF,75,,,75,2,step,3,Presentation,,,,
1788582736083,2026-09-05 12:32:16,1316,41.75,41.702383086858674,75,3,1,Presentation,OFF,75,,,75,2,step,3,Presentation,,,,
1788582737085,2026-09-05 12:32:17,1315,41.78,41.702383086858674,75,3,1,Presentation,OFF,75,,,75,2,step,3,Presentation,,,,
1788582738085,2026-09-05 12:32:18,1315,41.78,41.702383086858674,75,3,1,Presentation,OFF,75,,,75,2,step,3,Presentation,,,,
1788582739086,2026-09-05 12:32:19,1312,41.86,41.702383086858674,75,3,1,Presentation,OFF,75,,,75,2,step,3,Presentation,,,,
1788582740087,2026-09-05 12:32:20,1314,41.81,41.702383086858674,75,3,1,Presentation,OFF,75,,,75,2,step,3,Presentation,,,,
1788582741088,2026-09-05 12:32:21,1314,41.81,41.702383086858674,75,3,1,Presentation,OFF,75,,,75,2,step,3,Presentation,,,,
1788582742089,2026-09-05 12:32:22,1315,41.78,41.702383086858674,75,3,1,Presentation,OFF,75,,,75,2,step,3,Presentation,,,,
1788582743091,2026-09-05 12:32:23,1315,41.78,41.702383086858674,75,3,1,Presentation,OFF,75,,,75,2,step,3,Presentation,,,,
1788582744093,2026-09-05 12:32:24,1314,41.81,41.702383086858674,75,3,1,Presentation,OFF,75,,,75,2,step,3,Presentation,,,,
1788582745094,2026-09-05 12:32:25,1314,41.81,41.702383086858674,75,3,1,Presentation,OFF,75,,,75,2,step,3,Presentation,,,,
1788582746095,2026-09-05 12:32:26,1312,41.86,41.702383086858674,75,3,1,Presentation,OFF,75,,,75,2,step,3,Presentation,,,,
1788582747097,2026-09-05 12:32:27,1314,41.81,41.702383086858674,75,3,1,Presentation,OFF,75,,,75,2,step,3,Presentation,,,,
1788582748099,2026-09-05 12:32:28,1310,41.91,41.702383086858674,75,3,1,Presentation,OFF,75,,,75,2,step,3,Presentation,,,,
1788582749099,2026-09-05 12:32:29,1313,41.83,41.93378322560778,75,3,1,Presentation,OFF,75,,,75,2,step,3,Presentation,,,,
1788582750101,2026-09-05 12:32:30,1310,41.91,41.93378322560778,75,3,1,Presentation,OFF,75,,,75,2,step,3,Presentation,,,,
1788582751101,2026-09-05 12:32:31,1314,41.81,41.93378322560778,75,3,1,Presentation,OFF,75,,,75,2,step,3,Presentation,,,,
1788582752103,2026-09-05 12:32:32,1311,41.88,41.93378322560778,75,3,1,Presentation,OFF,75,,,75,2,step,3,Presentation,,,,
1788582753103,2026-09-05 12:32:33,1310,41.91,41.93378322560778,75,3,1,Presentation,OFF,75,,,75,2,step,3,Presentation,,,,
1788582754105,2026-09-05 12:32:34,1308,41.96,41.93378322560778,75,3,1,Presentation,OFF,75,,,75,2,step,3,Presentation,,,,
1788582755106,2026-09-05 12:32:35,1312,41.86,41.93378322560778,75,3,1,Presentation,OFF,75,,,75,2,step,3,Presentation,,,,
1788582756106,2026-09-05 12:32:36,1310,41.91,41.93378322560778,75,3,1,Presentation,OFF,75,,,75,2,step,3,Presentation,,,,
1788582757107,2026-09-05 12:32:37,1310,41.91,41.93378322560778,75,3,1,Presentation,OFF,75,,,75,2,step,3,Presentation,,,,
1788582758109,2026-09-05 12:32:38,1307,41.99,41.93378322560778,75,3,1,Presentation,OFF,75,,,75,2,step,3,Presentation,,,,
1788582759110,2026-09-05 12:32:39,1310,41.91,41.93378322560778,75,3,1,Presentation,OFF,75,,,75,2,step,3,Presentation,,,,
1788582760111,2026-09-05 12:32:40,1307,41.99,41.93378322560778,75,3,1,Presentation,OFF,75,,,75,2,step,3,Presentation,,,,
1788582761111,2026-09-05 12:32:41,1308,41.96,41.93378322560778,75,3,1,Presentation,OFF,75,,,75,2,step,3,Presentation,,,,
1788582762113,2026-09-05 12:32:42,1308,41.96,41.93378322560778,75,3,1,Presentation,OFF,75,,,75,2,step,3,Presentation,,,,
1788582763114,2026-09-05 12:32:43,1309,41.93,41.93378322560778,75,3,1,Presentation,OFF,75,,,75,2,step,3,Presentation,,,,
1788582764115,2026-09-05 12:32:44,1309,41.93,41.908013824914235,75,3,1,Presentation,OFF,75,,,75,2,step,3,Presentation,,,,
1788582765115,2026-09-05 12:32:45,1307,41.99,41.908013824914235,75,3,1,Presentation,OFF,75,,,75,2,step,3,Presentation,,,,
1788582766117,2026-09-05 12:32:46,1308,41.96,41.908013824914235,75,3,1,Presentation,OFF,75,,,75,2,step,3,Presentation,,,,
1788582767117,2026-09-05 12:32:47,1306,42.01,41.908013824914235,75,3,1,Presentation,OFF,75,,,75,2,step,3,Presentation,,,,
1788582768119,2026-09-05 12:32:48,1308,41.96,41.908013824914235,75,3,1,Presentation,OFF,75,,,75,2,step,3,Presentation,,,,
1788582769119,2026-09-05 12:32:49,1309,41.93,41.908013824914235,75,3,1,Presentation,OFF,75,,,75,2,step,3,Presentation,,,,
1788582770120,2026-09-05 12:32:50,1307,41.99,41.908013824914235,75,3,1,Presentation,OFF,75,,,75,2,step,3,Presentation,,,,
1788582771122,2026-09-05 12:32:51,1306,42.01,41.908013824914235,75,3,1,Presentation,OFF,75,,,75,2,step,3,Presentation,,,,
1788582772123,2026-09-05 12:32:52,1306,42.01,41.908013824914235,75,3,1,Presentation,OFF,75,,,75,2,step,3,Presentation,,,,
1788582773124,2026-09-05 12:32:53,1305,42.04,41.908013824914235,75,3,1,Presentation,OFF,75,,,75,2,step,3,Presentation,,,,
1788582774125,2026-09-05 12:32:54,1305,42.04,41.908013824914235,75,3,1,Presentation,OFF,75,,,75,2,step,3,Presentation,,,,
1788582775125,2026-09-05 12:32:55,1305,42.04,41.908013824914235,75,3,1,Presentation,OFF,75,,,75,2,step,3,Presentation,,,,
1788582776127,2026-09-05 12:32:56,1304,42.06,41.908013824914235,75,3,1,Presentation,OFF,75,,,75,2,step,3,Presentation,,,,
1788582777128,2026-09-05 12:32:57,1307,41.99,41.908013824914235,75,3,1,Presentation,OFF,75,,,75,2,step,3,Presentation,,,,
1788582778129,2026-09-05 12:32:58,1306,42.01,41.908013824914235,75,3,1,Presentation,OFF,75,,,75,2,step,3,Presentation,,,,
1788582779130,2026-09-05 12:32:59,1305,42.04,42.03700775606069,59,3,1,Presentation,OFF,75,75,foreign_write 59 reassert(was 59),75,2,step,3,Presentation,foreign_write:59,,,
1788582780130,2026-09-05 12:33:00,1306,42.01,42.03700775606069,75,3,1,Presentation,OFF,75,,,75,2,step,3,Presentation,,,,
1788582781131,2026-09-05 12:33:01,1306,42.01,42.03700775606069,75,3,1,Presentation,OFF,75,,,75,2,step,3,Presentation,,,,
1788582782133,2026-09-05 12:33:02,1306,42.01,42.03700775606069,75,3,1,Presentation,OFF,75,,,75,2,step,3,Presentation,,,,
1788582783134,2026-09-05 12:33:03,1304,42.06,42.03700775606069,75,3,1,Presentation,OFF,75,,,75,2,step,3,Presentation,,,,
1788582784134,2026-09-05 12:33:04,1303,42.09,42.03700775606069,75,3,1,Presentation,OFF,75,,,75,2,step,3,Presentation,,,,
1788582785135,2026-09-05 12:33:05,1304,42.06,42.03700775606069,75,3,1,Presentation,OFF,75,,,75,2,step,3,Presentation,,,,
1788582786137,2026-09-05 12:33:06,1304,42.06,42.03700775606069,75,3,1,Presentation,OFF,75,,,75,2,step,3,Presentation,,,,
1788582787139,2026-09-05 12:33:07,1305,42.04,42.03700775606069,75,3,1,Presentation,OFF,75,,,75,2,step,3,Presentation,,,,
1788582788139,2026-09-05 12:33:08,1302,42.11,42.03700775606069,75,3,1,Presentation,OFF,75,,,75,2,step,3,Presentation,,,,
1788582789140,2026-09-05 12:33:09,1303,42.09,42.03700775606069,75,3,1,Presentation,OFF,75,,,75,2,step,3,Presentation,,,,
1788582790141,2026-09-05 12:33:10,1305,42.04,42.03700775606069,75,3,1,Presentation,OFF,75,,,75,2,step,3,Presentation,,,,
1788582791143,2026-09-05 12:33:11,1305,42.04,42.03700775606069,75,3,1,Presentation,OFF,75,,,75,2,step,3,Presentation,,,,
1788582792143,2026-09-05 12:33:12,1305,42.04,42.03700775606069,75,3,1,Presentation,OFF,75,,,75,2,step,3,Presentation,,,,
1788582793145,2026-09-05 12:33:13,1302,42.11,42.03700775606069,75,3,1,Presentation,OFF,75,,,75,2,step,3,Presentation,,,,
1788582794146,2026-09-05 12:33:14,1305,42.04,42.06285076505759,75,3,1,Presentation,OFF,75,,,75,2,step,3,Presentation,,,,
1788582795147,2026-09-05 12:33:15,1302,42.11,42.06285076505759,75,3,1,Presentation,OFF,75,,,75,2,step,3,Presentation,,,,
1788582796147,2026-09-05 12:33:16,1304,42.06,42.06285076505759,75,3,1,Presentation,OFF,75,,,75,2,step,3,Presentation,,,,
1788582797149,2026-09-05 12:33:17,1301,42.14,42.06285076505759,75,3,1,Presentation,OFF,75,,,75,2,step,3,Presentation,,,,
1788582798150,2026-09-05 12:33:18,1302,42.11,42.06285076505759,75,3,1,Presentation,OFF,75,,,75,2,step,3,Presentation,,,,
1788582799152,2026-09-05 12:33:19,1304,42.06,42.06285076505759,75,3,1,Presentation,OFF,75,,,75,2,step,3,Presentation,,,,
1788582800153,2026-09-05 12:33:20,1304,42.06,42.06285076505759,75,3,1,Presentation,OFF,75,,,75,2,step,3,Presentation,,,,
1788582801155,2026-09-05 12:33:21,1301,42.14,42.06285076505759,75,3,1,Presentation,OFF,75,,,75,2,step,3,Presentation,,,,
1788582802156,2026-09-05 12:33:22,1302,42.11,42.06285076505759,75,3,1,Presentation,OFF,75,,,75,2,step,3,Presentation,,,,
1788582803158,2026-09-05 12:33:23,1303,42.09,42.06285076505759,75,3,1,Presentation,OFF,75,,,75,2,step,3,Presentation,,,,
1788582804158,2026-09-05 12:33:24,1301,42.14,42.06285076505759,75,3,1,Presentation,OFF,75,,,75,2,step,3,Presentation,,,,
1788582805159,2026-09-05 12:33:25,1302,42.11,42.06285076505759,75,3,1,Presentation,OFF,75,,,75,2,step,3,Presentation,,,,
1788582806161,2026-09-05 12:33:26,1301,42.14,42.06285076505759,75,3,1,Presentation,OFF,75,,,75,2,step,3,Presentation,,,,
1788582807162,2026-09-05 12:33:27,1301,42.14,42.06285076505759,75,3,1,Presentation,OFF,75,,,75,2,step,3,Presentation,,,,
1788582808163,2026-09-05 12:33:28,1306,42.01,42.06285076505759,75,3,1,Presentation,OFF,75,,,75,2,step,3,Presentation,,,,
1788582809164,2026-09-05 12:33:29,1304,42.06,42.088708582620995,75,3,1,Presentation,OFF,75,,,75,2,step,3,Presentation,,,,
1788582810166,2026-09-05 12:33:30,1301,42.14,42.088708582620995,75,3,1,Presentation,OFF,75,,,75,2,step,3,Presentation,,,,
1788582811167,2026-09-05 12:33:31,1299,42.19,42.088708582620995,75,3,1,Presentation,OFF,75,,,75,2,step,3,Presentation,,,,
1788582812168,2026-09-05 12:33:32,1301,42.14,42.088708582620995,75,3,1,Presentation,OFF,75,,,75,2,step,3,Presentation,,,,
1788582813169,2026-09-05 12:33:33,1301,42.14,42.088708582620995,75,3,1,Presentation,OFF,75,,,75,2,step,3,Presentation,,,,
1788582814170,2026-09-05 12:33:34,1300,42.17,42.088708582620995,75,3,1,Presentation,OFF,75,,,75,2,step,3,Presentation,,,,
1788582815171,2026-09-05 12:33:35,1302,42.11,42.088708582620995,75,3,1,Presentation,OFF,75,,,75,2,step,3,Presentation,,,,
1788582816173,2026-09-05 12:33:36,1303,42.09,42.088708582620995,75,3,1,Presentation,OFF,75,,,75,2,step,3,Presentation,,,,
1788582817174,2026-09-05 12:33:37,1301,42.14,42.088708582620995,75,3,1,Presentation,OFF,75,,,75,2,step,3,Presentation,,,,
1788582818176,2026-09-05 12:33:38,1301,42.14,42.088708582620995,75,3,1,Presentation,OFF,75,,,75,2,step,3,Presentation,,,,
1788582819177,2026-09-05 12:33:39,1300,42.17,42.088708582620995,75,3,1,Presentation,OFF,75,,,75,2,step,3,Presentation,,,,
1788582820178,2026-09-05 12:33:40,1301,42.14,42.088708582620995,75,3,1,Presentation,OFF,75,,,75,2,step,3,Presentation,,,,
1788582821180,2026-09-05 12:33:41,1302,42.11,42.088708582620995,75,3,1,Presentation,OFF,75,,,75,2,step,3,Presentation,,,,
1788582822181,2026-09-05 12:33:42,1300,42.17,42.088708582620995,75,3,1,Presentation,OFF,75,,,75,2,step,3,Presentation,,,,
1788582823182,2026-09-05 12:33:43,1300,42.17,42.088708582620995,75,3,1,Presentation,OFF,75,,,75,2,step,3,Presentation,,,,
1788582824182,2026-09-05 12:33:44,1300,42.17,42.166371178246834,75,3,1,Presentation,OFF,75,,,75,2,step,3,Presentation,,,,
1788582825183,2026-09-05 12:33:45,1302,42.11,42.166371178246834,75,3,1,Presentation,OFF,75,,,75,2,step,3,Presentation,,,,
1788582826185,2026-09-05 12:33:46,1301,42.14,42.166371178246834,75,3,1,Presentation,OFF,75,,,75,2,step,3,Presentation,,,,
1788582827186,2026-09-05 12:33:47,1301,42.14,42.166371178246834,75,3,1,Presentation,OFF,75,,,75,2,step,3,Presentation,,,,
1788582828187,2026-09-05 12:33:48,1300,42.17,42.166371178246834,75,3,1,Presentation,OFF,75,,,75,2,step,3,Presentation,,,,
1788582829189,2026-09-05 12:33:49,1304,42.06,42.166371178246834,75,3,1,Presentation,OFF,75,,,75,2,step,3,Presentation,,,,
1788582830190,2026-09-05 12:33:50,1300,42.17,42.166371178246834,75,3,1,Presentation,OFF,75,,,75,2,step,3,Presentation,,,,
1788582831192,2026-09-05 12:33:51,1303,42.09,42.166371178246834,75,3,1,Presentation,OFF,75,,,75,2,step,3,Presentation,,,,
1788582832193,2026-09-05 12:33:52,1302,42.11,42.166371178246834,75,3,1,Presentation,OFF,75,,,75,2,step,3,Presentation,,,,
1788582833195,2026-09-05 12:33:53,1300,42.17,42.166371178246834,75,3,1,Presentation,OFF,75,,,75,2,step,3,Presentation,,,,
1788582834195,2026-09-05 12:33:54,1299,42.19,42.166371178246834,75,3,1,Presentation,OFF,75,,,75,2,step,3,Presentation,,,,
1788582835197,2026-09-05 12:33:55,1300,42.17,42.166371178246834,75,3,1,Presentation,OFF,75,,,75,2,step,3,Presentation,,,,
1788582836198,2026-09-05 12:33:56,1302,42.11,42.166371178246834,75,3,1,Presentation,OFF,75,,,75,2,step,3,Presentation,,,,
1788582837198,2026-09-05 12:33:57,1301,42.14,42.166371178246834,75,3,1,Presentation,OFF,75,,,75,2,step,3,Presentation,,,,
1788582838199,2026-09-05 12:33:58,1302,42.11,42.166371178246834,75,3,1,Presentation,OFF,75,,,75,2,step,3,Presentation,,,,
1788582839200,2026-09-05 12:33:59,1302,42.11,42.24416810327199,75,3,1,Presentation,OFF,75,,,75,2,step,3,Presentation,,,,
1788582840202,2026-09-05 12:34:00,1299,42.19,42.24416810327199,75,3,1,Presentation,OFF,75,,,75,2,step,3,Presentation,,,,
1788582841203,2026-09-05 12:34:01,1300,42.17,42.24416810327199,75,3,1,Presentation,OFF,75,,,75,2,step,3,Presentation,,,,
1788582842204,2026-09-05 12:34:02,1300,42.17,42.24416810327199,75,3,1,Presentation,OFF,75,,,75,2,step,3,Presentation,,,,
1788582843205,2026-09-05 12:34:03,1299,42.19,42.24416810327199,75,3,1,Presentation,OFF,75,,,75,2,step,3,Presentation,,,,
1788582844207,2026-09-05 12:34:04,1301,42.14,42.24416810327199,75,3,1,Presentation,OFF,75,,,75,2,step,3,Presentation,,,,
1788582845208,2026-09-05 12:34:05,1299,42.19,42.24416810327199,75,3,1,Presentation,OFF,75,,,75,2,step,3,Presentation,,,,
1788582846208,2026-09-05 12:34:06,1301,42.14,42.24416810327199,75,3,1,Presentation,OFF,75,,,75,2,step,3,Presentation,,,,
1788582847209,2026-09-05 12:34:07,1291,42.40,42.24416810327199,75,3,1,Presentation,OFF,75,,,75,2,step,3,Presentation,,,,
1788582848212,2026-09-05 12:34:08,1297,42.24,42.24416810327199,75,3,1,Presentation,OFF,75,,,75,2,step,3,Presentation,,,,
1788582849213,2026-09-05 12:34:09,1299,42.19,42.24416810327199,75,3,1,Presentation,OFF,75,,,75,2,step,3,Presentation,,,,
1788582850214,2026-09-05 12:34:10,1300,42.17,42.24416810327199,75,3,1,Presentation,OFF,75,,,75,2,step,3,Presentation,,,,
1788582851214,2026-09-05 12:34:11,1301,42.14,42.24416810327199,75,3,1,Presentation,OFF,75,,,75,2,step,3,Presentation,,,,
1788582852215,2026-09-05 12:34:12,1300,42.17,42.24416810327199,75,3,1,Presentation,OFF,75,,,75,2,step,3,Presentation,,,,
1788582853215,2026-09-05 12:34:13,1307,41.99,42.24416810327199,75,3,1,Presentation,OFF,75,,,75,2,step,3,Presentation,,,,
1788582854217,2026-09-05 12:34:14,1302,42.11,42.166371178246834,75,3,1,Presentation,OFF,75,,,75,2,step,3,Presentation,,,,
1788582855219,2026-09-05 12:34:15,1300,42.17,42.166371178246834,75,3,1,Presentation,OFF,75,,,75,2,step,3,Presentation,,,,
1788582856220,2026-09-05 12:34:16,1301,42.14,42.166371178246834,75,3,1,Presentation,OFF,75,,,75,2,step,3,Presentation,,,,
1788582857222,2026-09-05 12:34:17,1299,42.19,42.166371178246834,75,3,1,Presentation,OFF,75,,,75,2,step,3,Presentation,,,,
1788582858223,2026-09-05 12:34:18,1299,42.19,42.166371178246834,75,3,1,Presentation,OFF,75,,,75,2,step,3,Presentation,,,,
1788582859225,2026-09-05 12:34:19,1300,42.17,42.166371178246834,75,3,1,Presentation,OFF,75,,,75,2,step,3,Presentation,,,,
1788582860227,2026-09-05 12:34:20,1299,42.19,42.166371178246834,75,3,1,Presentation,OFF,75,,,75,2,step,3,Presentation,,,,
1788582861229,2026-09-05 12:34:21,1298,42.22,42.166371178246834,75,3,1,Presentation,OFF,75,,,75,2,step,3,Presentation,,,,
1788582862230,2026-09-05 12:34:22,1299,42.19,42.166371178246834,75,3,1,Presentation,OFF,75,,,75,2,step,3,Presentation,,,,
1788582863231,2026-09-05 12:34:23,1299,42.19,42.166371178246834,75,3,1,Presentation,OFF,75,,,75,2,step,3,Presentation,,,,
1788582864231,2026-09-05 12:34:24,1297,42.24,42.166371178246834,75,3,1,Presentation,OFF,75,,,75,2,step,3,Presentation,,,,
1788582865233,2026-09-05 12:34:25,1300,42.17,42.166371178246834,75,3,1,Presentation,OFF,75,,,75,2,step,3,Presentation,,,,
1788582866234,2026-09-05 12:34:26,1307,41.99,42.166371178246834,75,3,1,Presentation,OFF,75,,,75,2,step,3,Presentation,,,,
1788582867234,2026-09-05 12:34:27,1297,42.24,42.166371178246834,75,3,1,Presentation,OFF,75,,,75,2,step,3,Presentation,,,,
1788582868235,2026-09-05 12:34:28,1301,42.14,42.166371178246834,75,3,1,Presentation,OFF,75,,,75,2,step,3,Presentation,,,,
1788582869237,2026-09-05 12:34:29,1300,42.17,42.19228852194209,75,3,1,Presentation,OFF,75,,,75,2,step,3,Presentation,,,,
1788582870237,2026-09-05 12:34:30,1299,42.19,42.19228852194209,75,3,1,Presentation,OFF,75,,,75,2,step,3,Presentation,,,,
1788582871238,2026-09-05 12:34:31,1300,42.17,42.19228852194209,75,3,1,Presentation,OFF,75,,,75,2,step,3,Presentation,,,,
1788582872239,2026-09-05 12:34:32,1299,42.19,42.19228852194209,75,3,1,Presentation,OFF,75,,,75,2,step,3,Presentation,,,,
1788582873239,2026-09-05 12:34:33,1298,42.22,42.19228852194209,75,3,1,Presentation,OFF,75,,,75,2,step,3,Presentation,,,,
1788582874243,2026-09-05 12:34:34,1298,42.22,42.19228852194209,75,3,1,Presentation,OFF,75,,,75,2,step,3,Presentation,,,,
1788582875243,2026-09-05 12:34:35,1299,42.19,42.19228852194209,75,3,1,Presentation,OFF,75,,,75,2,step,3,Presentation,,,,
1788582876246,2026-09-05 12:34:36,1298,42.22,42.19228852194209,75,3,1,Presentation,OFF,75,,,75,2,step,3,Presentation,,,,
1788582877247,2026-09-05 12:34:37,1298,42.22,42.19228852194209,75,3,1,Presentation,OFF,75,,,75,2,step,3,Presentation,,,,
1788582878249,2026-09-05 12:34:38,1295,42.30,42.19228852194209,75,3,1,Presentation,OFF,75,,,75,2,step,3,Presentation,,,,
1788582879250,2026-09-05 12:34:39,1297,42.24,42.19228852194209,75,3,1,Presentation,OFF,75,,,75,2,step,3,Presentation,,,,
1788582880251,2026-09-05 12:34:40,1298,42.22,42.19228852194209,75,3,1,Presentation,OFF,75,,,75,2,step,3,Presentation,,,,
1788582881253,2026-09-05 12:34:41,1299,42.19,42.19228852194209,75,3,1,Presentation,OFF,75,,,75,2,step,3,Presentation,,,,
1788582882254,2026-09-05 12:34:42,1295,42.30,42.19228852194209,75,3,1,Presentation,OFF,75,,,75,2,step,3,Presentation,,,,
1788582883255,2026-09-05 12:34:43,1298,42.22,42.19228852194209,75,3,1,Presentation,OFF,75,,,75,2,step,3,Presentation,,,,
1788582884257,2026-09-05 12:34:44,1295,42.30,42.29610773986366,75,3,1,Presentation,OFF,75,,,75,2,step,3,Presentation,,,,
1788582885258,2026-09-05 12:34:45,1300,42.17,42.29610773986366,75,3,1,Presentation,OFF,75,,,75,2,step,3,Presentation,,,,
1788582886259,2026-09-05 12:34:46,1296,42.27,42.29610773986366,75,3,1,Presentation,OFF,75,,,75,2,step,3,Presentation,,,,
1788582887260,2026-09-05 12:34:47,1298,42.22,42.29610773986366,75,3,1,Presentation,OFF,75,,,75,2,step,3,Presentation,,,,
1788582888262,2026-09-05 12:34:48,1298,42.22,42.29610773986366,75,3,1,Presentation,OFF,75,,,75,2,step,3,Presentation,,,,
1788582889263,2026-09-05 12:34:49,1296,42.27,42.29610773986366,75,3,1,Presentation,OFF,75,,,75,2,step,3,Presentation,,,,
1788582890265,2026-09-05 12:34:50,1298,42.22,42.29610773986366,75,3,1,Presentation,OFF,75,,,75,2,step,3,Presentation,,,,
1788582891266,2026-09-05 12:34:51,1296,42.27,42.29610773986366,75,3,1,Presentation,OFF,75,,,75,2,step,3,Presentation,,,,
1788582892266,2026-09-05 12:34:52,1294,42.32,42.29610773986366,75,3,1,Presentation,OFF,75,,,75,2,step,3,Presentation,,,,
1788582893267,2026-09-05 12:34:53,1297,42.24,42.29610773986366,75,3,1,Presentation,OFF,75,,,75,2,step,3,Presentation,,,,
1788582894268,2026-09-05 12:34:54,1298,42.22,42.29610773986366,75,3,1,Presentation,OFF,75,,,75,2,step,3,Presentation,,,,
1788582895270,2026-09-05 12:34:55,1297,42.24,42.29610773986366,75,3,1,Presentation,OFF,75,,,75,2,step,3,Presentation,,,,
1788582896270,2026-09-05 12:34:56,1295,42.30,42.29610773986366,75,3,1,Presentation,OFF,75,,,75,2,step,3,Presentation,,,,
1788582897272,2026-09-05 12:34:57,1296,42.27,42.29610773986366,75,3,1,Presentation,OFF,75,,,75,2,step,3,Presentation,,,,
1788582898273,2026-09-05 12:34:58,1304,42.06,42.29610773986366,75,3,1,Presentation,OFF,70,70,DLPC temp UNAVAILABLE,70,3,step,3,Presentation,step_end:settled;step_start duty=70 mode=Presentation;dlpc_unavailable,,,unavailable
1788582899274,2026-09-05 12:34:59,1296,42.27,42.06285076505759,70,3,1,Presentation,OFF,70,,,70,3,step,3,Presentation,,,,
1788582900275,2026-09-05 12:35:00,1295,42.30,42.06285076505759,70,3,1,Presentation,OFF,70,,,70,3,step,3,Presentation,,,,
1788582901277,2026-09-05 12:35:01,1298,42.22,42.06285076505759,70,3,1,Presentation,OFF,70,,,70,3,step,3,Presentation,,,,
1788582902278,2026-09-05 12:35:02,1295,42.30,42.06285076505759,70,3,1,Presentation,OFF,70,,,70,3,step,3,Presentation,,,,
1788582903279,2026-09-05 12:35:03,1298,42.22,42.06285076505759,70,3,1,Presentation,OFF,70,,,70,3,step,3,Presentation,,,,
1788582904281,2026-09-05 12:35:04,1294,42.32,42.06285076505759,70,3,1,Presentation,OFF,70,,,70,3,step,3,Presentation,,,,
1788582905282,2026-09-05 12:35:05,1296,42.27,42.06285076505759,70,3,1,Presentation,OFF,70,,,70,3,step,3,Presentation,,,,
1788582906283,2026-09-05 12:35:06,1295,42.30,42.06285076505759,70,3,1,Presentation,OFF,70,,,70,3,step,3,Presentation,,,,
1788582907284,2026-09-05 12:35:07,1293,42.35,42.06285076505759,70,3,1,Presentation,OFF,70,,,70,3,step,3,Presentation,,,,
1788582908286,2026-09-05 12:35:08,1295,42.30,42.06285076505759,70,3,1,Presentation,OFF,70,,,70,3,step,3,Presentation,,,,
1788582909287,2026-09-05 12:35:09,1294,42.32,42.06285076505759,70,3,1,Presentation,OFF,70,,,70,3,step,3,Presentation,,,,
1788582910287,2026-09-05 12:35:10,1296,42.27,42.06285076505759,70,3,1,Presentation,OFF,70,,,70,3,step,3,Presentation,,,,
1788582911288,2026-09-05 12:35:11,1294,42.32,42.06285076505759,70,3,1,Presentation,OFF,70,,,70,3,step,3,Presentation,,,,
1788582912289,2026-09-05 12:35:12,1293,42.35,42.06285076505759,70,3,1,Presentation,OFF,70,,,70,3,step,3,Presentation,,,,
1788582913291,2026-09-05 12:35:13,1293,42.35,42.06285076505759,70,3,1,Presentation,OFF,70,,,70,3,step,3,Presentation,,,,
1788582914292,2026-09-05 12:35:14,1293,42.35,42.29610773986366,70,3,1,Presentation,OFF,70,,,70,3,step,3,Presentation,,,,
1788582915292,2026-09-05 12:35:15,1292,42.37,42.29610773986366,70,3,1,Presentation,OFF,70,,,70,3,step,3,Presentation,,,,
1788582916294,2026-09-05 12:35:16,1295,42.30,42.29610773986366,70,3,1,Presentation,OFF,70,,,70,3,step,3,Presentation,,,,
1788582917294,2026-09-05 12:35:17,1293,42.35,42.29610773986366,70,3,1,Presentation,OFF,70,,,70,3,step,3,Presentation,,,,
1788582918296,2026-09-05 12:35:18,1293,42.35,42.29610773986366,70,3,1,Presentation,OFF,70,,,70,3,step,3,Presentation,,,,
1788582919297,2026-09-05 12:35:19,1291,42.40,42.29610773986366,70,3,1,Presentation,OFF,70,,,70,3,step,3,Presentation,,,,
1788582920298,2026-09-05 12:35:20,1293,42.35,42.29610773986366,70,3,1,Presentation,OFF,70,,,70,3,step,3,Presentation,,,,
1788582921299,2026-09-05 12:35:21,1293,42.35,42.29610773986366,70,3,1,Presentation,OFF,70,,,70,3,step,3,Presentation,,,,
1788582922301,2026-09-05 12:35:22,1292,42.37,42.29610773986366,70,3,1,Presentation,OFF,70,,,70,3,step,3,Presentation,,,,
1788582923301,2026-09-05 12:35:23,1290,42.43,42.29610773986366,70,3,1,Presentation,OFF,70,,,70,3,step,3,Presentation,,,,
1788582924303,2026-09-05 12:35:24,1291,42.40,42.29610773986366,70,3,1,Presentation,OFF,70,,,70,3,step,3,Presentation,,,,
1788582925304,2026-09-05 12:35:25,1289,42.45,42.29610773986366,70,3,1,Presentation,OFF,70,,,70,3,step,3,Presentation,,,,
1788582926306,2026-09-05 12:35:26,1290,42.43,42.29610773986366,70,3,1,Presentation,OFF,70,,,70,3,step,3,Presentation,,,,
1788582927307,2026-09-05 12:35:27,1289,42.45,42.29610773986366,70,3,1,Presentation,OFF,70,,,70,3,step,3,Presentation,,,,
1788582928307,2026-09-05 12:35:28,1284,42.58,42.29610773986366,70,3,1,Presentation,OFF,70,,,70,3,step,3,Presentation,,,,
1788582929309,2026-09-05 12:35:29,1287,42.50,42.58285987208757,70,3,1,Presentation,OFF,70,,,70,3,step,3,Presentation,,,,
1788582930309,2026-09-05 12:35:30,1289,42.45,42.58285987208757,70,3,1,Presentation,OFF,70,,,70,3,step,3,Presentation,,,,
1788582931311,2026-09-05 12:35:31,1287,42.50,42.58285987208757,70,3,1,Presentation,OFF,70,,,70,3,step,3,Presentation,,,,
1788582932313,2026-09-05 12:35:32,1290,42.43,42.58285987208757,70,3,1,Presentation,OFF,70,,,70,3,step,3,Presentation,,,,
1788582933314,2026-09-05 12:35:33,1288,42.48,42.58285987208757,70,3,1,Presentation,OFF,70,,,70,3,step,3,Presentation,,,,
1788582934314,2026-09-05 12:35:34,1289,42.45,42.58285987208757,70,3,1,Presentation,OFF,70,,,70,3,step,3,Presentation,,,,
1788582935316,2026-09-05 12:35:35,1287,42.50,42.58285987208757,70,3,1,Presentation,OFF,70,,,70,3,step,3,Presentation,,,,
1788582936317,2026-09-05 12:35:36,1286,42.53,42.58285987208757,70,3,1,Presentation,OFF,70,,,70,3,step,3,Presentation,,,,
1788582937319,2026-09-05 12:35:37,1285,42.56,42.58285987208757,70,3,1,Presentation,OFF,70,,,70,3,step,3,Presentation,,,,
1788582938320,2026-09-05 12:35:38,1287,42.50,42.58285987208757,70,3,1,Presentation,OFF,70,,,70,3,step,3,Presentation,,,,
1788582939322,2026-09-05 12:35:39,1288,42.48,42.58285987208757,70,3,1,Presentation,OFF,70,,,70,3,step,3,Presentation,,,,
1788582940322,2026-09-05 12:35:40,1287,42.50,42.58285987208757,70,3,1,Presentation,OFF,70,,,70,3,step,3,Presentation,,,,
1788582941323,2026-09-05 12:35:41,1285,42.56,42.58285987208757,70,3,1,Presentation,OFF,70,,,70,3,step,3,Presentation,,,,
1788582942325,2026-09-05 12:35:42,1286,42.53,42.58285987208757,70,3,1,Presentation,OFF,70,,,70,3,step,3,Presentation,,,,
1788582943324,2026-09-05 12:35:43,1286,42.53,42.58285987208757,70,3,1,Presentation,OFF,70,,,70,3,step,3,Presentation,,,,
1788582944324,2026-09-05 12:35:44,1289,42.45,42.53058566699161,70,3,1,Presentation,OFF,70,,,70,3,step,3,Presentation,,,,
1788582945326,2026-09-05 12:35:45,1285,42.56,42.53058566699161,70,3,1,Presentation,OFF,70,,,70,3,step,3,Presentation,,,,
1788582946328,2026-09-05 12:35:46,1285,42.56,42.53058566699161,70,3,1,Presentation,OFF,70,,,70,3,step,3,Presentation,,,,
1788582947329,2026-09-05 12:35:47,1286,42.53,42.53058566699161,70,3,1,Presentation,OFF,70,,,70,3,step,3,Presentation,,,,
1788582948329,2026-09-05 12:35:48,1286,42.53,42.53058566699161,70,3,1,Presentation,OFF,70,,,70,3,step,3,Presentation,,,,
1788582949330,2026-09-05 12:35:49,1286,42.53,42.53058566699161,70,3,1,Presentation,OFF,70,,,70,3,step,3,Presentation,,,,
1788582950331,2026-09-05 12:35:50,1282,42.64,42.53058566699161,70,3,1,Presentation,OFF,70,,,70,3,step,3,Presentation,,,,
1788582951331,2026-09-05 12:35:51,1286,42.53,42.53058566699161,70,3,1,Presentation,OFF,70,,,70,3,step,3,Presentation,,,,
1788582952333,2026-09-05 12:35:52,1283,42.61,42.53058566699161,70,3,1,Presentation,OFF,70,,,70,3,step,3,Presentation,,,,
1788582953334,2026-09-05 12:35:53,1284,42.58,42.53058566699161,70,3,1,Presentation,OFF,70,,,70,3,step,3,Presentation,,,,
1788582954334,2026-09-05 12:35:54,1285,42.56,42.53058566699161,70,3,1,Presentation,OFF,70,,,70,3,step,3,Presentation,,,,
1788582955335,2026-09-05 12:35:55,1285,42.56,42.53058566699161,70,3,1,Presentation,OFF,70,,,70,3,step,3,Presentation,,,,
1788582956337,2026-09-05 12:35:56,1287,42.50,42.53058566699161,70,3,1,Presentation,OFF,70,,,70,3,step,3,Presentation,,,,
1788582957339,2026-09-05 12:35:57,1284,42.58,42.53058566699161,70,3,1,Presentation,OFF,70,,,70,3,step,3,Presentation,,,,
1788582958339,2026-09-05 12:35:58,1284,42.58,42.53058566699161,70,3,1,Presentation,OFF,70,,,70,3,step,3,Presentation,,,,
1788582959341,2026-09-05 12:35:59,1284,42.58,42.58285987208757,70,3,1,Presentation,OFF,70,,,70,3,step,3,Presentation,,,,
1788582960342,2026-09-05 12:36:00,1284,42.58,42.58285987208757,70,3,1,Presentation,OFF,70,,,70,3,step,3,Presentation,,,,
1788582961343,2026-09-05 12:36:01,1283,42.61,42.58285987208757,70,3,1,Presentation,OFF,70,,,70,3,step,3,Presentation,,,,
1788582962343,2026-09-05 12:36:02,1282,42.64,42.58285987208757,70,3,1,Presentation,OFF,70,,,70,3,step,3,Presentation,,,,
1788582963345,2026-09-05 12:36:03,1282,42.64,42.58285987208757,70,3,1,Presentation,OFF,70,,,70,3,step,3,Presentation,,,,
1788582964345,2026-09-05 12:36:04,1283,42.61,42.58285987208757,70,3,1,Presentation,OFF,70,,,70,3,step,3,Presentation,,,,
1788582965347,2026-09-05 12:36:05,1285,42.56,42.58285987208757,70,3,1,Presentation,OFF,70,,,70,3,step,3,Presentation,,,,
1788582966347,2026-09-05 12:36:06,1285,42.56,42.58285987208757,70,3,1,Presentation,OFF,70,,,70,3,step,3,Presentation,,,,
1788582967349,2026-09-05 12:36:07,1282,42.64,42.58285987208757,70,3,1,Presentation,OFF,70,,,70,3,step,3,Presentation,,,,
1788582968350,2026-09-05 12:36:08,1281,42.66,42.58285987208757,70,3,1,Presentation,OFF,70,,,70,3,step,3,Presentation,,,,
1788582969351,2026-09-05 12:36:09,1279,42.71,42.58285987208757,70,3,1,Presentation,OFF,70,,,70,3,step,3,Presentation,,,,
1788582970351,2026-09-05 12:36:10,1281,42.66,42.58285987208757,70,3,1,Presentation,OFF,70,,,70,3,step,3,Presentation,,,,
1788582971353,2026-09-05 12:36:11,1281,42.66,42.58285987208757,70,3,1,Presentation,OFF,70,,,70,3,step,3,Presentation,,,,
1788582972354,2026-09-05 12:36:12,1283,42.61,42.58285987208757,70,3,1,Presentation,OFF,70,,,70,3,step,3,Presentation,,,,
1788582973355,2026-09-05 12:36:13,1281,42.66,42.58285987208757,70,3,1,Presentation,OFF,70,,,70,3,step,3,Presentation,,,,
1788582974356,2026-09-05 12:36:14,1281,42.66,42.7663064119547,70,3,1,Presentation,OFF,70,,,70,3,step,3,Presentation,,,,
1788582975357,2026-09-05 12:36:15,1282,42.64,42.7663064119547,70,3,1,Presentation,OFF,70,,,70,3,step,3,Presentation,,,,
1788582976358,2026-09-05 12:36:16,1279,42.71,42.7663064119547,70,3,1,Presentation,OFF,70,,,70,3,step,3,Presentation,,,,
1788582977359,2026-09-05 12:36:17,1282,42.64,42.7663064119547,70,3,1,Presentation,OFF,70,,,70,3,step,3,Presentation,,,,
1788582978359,2026-09-05 12:36:18,1281,42.66,42.7663064119547,70,3,1,Presentation,OFF,70,,,70,3,step,3,Presentation,,,,
1788582979360,2026-09-05 12:36:19,1279,42.71,42.7663064119547,70,3,1,Presentation,OFF,70,,,70,3,step,3,Presentation,,,,
1788582980361,2026-09-05 12:36:20,1277,42.77,42.7663064119547,70,3,1,Presentation,OFF,70,,,70,3,step,3,Presentation,,,,
1788582981361,2026-09-05 12:36:21,1282,42.64,42.7663064119547,70,3,1,Presentation,OFF,70,,,70,3,step,3,Presentation,,,,
1788582982362,2026-09-05 12:36:22,1277,42.77,42.7663064119547,70,3,1,Presentation,OFF,70,,,70,3,step,3,Presentation,,,,
1788582983363,2026-09-05 12:36:23,1282,42.64,42.7663064119547,70,3,1,Presentation,OFF,70,,,70,3,step,3,Presentation,,,,
1788582984365,2026-09-05 12:36:24,1278,42.74,42.7663064119547,70,3,1,Presentation,OFF,70,,,70,3,step,3,Presentation,,,,
1788582985365,2026-09-05 12:36:25,1281,42.66,42.7663064119547,70,3,1,Presentation,OFF,70,,,70,3,step,3,Presentation,,,,
1788582986367,2026-09-05 12:36:26,1277,42.77,42.7663064119547,70,3,1,Presentation,OFF,70,,,70,3,step,3,Presentation,,,,
1788582987369,2026-09-05 12:36:27,1281,42.66,42.7663064119547,70,3,1,Presentation,OFF,70,,,70,3,step,3,Presentation,,,,
1788582988370,2026-09-05 12:36:28,1278,42.74,42.7663064119547,70,3,1,Presentation,OFF,70,,,70,3,step,3,Presentation,,,,
1788582989370,2026-09-05 12:36:29,1278,42.74,42.74005315432129,70,3,1,Presentation,OFF,70,,,70,3,step,3,Presentation,,,,
1788582990371,2026-09-05 12:36:30,1282,42.64,42.74005315432129,70,3,1,Presentation,OFF,70,,,70,3,step,3,Presentation,,,,
1788582991373,2026-09-05 12:36:31,1280,42.69,42.74005315432129,70,3,1,Presentation,OFF,70,,,70,3,step,3,Presentation,,,,
1788582992377,2026-09-05 12:36:32,1282,42.64,42.74005315432129,70,3,1,Presentation,OFF,70,,,70,3,step,3,Presentation,,,,
1788582993376,2026-09-05 12:36:33,1276,42.79,42.74005315432129,70,3,1,Presentation,OFF,70,,,70,3,step,3,Presentation,,,,
1788582994377,2026-09-05 12:36:34,1276,42.79,42.74005315432129,70,3,1,Presentation,OFF,70,,,70,3,step,3,Presentation,,,,
1788582995379,2026-09-05 12:36:35,1281,42.66,42.74005315432129,70,3,1,Presentation,OFF,70,,,70,3,step,3,Presentation,,,,
1788582996379,2026-09-05 12:36:36,1277,42.77,42.74005315432129,70,3,1,Presentation,OFF,70,,,70,3,step,3,Presentation,,,,
1788582997380,2026-09-05 12:36:37,1275,42.82,42.74005315432129,70,3,1,Presentation,OFF,70,,,70,3,step,3,Presentation,,,,
1788582998382,2026-09-05 12:36:38,1275,42.82,42.74005315432129,70,3,1,Presentation,OFF,70,,,70,3,step,3,Presentation,,,,
1788582999383,2026-09-05 12:36:39,1280,42.69,42.74005315432129,70,3,1,Presentation,OFF,70,,,70,3,step,3,Presentation,,,,
1788583000384,2026-09-05 12:36:40,1280,42.69,42.74005315432129,70,3,1,Presentation,OFF,70,,,70,3,step,3,Presentation,,,,
1788583001385,2026-09-05 12:36:41,1277,42.77,42.74005315432129,70,3,1,Presentation,OFF,70,,,70,3,step,3,Presentation,,,,
1788583002386,2026-09-05 12:36:42,1275,42.82,42.74005315432129,70,3,1,Presentation,OFF,70,,,70,3,step,3,Presentation,,,,
1788583003386,2026-09-05 12:36:43,1277,42.77,42.74005315432129,70,3,1,Presentation,OFF,70,,,70,3,step,3,Presentation,,,,
1788583004389,2026-09-05 12:36:44,1278,42.74,42.7663064119547,70,3,1,Presentation,OFF,70,,,70,3,step,3,Presentation,,,,
1788583005390,2026-09-05 12:36:45,1276,42.79,42.7663064119547,70,3,1,Presentation,OFF,70,,,70,3,step,3,Presentation,,,,
1788583006391,2026-09-05 12:36:46,1276,42.79,42.7663064119547,70,3,1,Presentation,OFF,70,,,70,3,step,3,Presentation,,,,
1788583007393,2026-09-05 12:36:47,1277,42.77,42.7663064119547,70,3,1,Presentation,OFF,70,,,70,3,step,3,Presentation,,,,
1788583008394,2026-09-05 12:36:48,1278,42.74,42.7663064119547,70,3,1,Presentation,OFF,70,,,70,3,step,3,Presentation,,,,
1788583009394,2026-09-05 12:36:49,1280,42.69,42.7663064119547,70,3,1,Presentation,OFF,70,,,70,3,step,3,Presentation,,,,
1788583010394,2026-09-05 12:36:50,1275,42.82,42.7663064119547,70,3,1,Presentation,OFF,70,,,70,3,step,3,Presentation,,,,
1788583011394,2026-09-05 12:36:51,1279,42.71,42.7663064119547,70,3,1,Presentation,OFF,70,,,70,3,step,3,Presentation,,,,
1788583012395,2026-09-05 12:36:52,1278,42.74,42.7663064119547,70,3,1,Presentation,OFF,70,,,70,3,step,3,Presentation,,,,
1788583013397,2026-09-05 12:36:53,1273,42.87,42.7663064119547,70,3,1,Presentation,OFF,70,,,70,3,step,3,Presentation,,,,
1788583014397,2026-09-05 12:36:54,1275,42.82,42.7663064119547,70,3,1,Presentation,OFF,70,,,70,3,step,3,Presentation,,,,
1788583015398,2026-09-05 12:36:55,1274,42.85,42.7663064119547,70,3,1,Presentation,OFF,70,,,70,3,step,3,Presentation,,,,
1788583016399,2026-09-05 12:36:56,1276,42.79,42.7663064119547,70,3,1,Presentation,OFF,70,,,70,3,step,3,Presentation,,,,
1788583017401,2026-09-05 12:36:57,1275,42.82,42.7663064119547,70,3,1,Presentation,OFF,70,,,70,3,step,3,Presentation,,,,
1788583018401,2026-09-05 12:36:58,1277,42.77,42.7663064119547,70,3,1,Presentation,OFF,70,,,70,3,step,3,Presentation,,,,
1788583019403,2026-09-05 12:36:59,1275,42.82,42.84516001996661,70,3,1,Presentation,OFF,70,,,70,3,step,3,Presentation,,,,
1788583020405,2026-09-05 12:37:00,1277,42.77,42.84516001996661,70,3,1,Presentation,OFF,70,,,70,3,step,3,Presentation,,,,
1788583021406,2026-09-05 12:37:01,1274,42.85,42.84516001996661,70,3,1,Presentation,OFF,70,,,70,3,step,3,Presentation,,,,
1788583022407,2026-09-05 12:37:02,1276,42.79,42.84516001996661,70,3,1,Presentation,OFF,70,,,70,3,step,3,Presentation,,,,
1788583023408,2026-09-05 12:37:03,1276,42.79,42.84516001996661,70,3,1,Presentation,OFF,70,,,70,3,step,3,Presentation,,,,
1788583024410,2026-09-05 12:37:04,1274,42.85,42.84516001996661,70,3,1,Presentation,OFF,70,,,70,3,step,3,Presentation,,,,
1788583025411,2026-09-05 12:37:05,1274,42.85,42.84516001996661,70,3,1,Presentation,OFF,70,,,70,3,step,3,Presentation,,,,
1788583026411,2026-09-05 12:37:06,1276,42.79,42.84516001996661,70,3,1,Presentation,OFF,70,,,70,3,step,3,Presentation,,,,
1788583027413,2026-09-05 12:37:07,1274,42.85,42.84516001996661,70,3,1,Presentation,OFF,70,,,70,3,step,3,Presentation,,,,
1788583028414,2026-09-05 12:37:08,1273,42.87,42.84516001996661,70,3,1,Presentation,OFF,70,,,70,3,step,3,Presentation,,,,
1788583029414,2026-09-05 12:37:09,1274,42.85,42.84516001996661,70,3,1,Presentation,OFF,70,,,70,3,step,3,Presentation,,,,
1788583030415,2026-09-05 12:37:10,1274,42.85,42.84516001996661,70,3,1,Presentation,OFF,70,,,70,3,step,3,Presentation,,,,
1788583031417,2026-09-05 12:37:11,1274,42.85,42.84516001996661,70,3,1,Presentation,OFF,70,,,70,3,step,3,Presentation,,,,
1788583032418,2026-09-05 12:37:12,1275,42.82,42.84516001996661,70,3,1,Presentation,OFF,70,,,70,3,step,3,Presentation,,,,
1788583033420,2026-09-05 12:37:13,1272,42.90,42.84516001996661,70,3,1,Presentation,OFF,70,,,70,3,step,3,Presentation,,,,
1788583034421,2026-09-05 12:37:14,1275,42.82,42.8978075985238,70,3,1,Presentation,OFF,70,,,70,3,step,3,Presentation,,,,
1788583035423,2026-09-05 12:37:15,1276,42.79,42.8978075985238,70,3,1,Presentation,OFF,70,,,70,3,step,3,Presentation,,,,
1788583036424,2026-09-05 12:37:16,1274,42.85,42.8978075985238,70,3,1,Presentation,OFF,70,,,70,3,step,3,Presentation,,,,
1788583037426,2026-09-05 12:37:17,1272,42.90,42.8978075985238,70,3,1,Presentation,OFF,70,,,70,3,step,3,Presentation,,,,
1788583038427,2026-09-05 12:37:18,1274,42.85,42.8978075985238,70,3,1,Presentation,OFF,70,,,70,3,step,3,Presentation,,,,
1788583039429,2026-09-05 12:37:19,1275,42.82,42.8978075985238,70,3,1,Presentation,OFF,70,,,70,3,step,3,Presentation,,,,
1788583040431,2026-09-05 12:37:20,1273,42.87,42.8978075985238,70,3,1,Presentation,OFF,70,,,70,3,step,3,Presentation,,,,
1788583041431,2026-09-05 12:37:21,1272,42.90,42.8978075985238,70,3,1,Presentation,OFF,70,,,70,3,step,3,Presentation,,,,
1788583042433,2026-09-05 12:37:22,1273,42.87,42.8978075985238,70,3,1,Presentation,OFF,70,,,70,3,step,3,Presentation,,,,
1788583043433,2026-09-05 12:37:23,1274,42.85,42.8978075985238,70,3,1,Presentation,OFF,70,,,70,3,step,3,Presentation,,,,
1788583044435,2026-09-05 12:37:24,1274,42.85,42.8978075985238,70,3,1,Presentation,OFF,70,,,70,3,step,3,Presentation,,,,
1788583045438,2026-09-05 12:37:25,1274,42.85,42.8978075985238,70,3,1,Presentation,OFF,70,,,70,3,step,3,Presentation,,,,
1788583046439,2026-09-05 12:37:26,1264,43.11,42.8978075985238,70,3,1,Presentation,OFF,70,,,70,3,step,3,Presentation,,,,
1788583047440,2026-09-05 12:37:27,1274,42.85,42.8978075985238,70,3,1,Presentation,OFF,70,,,70,3,step,3,Presentation,,,,
1788583048441,2026-09-05 12:37:28,1274,42.85,42.8978075985238,70,3,1,Presentation,OFF,70,,,70,3,step,3,Presentation,,,,
1788583049442,2026-09-05 12:37:29,1273,42.87,42.84516001996661,70,3,1,Presentation,OFF,70,,,70,3,step,3,Presentation,,,,
1788583050443,2026-09-05 12:37:30,1273,42.87,42.84516001996661,70,3,1,Presentation,OFF,70,,,70,3,step,3,Presentation,,,,
1788583051445,2026-09-05 12:37:31,1274,42.85,42.84516001996661,70,3,1,Presentation,OFF,70,,,70,3,step,3,Presentation,,,,
1788583052446,2026-09-05 12:37:32,1273,42.87,42.84516001996661,70,3,1,Presentation,OFF,70,,,70,3,step,3,Presentation,,,,
1788583053447,2026-09-05 12:37:33,1273,42.87,42.84516001996661,70,3,1,Presentation,OFF,70,,,70,3,step,3,Presentation,,,,
1788583054448,2026-09-05 12:37:34,1272,42.90,42.84516001996661,70,3,1,Presentation,OFF,70,,,70,3,step,3,Presentation,,,,
1788583055448,2026-09-05 12:37:35,1270,42.95,42.84516001996661,70,3,1,Presentation,OFF,70,,,70,3,step,3,Presentation,,,,
1788583056450,2026-09-05 12:37:36,1272,42.90,42.84516001996661,70,3,1,Presentation,OFF,70,,,70,3,step,3,Presentation,,,,
1788583057452,2026-09-05 12:37:37,1271,42.92,42.84516001996661,70,3,1,Presentation,OFF,70,,,70,3,step,3,Presentation,,,,
1788583058453,2026-09-05 12:37:38,1271,42.92,42.84516001996661,70,3,1,Presentation,OFF,70,,,70,3,step,3,Presentation,,,,
1788583059454,2026-09-05 12:37:39,1273,42.87,42.84516001996661,70,3,1,Presentation,OFF,70,,,70,3,step,3,Presentation,,,,
1788583060456,2026-09-05 12:37:40,1271,42.92,42.84516001996661,70,3,1,Presentation,OFF,70,,,70,3,step,3,Presentation,,,,
1788583061456,2026-09-05 12:37:41,1273,42.87,42.84516001996661,70,3,1,Presentation,OFF,70,,,70,3,step,3,Presentation,,,,
1788583062458,2026-09-05 12:37:42,1271,42.92,42.84516001996661,70,3,1,Presentation,OFF,70,,,70,3,step,3,Presentation,,,,
1788583063458,2026-09-05 12:37:43,1269,42.98,42.84516001996661,70,3,1,Presentation,OFF,70,,,70,3,step,3,Presentation,,,,
1788583064460,2026-09-05 12:37:44,1270,42.95,42.97689735068241,70,3,1,Presentation,OFF,70,,,70,3,step,3,Presentation,,,,
1788583065461,2026-09-05 12:37:45,1271,42.92,42.97689735068241,70,3,1,Presentation,OFF,70,,,70,3,step,3,Presentation,,,,
1788583066463,2026-09-05 12:37:46,1271,42.92,42.97689735068241,70,3,1,Presentation,OFF,70,,,70,3,step,3,Presentation,,,,
1788583067464,2026-09-05 12:37:47,1270,42.95,42.97689735068241,70,3,1,Presentation,OFF,70,,,70,3,step,3,Presentation,,,,
1788583068465,2026-09-05 12:37:48,1271,42.92,42.97689735068241,70,3,1,Presentation,OFF,70,,,70,3,step,3,Presentation,,,,
1788583069467,2026-09-05 12:37:49,1274,42.85,42.97689735068241,70,3,1,Presentation,OFF,70,,,70,3,step,3,Presentation,,,,
1788583070469,2026-09-05 12:37:50,1272,42.90,42.97689735068241,70,3,1,Presentation,OFF,70,,,70,3,step,3,Presentation,,,,
1788583071470,2026-09-05 12:37:51,1270,42.95,42.97689735068241,70,3,1,Presentation,OFF,70,,,70,3,step,3,Presentation,,,,
1788583072471,2026-09-05 12:37:52,1270,42.95,42.97689735068241,70,3,1,Presentation,OFF,70,,,70,3,step,3,Presentation,,,,
1788583073472,2026-09-05 12:37:53,1271,42.92,42.97689735068241,70,3,1,Presentation,OFF,70,,,70,3,step,3,Presentation,,,,
1788583074473,2026-09-05 12:37:54,1269,42.98,42.97689735068241,70,3,1,Presentation,OFF,70,,,70,3,step,3,Presentation,,,,
1788583075474,2026-09-05 12:37:55,1270,42.95,42.97689735068241,70,3,1,Presentation,OFF,70,,,70,3,step,3,Presentation,,,,
1788583076474,2026-09-05 12:37:56,1269,42.98,42.97689735068241,70,3,1,Presentation,OFF,70,,,70,3,step,3,Presentation,,,,
1788583077475,2026-09-05 12:37:57,1268,43.00,42.97689735068241,70,3,1,Presentation,OFF,70,,,70,3,step,3,Presentation,,,,
1788583078477,2026-09-05 12:37:58,1271,42.92,42.97689735068241,70,3,1,Presentation,OFF,65,65,DLPC temp UNAVAILABLE,65,4,step,3,Presentation,step_end:settled;step_start duty=65 mode=Presentation;dlpc_unavailable,,,unavailable
1788583079478,2026-09-05 12:37:59,1268,43.00,42.924155033332966,65,3,1,Presentation,OFF,65,,,65,4,step,3,Presentation,,,,
1788583080478,2026-09-05 12:38:00,1267,43.03,42.924155033332966,65,3,1,Presentation,OFF,65,,,65,4,step,3,Presentation,,,,
1788583081479,2026-09-05 12:38:01,1269,42.98,42.924155033332966,65,3,1,Presentation,OFF,65,,,65,4,step,3,Presentation,,,,
1788583082480,2026-09-05 12:38:02,1269,42.98,42.924155033332966,65,3,1,Presentation,OFF,65,,,65,4,step,3,Presentation,,,,
1788583083481,2026-09-05 12:38:03,1270,42.95,42.924155033332966,65,3,1,Presentation,OFF,65,,,65,4,step,3,Presentation,,,,
1788583084482,2026-09-05 12:38:04,1272,42.90,42.924155033332966,65,3,1,Presentation,OFF,65,,,65,4,step,3,Presentation,,,,
1788583085483,2026-09-05 12:38:05,1268,43.00,42.924155033332966,65,3,1,Presentation,OFF,65,,,65,4,step,3,Presentation,,,,
1788583086485,2026-09-05 12:38:06,1269,42.98,42.924155033332966,65,3,1,Presentation,OFF,65,,,65,4,step,3,Presentation,,,,
1788583087486,2026-09-05 12:38:07,1268,43.00,42.924155033332966,65,3,1,Presentation,OFF,65,,,65,4,step,3,Presentation,,,,
1788583088486,2026-09-05 12:38:08,1268,43.00,42.924155033332966,65,3,1,Presentation,OFF,65,,,65,4,step,3,Presentation,,,,
1788583089486,2026-09-05 12:38:09,1273,42.87,42.924155033332966,65,3,1,Presentation,OFF,65,,,65,4,step,3,Presentation,,,,
1788583090487,2026-09-05 12:38:10,1268,43.00,42.924155033332966,65,3,1,Presentation,OFF,65,,,65,4,step,3,Presentation,,,,
1788583091488,2026-09-05 12:38:11,1267,43.03,42.924155033332966,65,3,1,Presentation,OFF,65,,,65,4,step,3,Presentation,,,,
1788583092488,2026-09-05 12:38:12,1266,43.06,42.924155033332966,65,3,1,Presentation,OFF,65,,,65,4,step,3,Presentation,,,,
1788583093489,2026-09-05 12:38:13,1268,43.00,42.924155033332966,65,3,1,Presentation,OFF,65,,,65,4,step,3,Presentation,,,,
1788583094490,2026-09-05 12:38:14,1266,43.06,43.00329229610975,59,3,1,Presentation,OFF,65,65,foreign_write 59 reassert(was 59),65,4,step,3,Presentation,foreign_write:59,,,
1788583095490,2026-09-05 12:38:15,1267,43.03,43.00329229610975,65,3,1,Presentation,OFF,65,,,65,4,step,3,Presentation,,,,
1788583096490,2026-09-05 12:38:16,1264,43.11,43.00329229610975,65,3,1,Presentation,OFF,65,,,65,4,step,3,Presentation,,,,
1788583097491,2026-09-05 12:38:17,1263,43.14,43.00329229610975,65,3,1,Presentation,OFF,65,,,65,4,step,3,Presentation,,,,
1788583098492,2026-09-05 12:38:18,1267,43.03,43.00329229610975,65,3,1,Presentation,OFF,65,,,65,4,step,3,Presentation,,,,
1788583099493,2026-09-05 12:38:19,1263,43.14,43.00329229610975,65,3,1,Presentation,OFF,65,,,65,4,step,3,Presentation,,,,
1788583100493,2026-09-05 12:38:20,1267,43.03,43.00329229610975,65,3,1,Presentation,OFF,65,,,65,4,step,3,Presentation,,,,
1788583101495,2026-09-05 12:38:21,1266,43.06,43.00329229610975,65,3,1,Presentation,OFF,65,,,65,4,step,3,Presentation,,,,
1788583102496,2026-09-05 12:38:22,1266,43.06,43.00329229610975,65,3,1,Presentation,OFF,65,,,65,4,step,3,Presentation,,,,
1788583103496,2026-09-05 12:38:23,1259,43.24,43.00329229610975,65,3,1,Presentation,OFF,65,,,65,4,step,3,Presentation,,,,
1788583104498,2026-09-05 12:38:24,1267,43.03,43.00329229610975,65,3,1,Presentation,OFF,65,,,65,4,step,3,Presentation,,,,
1788583105498,2026-09-05 12:38:25,1265,43.08,43.00329229610975,65,3,1,Presentation,OFF,65,,,65,4,step,3,Presentation,,,,
1788583106498,2026-09-05 12:38:26,1263,43.14,43.00329229610975,65,3,1,Presentation,OFF,65,,,65,4,step,3,Presentation,,,,
1788583107499,2026-09-05 12:38:27,1261,43.19,43.00329229610975,65,3,1,Presentation,OFF,65,,,65,4,step,3,Presentation,,,,
1788583108501,2026-09-05 12:38:28,1261,43.19,43.00329229610975,65,3,1,Presentation,OFF,65,,,65,4,step,3,Presentation,,,,
1788583109502,2026-09-05 12:38:29,1261,43.19,43.18850388714168,65,3,1,Presentation,OFF,65,,,65,4,step,3,Presentation,,,,
1788583110503,2026-09-05 12:38:30,1261,43.19,43.18850388714168,65,3,1,Presentation,OFF,65,,,65,4,step,3,Presentation,,,,
1788583111503,2026-09-05 12:38:31,1259,43.24,43.18850388714168,65,3,1,Presentation,OFF,65,,,65,4,step,3,Presentation,,,,
1788583112504,2026-09-05 12:38:32,1259,43.24,43.18850388714168,65,3,1,Presentation,OFF,65,,,65,4,step,3,Presentation,,,,
1788583113505,2026-09-05 12:38:33,1260,43.22,43.18850388714168,65,3,1,Presentation,OFF,65,,,65,4,step,3,Presentation,,,,
1788583114506,2026-09-05 12:38:34,1262,43.16,43.18850388714168,65,3,1,Presentation,OFF,65,,,65,4,step,3,Presentation,,,,
1788583115507,2026-09-05 12:38:35,1259,43.24,43.18850388714168,65,3,1,Presentation,OFF,65,,,65,4,step,3,Presentation,,,,
1788583116508,2026-09-05 12:38:36,1254,43.37,43.18850388714168,65,3,1,Presentation,OFF,65,,,65,4,step,3,Presentation,,,,
1788583117508,2026-09-05 12:38:37,1260,43.22,43.18850388714168,65,3,1,Presentation,OFF,65,,,65,4,step,3,Presentation,,,,
1788583118510,2026-09-05 12:38:38,1259,43.24,43.18850388714168,65,3,1,Presentation,OFF,65,,,65,4,step,3,Presentation,,,,
1788583119511,2026-09-05 12:38:39,1261,43.19,43.18850388714168,65,3,1,Presentation,OFF,65,,,65,4,step,3,Presentation,,,,
1788583120512,2026-09-05 12:38:40,1260,43.22,43.18850388714168,65,3,1,Presentation,OFF,65,,,65,4,step,3,Presentation,,,,
1788583121513,2026-09-05 12:38:41,1257,43.29,43.18850388714168,65,3,1,Presentation,OFF,65,,,65,4,step,3,Presentation,,,,
1788583122513,2026-09-05 12:38:42,1258,43.27,43.18850388714168,65,3,1,Presentation,OFF,65,,,65,4,step,3,Presentation,,,,
1788583123515,2026-09-05 12:38:43,1260,43.22,43.18850388714168,65,3,1,Presentation,OFF,65,,,65,4,step,3,Presentation,,,,
1788583124515,2026-09-05 12:38:44,1257,43.29,43.215026921361186,65,3,1,Presentation,OFF,65,,,65,4,step,3,Presentation,,,,
1788583125517,2026-09-05 12:38:45,1258,43.27,43.215026921361186,65,3,1,Presentation,OFF,65,,,65,4,step,3,Presentation,,,,
1788583126517,2026-09-05 12:38:46,1257,43.29,43.215026921361186,65,3,1,Presentation,OFF,65,,,65,4,step,3,Presentation,,,,
1788583127519,2026-09-05 12:38:47,1259,43.24,43.215026921361186,65,3,1,Presentation,OFF,65,,,65,4,step,3,Presentation,,,,
1788583128519,2026-09-05 12:38:48,1256,43.32,43.215026921361186,65,3,1,Presentation,OFF,65,,,65,4,step,3,Presentation,,,,
1788583129520,2026-09-05 12:38:49,1259,43.24,43.215026921361186,65,3,1,Presentation,OFF,65,,,65,4,step,3,Presentation,,,,
1788583130520,2026-09-05 12:38:50,1258,43.27,43.215026921361186,65,3,1,Presentation,OFF,65,,,65,4,step,3,Presentation,,,,
1788583131522,2026-09-05 12:38:51,1257,43.29,43.215026921361186,65,3,1,Presentation,OFF,65,,,65,4,step,3,Presentation,,,,
1788583132524,2026-09-05 12:38:52,1258,43.27,43.215026921361186,65,3,1,Presentation,OFF,65,,,65,4,step,3,Presentation,,,,
1788583133525,2026-09-05 12:38:53,1257,43.29,43.215026921361186,65,3,1,Presentation,OFF,65,,,65,4,step,3,Presentation,,,,
1788583134525,2026-09-05 12:38:54,1257,43.29,43.215026921361186,65,3,1,Presentation,OFF,65,,,65,4,step,3,Presentation,,,,
1788583135525,2026-09-05 12:38:55,1256,43.32,43.215026921361186,65,3,1,Presentation,OFF,65,,,65,4,step,3,Presentation,,,,
1788583136525,2026-09-05 12:38:56,1253,43.40,43.215026921361186,65,3,1,Presentation,OFF,65,,,65,4,step,3,Presentation,,,,
1788583137525,2026-09-05 12:38:57,1257,43.29,43.215026921361186,65,3,1,Presentation,OFF,65,,,65,4,step,3,Presentation,,,,
1788583138526,2026-09-05 12:38:58,1255,43.35,43.215026921361186,65,3,1,Presentation,OFF,65,,,65,4,step,3,Presentation,,,,
1788583139526,2026-09-05 12:38:59,1255,43.35,43.321280930783075,65,3,1,Presentation,OFF,65,,,65,4,step,3,Presentation,,,,
1788583140527,2026-09-05 12:39:00,1255,43.35,43.321280930783075,65,3,1,Presentation,OFF,65,,,65,4,step,3,Presentation,,,,
1788583141528,2026-09-05 12:39:01,1257,43.29,43.321280930783075,65,3,1,Presentation,OFF,65,,,65,4,step,3,Presentation,,,,
1788583142528,2026-09-05 12:39:02,1257,43.29,43.321280930783075,65,3,1,Presentation,OFF,65,,,65,4,step,3,Presentation,,,,
1788583143530,2026-09-05 12:39:03,1255,43.35,43.321280930783075,65,3,1,Presentation,OFF,65,,,65,4,step,3,Presentation,,,,
1788583144531,2026-09-05 12:39:04,1256,43.32,43.321280930783075,65,3,1,Presentation,OFF,65,,,65,4,step,3,Presentation,,,,
1788583145533,2026-09-05 12:39:05,1254,43.37,43.321280930783075,65,3,1,Presentation,OFF,65,,,65,4,step,3,Presentation,,,,
1788583146534,2026-09-05 12:39:06,1255,43.35,43.321280930783075,65,3,1,Presentation,OFF,65,,,65,4,step,3,Presentation,,,,
1788583147535,2026-09-05 12:39:07,1256,43.32,43.321280930783075,65,3,1,Presentation,OFF,65,,,65,4,step,3,Presentation,,,,
1788583148537,2026-09-05 12:39:08,1256,43.32,43.321280930783075,65,3,1,Presentation,OFF,65,,,65,4,step,3,Presentation,,,,
1788583149539,2026-09-05 12:39:09,1257,43.29,43.321280930783075,65,3,1,Presentation,OFF,65,,,65,4,step,3,Presentation,,,,
1788583150540,2026-09-05 12:39:10,1255,43.35,43.321280930783075,65,3,1,Presentation,OFF,65,,,65,4,step,3,Presentation,,,,
1788583151541,2026-09-05 12:39:11,1252,43.43,43.321280930783075,65,3,1,Presentation,OFF,65,,,65,4,step,3,Presentation,,,,
1788583152542,2026-09-05 12:39:12,1253,43.40,43.321280930783075,65,3,1,Presentation,OFF,65,,,65,4,step,3,Presentation,,,,
1788583153543,2026-09-05 12:39:13,1254,43.37,43.321280930783075,65,3,1,Presentation,OFF,65,,,65,4,step,3,Presentation,,,,
1788583154545,2026-09-05 12:39:14,1254,43.37,43.34788506298037,65,3,1,Presentation,OFF,65,,,65,4,step,3,Presentation,,,,
1788583155545,2026-09-05 12:39:15,1253,43.40,43.34788506298037,65,3,1,Presentation,OFF,65,,,65,4,step,3,Presentation,,,,
1788583156547,2026-09-05 12:39:16,1251,43.45,43.34788506298037,65,3,1,Presentation,OFF,65,,,65,4,step,3,Presentation,,,,
1788583157549,2026-09-05 12:39:17,1254,43.37,43.34788506298037,65,3,1,Presentation,OFF,65,,,65,4,step,3,Presentation,,,,
1788583158549,2026-09-05 12:39:18,1253,43.40,43.34788506298037,65,3,1,Presentation,OFF,65,,,65,4,step,3,Presentation,,,,
1788583159550,2026-09-05 12:39:19,1253,43.40,43.34788506298037,65,3,1,Presentation,OFF,65,,,65,4,step,3,Presentation,,,,
1788583160552,2026-09-05 12:39:20,1254,43.37,43.34788506298037,65,3,1,Presentation,OFF,65,,,65,4,step,3,Presentation,,,,
1788583161552,2026-09-05 12:39:21,1251,43.45,43.34788506298037,65,3,1,Presentation,OFF,65,,,65,4,step,3,Presentation,,,,
1788583162554,2026-09-05 12:39:22,1254,43.37,43.34788506298037,65,3,1,Presentation,OFF,65,,,65,4,step,3,Presentation,,,,
1788583163554,2026-09-05 12:39:23,1254,43.37,43.34788506298037,65,3,1,Presentation,OFF,65,,,65,4,step,3,Presentation,,,,
1788583164555,2026-09-05 12:39:24,1250,43.48,43.34788506298037,65,3,1,Presentation,OFF,65,,,65,4,step,3,Presentation,,,,
1788583165557,2026-09-05 12:39:25,1253,43.40,43.34788506298037,65,3,1,Presentation,OFF,65,,,65,4,step,3,Presentation,,,,
1788583166559,2026-09-05 12:39:26,1253,43.40,43.34788506298037,65,3,1,Presentation,OFF,65,,,65,4,step,3,Presentation,,,,
1788583167559,2026-09-05 12:39:27,1252,43.43,43.34788506298037,65,3,1,Presentation,OFF,65,,,65,4,step,3,Presentation,,,,
1788583168561,2026-09-05 12:39:28,1253,43.40,43.34788506298037,65,3,1,Presentation,OFF,65,,,65,4,step,3,Presentation,,,,
1788583169563,2026-09-05 12:39:29,1253,43.40,43.42779549141039,65,3,1,Presentation,OFF,65,,,65,4,step,3,Presentation,,,,
1788583170565,2026-09-05 12:39:30,1253,43.40,43.42779549141039,65,3,1,Presentation,OFF,65,,,65,4,step,3,Presentation,,,,
1788583171566,2026-09-05 12:39:31,1251,43.45,43.42779549141039,65,3,1,Presentation,OFF,65,,,65,4,step,3,Presentation,,,,
1788583172567,2026-09-05 12:39:32,1251,43.45,43.42779549141039,65,3,1,Presentation,OFF,65,,,65,4,step,3,Presentation,,,,
1788583173570,2026-09-05 12:39:33,1249,43.51,43.42779549141039,65,3,1,Presentation,OFF,65,,,65,4,step,3,Presentation,,,,
1788583174571,2026-09-05 12:39:34,1251,43.45,43.42779549141039,65,3,1,Presentation,OFF,65,,,65,4,step,3,Presentation,,,,
1788583175572,2026-09-05 12:39:35,1250,43.48,43.42779549141039,65,3,1,Presentation,OFF,65,,,65,4,step,3,Presentation,,,,
1788583176574,2026-09-05 12:39:36,1250,43.48,43.42779549141039,65,3,1,Presentation,OFF,65,,,65,4,step,3,Presentation,,,,
1788583177575,2026-09-05 12:39:37,1250,43.48,43.42779549141039,65,3,1,Presentation,OFF,65,,,65,4,step,3,Presentation,,,,
1788583178576,2026-09-05 12:39:38,1251,43.45,43.42779549141039,65,3,1,Presentation,OFF,65,,,65,4,step,3,Presentation,,,,
1788583179578,2026-09-05 12:39:39,1253,43.40,43.42779549141039,65,3,1,Presentation,OFF,65,,,65,4,step,3,Presentation,,,,
1788583180579,2026-09-05 12:39:40,1253,43.40,43.42779549141039,65,3,1,Presentation,OFF,65,,,65,4,step,3,Presentation,,,,
1788583181580,2026-09-05 12:39:41,1252,43.43,43.42779549141039,65,3,1,Presentation,OFF,65,,,65,4,step,3,Presentation,,,,
1788583182580,2026-09-05 12:39:42,1261,43.19,43.42779549141039,65,3,1,Presentation,OFF,65,,,65,4,step,3,Presentation,,,,
1788583183582,2026-09-05 12:39:43,1249,43.51,43.42779549141039,65,3,1,Presentation,OFF,65,,,65,4,step,3,Presentation,,,,
1788583184582,2026-09-05 12:39:44,1251,43.45,43.40114231064558,65,3,1,Presentation,OFF,65,,,65,4,step,3,Presentation,,,,
1788583185583,2026-09-05 12:39:45,1250,43.48,43.40114231064558,65,3,1,Presentation,OFF,65,,,65,4,step,3,Presentation,,,,
1788583186585,2026-09-05 12:39:46,1250,43.48,43.40114231064558,65,3,1,Presentation,OFF,65,,,65,4,step,3,Presentation,,,,
1788583187586,2026-09-05 12:39:47,1252,43.43,43.40114231064558,65,3,1,Presentation,OFF,65,,,65,4,step,3,Presentation,,,,
1788583188586,2026-09-05 12:39:48,1252,43.43,43.40114231064558,65,3,1,Presentation,OFF,65,,,65,4,step,3,Presentation,,,,
1788583189587,2026-09-05 12:39:49,1253,43.40,43.40114231064558,65,3,1,Presentation,OFF,65,,,65,4,step,3,Presentation,,,,
1788583190589,2026-09-05 12:39:50,1250,43.48,43.40114231064558,65,3,1,Presentation,OFF,65,,,65,4,step,3,Presentation,,,,
1788583191591,2026-09-05 12:39:51,1250,43.48,43.40114231064558,65,3,1,Presentation,OFF,65,,,65,4,step,3,Presentation,,,,
1788583192593,2026-09-05 12:39:52,1249,43.51,43.40114231064558,65,3,1,Presentation,OFF,65,,,65,4,step,3,Presentation,,,,
1788583193595,2026-09-05 12:39:53,1249,43.51,43.40114231064558,65,3,1,Presentation,OFF,65,,,65,4,step,3,Presentation,,,,
1788583194596,2026-09-05 12:39:54,1250,43.48,43.40114231064558,65,3,1,Presentation,OFF,65,,,65,4,step,3,Presentation,,,,
1788583195597,2026-09-05 12:39:55,1249,43.51,43.40114231064558,65,3,1,Presentation,OFF,65,,,65,4,step,3,Presentation,,,,
1788583196598,2026-09-05 12:39:56,1248,43.53,43.40114231064558,65,3,1,Presentation,OFF,65,,,65,4,step,3,Presentation,,,,
1788583197600,2026-09-05 12:39:57,1250,43.48,43.40114231064558,65,3,1,Presentation,OFF,65,,,65,4,step,3,Presentation,,,,
1788583198601,2026-09-05 12:39:58,1249,43.51,43.40114231064558,65,3,1,Presentation,OFF,65,,,65,4,step,3,Presentation,,,,
1788583199601,2026-09-05 12:39:59,1249,43.51,43.5345726927726,65,3,1,Presentation,OFF,65,,,65,4,step,3,Presentation,,,,
1788583200602,2026-09-05 12:40:00,1247,43.56,43.5345726927726,65,3,1,Presentation,OFF,65,,,65,4,step,3,Presentation,,,,
1788583201604,2026-09-05 12:40:01,1249,43.51,43.5345726927726,65,3,1,Presentation,OFF,65,,,65,4,step,3,Presentation,,,,
1788583202605,2026-09-05 12:40:02,1249,43.51,43.5345726927726,65,3,1,Presentation,OFF,65,,,65,4,step,3,Presentation,,,,
1788583203606,2026-09-05 12:40:03,1247,43.56,43.5345726927726,65,3,1,Presentation,OFF,65,,,65,4,step,3,Presentation,,,,
1788583204607,2026-09-05 12:40:04,1251,43.45,43.5345726927726,65,3,1,Presentation,OFF,65,,,65,4,step,3,Presentation,,,,
1788583205607,2026-09-05 12:40:05,1246,43.59,43.5345726927726,65,3,1,Presentation,OFF,65,,,65,4,step,3,Presentation,,,,
1788583206609,2026-09-05 12:40:06,1247,43.56,43.5345726927726,65,3,1,Presentation,OFF,65,,,65,4,step,3,Presentation,,,,
1788583207610,2026-09-05 12:40:07,1250,43.48,43.5345726927726,65,3,1,Presentation,OFF,65,,,65,4,step,3,Presentation,,,,
1788583208611,2026-09-05 12:40:08,1249,43.51,43.5345726927726,65,3,1,Presentation,OFF,65,,,65,4,step,3,Presentation,,,,
1788583209612,2026-09-05 12:40:09,1248,43.53,43.5345726927726,65,3,1,Presentation,OFF,65,,,65,4,step,3,Presentation,,,,
1788583210613,2026-09-05 12:40:10,1245,43.61,43.5345726927726,65,3,1,Presentation,OFF,65,,,65,4,step,3,Presentation,,,,
1788583211613,2026-09-05 12:40:11,1250,43.48,43.5345726927726,65,3,1,Presentation,OFF,65,,,65,4,step,3,Presentation,,,,
1788583212615,2026-09-05 12:40:12,1251,43.45,43.5345726927726,65,3,1,Presentation,OFF,65,,,65,4,step,3,Presentation,,,,
1788583213616,2026-09-05 12:40:13,1248,43.53,43.5345726927726,65,3,1,Presentation,OFF,65,,,65,4,step,3,Presentation,,,,
1788583214617,2026-09-05 12:40:14,1247,43.56,43.48115113062829,65,3,1,Presentation,OFF,65,,,65,4,step,3,Presentation,,,,
1788583215618,2026-09-05 12:40:15,1247,43.56,43.48115113062829,65,3,1,Presentation,OFF,65,,,65,4,step,3,Presentation,,,,
1788583216619,2026-09-05 12:40:16,1245,43.61,43.48115113062829,65,3,1,Presentation,OFF,65,,,65,4,step,3,Presentation,,,,
1788583217621,2026-09-05 12:40:17,1249,43.51,43.48115113062829,65,3,1,Presentation,OFF,65,,,65,4,step,3,Presentation,,,,
1788583218622,2026-09-05 12:40:18,1250,43.48,43.48115113062829,65,3,1,Presentation,OFF,65,,,65,4,step,3,Presentation,,,,
1788583219623,2026-09-05 12:40:19,1246,43.59,43.48115113062829,65,3,1,Presentation,OFF,65,,,65,4,step,3,Presentation,,,,
1788583220624,2026-09-05 12:40:20,1247,43.56,43.48115113062829,65,3,1,Presentation,OFF,65,,,65,4,step,3,Presentation,,,,
1788583221626,2026-09-05 12:40:21,1246,43.59,43.48115113062829,65,3,1,Presentation,OFF,65,,,65,4,step,3,Presentation,,,,
1788583222626,2026-09-05 12:40:22,1247,43.56,43.48115113062829,65,3,1,Presentation,OFF,65,,,65,4,step,3,Presentation,,,,
1788583223628,2026-09-05 12:40:23,1248,43.53,43.48115113062829,65,3,1,Presentation,OFF,65,,,65,4,step,3,Presentation,,,,
1788583224629,2026-09-05 12:40:24,1247,43.56,43.48115113062829,65,3,1,Presentation,OFF,65,,,65,4,step,3,Presentation,,,,
1788583225631,2026-09-05 12:40:25,1245,43.61,43.48115113062829,65,3,1,Presentation,OFF,65,,,65,4,step,3,Presentation,,,,
1788583226631,2026-09-05 12:40:26,1245,43.61,43.48115113062829,65,3,1,Presentation,OFF,65,,,65,4,step,3,Presentation,,,,
1788583227633,2026-09-05 12:40:27,1246,43.59,43.48115113062829,65,3,1,Presentation,OFF,65,,,65,4,step,3,Presentation,,,,
1788583228635,2026-09-05 12:40:28,1248,43.53,43.48115113062829,65,3,1,Presentation,OFF,65,,,65,4,step,3,Presentation,,,,
1788583229635,2026-09-05 12:40:29,1247,43.56,43.5345726927726,65,3,1,Presentation,OFF,65,,,65,4,step,3,Presentation,,,,
1788583230637,2026-09-05 12:40:30,1245,43.61,43.5345726927726,65,3,1,Presentation,OFF,65,,,65,4,step,3,Presentation,,,,
1788583231639,2026-09-05 12:40:31,1256,43.32,43.5345726927726,65,3,1,Presentation,OFF,65,,,65,4,step,3,Presentation,,,,
1788583232639,2026-09-05 12:40:32,1249,43.51,43.5345726927726,65,3,1,Presentation,OFF,65,,,65,4,step,3,Presentation,,,,
1788583233642,2026-09-05 12:40:33,1249,43.51,43.5345726927726,65,3,1,Presentation,OFF,65,,,65,4,step,3,Presentation,,,,
1788583234643,2026-09-05 12:40:34,1245,43.61,43.5345726927726,65,3,1,Presentation,OFF,65,,,65,4,step,3,Presentation,,,,
1788583235643,2026-09-05 12:40:35,1248,43.53,43.5345726927726,65,3,1,Presentation,OFF,65,,,65,4,step,3,Presentation,,,,
1788583236645,2026-09-05 12:40:36,1245,43.61,43.5345726927726,65,3,1,Presentation,OFF,65,,,65,4,step,3,Presentation,,,,
1788583237645,2026-09-05 12:40:37,1244,43.64,43.5345726927726,65,3,1,Presentation,OFF,65,,,65,4,step,3,Presentation,,,,
1788583238647,2026-09-05 12:40:38,1245,43.61,43.5345726927726,65,3,1,Presentation,OFF,65,,,65,4,step,3,Presentation,,,,
1788583239649,2026-09-05 12:40:39,1247,43.56,43.5345726927726,65,3,1,Presentation,OFF,65,,,65,4,step,3,Presentation,,,,
1788583240650,2026-09-05 12:40:40,1246,43.59,43.5345726927726,65,3,1,Presentation,OFF,65,,,65,4,step,3,Presentation,,,,
1788583241650,2026-09-05 12:40:41,1248,43.53,43.5345726927726,65,3,1,Presentation,OFF,65,,,65,4,step,3,Presentation,,,,
1788583242652,2026-09-05 12:40:42,1249,43.51,43.5345726927726,65,3,1,Presentation,OFF,65,,,65,4,step,3,Presentation,,,,
1788583243653,2026-09-05 12:40:43,1242,43.70,43.5345726927726,65,3,1,Presentation,OFF,65,,,65,4,step,3,Presentation,,,,
1788583244656,2026-09-05 12:40:44,1247,43.56,43.695235566181054,65,3,1,Presentation,OFF,65,,,65,4,step,3,Presentation,,,,
1788583245662,2026-09-05 12:40:45,1245,43.61,43.695235566181054,65,3,1,Presentation,OFF,65,,,65,4,step,3,Presentation,,,,
1788583246662,2026-09-05 12:40:46,1245,43.61,43.695235566181054,65,3,1,Presentation,OFF,65,,,65,4,step,3,Presentation,,,,
1788583247665,2026-09-05 12:40:47,1243,43.67,43.695235566181054,65,3,1,Presentation,OFF,65,,,65,4,step,3,Presentation,,,,
1788583248667,2026-09-05 12:40:48,1246,43.59,43.695235566181054,65,3,1,Presentation,OFF,65,,,65,4,step,3,Presentation,,,,
1788583249667,2026-09-05 12:40:49,1244,43.64,43.695235566181054,65,3,1,Presentation,OFF,65,,,65,4,step,3,Presentation,,,,
1788583250669,2026-09-05 12:40:50,1245,43.61,43.695235566181054,65,3,1,Presentation,OFF,65,,,65,4,step,3,Presentation,,,,
1788583251670,2026-09-05 12:40:51,1242,43.70,43.695235566181054,65,3,1,Presentation,OFF,65,,,65,4,step,3,Presentation,,,,
1788583252672,2026-09-05 12:40:52,1245,43.61,43.695235566181054,65,3,1,Presentation,OFF,65,,,65,4,step,3,Presentation,,,,
1788583253672,2026-09-05 12:40:53,1246,43.59,43.695235566181054,65,3,1,Presentation,OFF,65,,,65,4,step,3,Presentation,,,,
1788583254674,2026-09-05 12:40:54,1243,43.67,43.695235566181054,65,3,1,Presentation,OFF,65,,,65,4,step,3,Presentation,,,,
1788583255675,2026-09-05 12:40:55,1244,43.64,43.695235566181054,65,3,1,Presentation,OFF,65,,,65,4,step,3,Presentation,,,,
1788583256676,2026-09-05 12:40:56,1245,43.61,43.695235566181054,65,3,1,Presentation,OFF,65,,,65,4,step,3,Presentation,,,,
1788583257677,2026-09-05 12:40:57,1245,43.61,43.695235566181054,65,3,1,Presentation,OFF,65,,,65,4,step,3,Presentation,,,,
1788583258679,2026-09-05 12:40:58,1245,43.61,43.614829219997546,65,3,1,Presentation,OFF,60,60,DLPC temp UNAVAILABLE,60,5,step,3,Presentation,step_end:settled;step_start duty=60 mode=Presentation;dlpc_unavailable,,,unavailable
1788583259679,2026-09-05 12:40:59,1245,43.61,43.614829219997546,60,3,1,Presentation,OFF,60,,,60,5,step,3,Presentation,,,,
1788583260681,2026-09-05 12:41:00,1243,43.67,43.614829219997546,60,3,1,Presentation,OFF,60,,,60,5,step,3,Presentation,,,,
1788583261681,2026-09-05 12:41:01,1244,43.64,43.614829219997546,60,3,1,Presentation,OFF,60,,,60,5,step,3,Presentation,,,,
1788583262683,2026-09-05 12:41:02,1245,43.61,43.614829219997546,60,3,1,Presentation,OFF,60,,,60,5,step,3,Presentation,,,,
1788583263684,2026-09-05 12:41:03,1251,43.45,43.614829219997546,60,3,1,Presentation,OFF,60,,,60,5,step,3,Presentation,,,,
1788583264686,2026-09-05 12:41:04,1242,43.70,43.614829219997546,60,3,1,Presentation,OFF,60,,,60,5,step,3,Presentation,,,,
1788583265688,2026-09-05 12:41:05,1243,43.67,43.614829219997546,60,3,1,Presentation,OFF,60,,,60,5,step,3,Presentation,,,,
1788583266689,2026-09-05 12:41:06,1245,43.61,43.614829219997546,60,3,1,Presentation,OFF,60,,,60,5,step,3,Presentation,,,,
1788583267690,2026-09-05 12:41:07,1242,43.70,43.614829219997546,60,3,1,Presentation,OFF,60,,,60,5,step,3,Presentation,,,,
1788583268692,2026-09-05 12:41:08,1241,43.72,43.614829219997546,60,3,1,Presentation,OFF,60,,,60,5,step,3,Presentation,,,,
1788583269693,2026-09-05 12:41:09,1244,43.64,43.614829219997546,60,3,1,Presentation,OFF,60,,,60,5,step,3,Presentation,,,,
1788583270693,2026-09-05 12:41:10,1240,43.75,43.614829219997546,60,3,1,Presentation,OFF,60,,,60,5,step,3,Presentation,,,,
1788583271695,2026-09-05 12:41:11,1239,43.78,43.614829219997546,60,3,1,Presentation,OFF,60,,,60,5,step,3,Presentation,,,,
1788583272695,2026-09-05 12:41:12,1239,43.78,43.614829219997546,60,3,1,Presentation,OFF,60,,,60,5,step,3,Presentation,,,,
1788583273697,2026-09-05 12:41:13,1239,43.78,43.77579263516742,60,3,1,Presentation,OFF,60,,,60,5,step,3,Presentation,,,,
1788583274698,2026-09-05 12:41:14,1235,43.88,43.77579263516742,60,3,1,Presentation,OFF,60,,,60,5,step,3,Presentation,,,,
1788583275699,2026-09-05 12:41:15,1239,43.78,43.77579263516742,60,3,1,Presentation,OFF,60,,,60,5,step,3,Presentation,,,,
1788583276699,2026-09-05 12:41:16,1238,43.80,43.77579263516742,60,3,1,Presentation,OFF,60,,,60,5,step,3,Presentation,,,,
1788583277701,2026-09-05 12:41:17,1238,43.80,43.77579263516742,60,3,1,Presentation,OFF,60,,,60,5,step,3,Presentation,,,,
1788583278701,2026-09-05 12:41:18,1240,43.75,43.77579263516742,60,3,1,Presentation,OFF,60,,,60,5,step,3,Presentation,,,,
1788583279703,2026-09-05 12:41:19,1239,43.78,43.77579263516742,60,3,1,Presentation,OFF,60,,,60,5,step,3,Presentation,,,,
1788583280704,2026-09-05 12:41:20,1239,43.78,43.77579263516742,60,3,1,Presentation,OFF,60,,,60,5,step,3,Presentation,,,,
1788583281706,2026-09-05 12:41:21,1238,43.80,43.77579263516742,60,3,1,Presentation,OFF,60,,,60,5,step,3,Presentation,,,,
1788583282706,2026-09-05 12:41:22,1238,43.80,43.77579263516742,60,3,1,Presentation,OFF,60,,,60,5,step,3,Presentation,,,,
1788583283708,2026-09-05 12:41:23,1237,43.83,43.77579263516742,60,3,1,Presentation,OFF,60,,,60,5,step,3,Presentation,,,,
1788583284708,2026-09-05 12:41:24,1237,43.83,43.77579263516742,60,3,1,Presentation,OFF,60,,,60,5,step,3,Presentation,,,,
1788583285710,2026-09-05 12:41:25,1238,43.80,43.77579263516742,60,3,1,Presentation,OFF,60,,,60,5,step,3,Presentation,,,,
1788583286710,2026-09-05 12:41:26,1226,44.13,43.77579263516742,60,3,1,Presentation,OFF,60,,,60,5,step,3,Presentation,,,,
1788583287712,2026-09-05 12:41:27,1235,43.88,43.77579263516742,60,3,1,Presentation,OFF,60,,,60,5,step,3,Presentation,,,,
1788583288713,2026-09-05 12:41:28,1235,43.88,43.77579263516742,60,3,1,Presentation,OFF,60,,,60,5,step,3,Presentation,,,,
1788583289715,2026-09-05 12:41:29,1235,43.88,43.883438092609424,60,3,1,Presentation,OFF,60,,,60,5,step,3,Presentation,,,,
1788583290717,2026-09-05 12:41:30,1237,43.83,43.883438092609424,60,3,1,Presentation,OFF,60,,,60,5,step,3,Presentation,,,,
1788583291719,2026-09-05 12:41:31,1234,43.91,43.883438092609424,60,3,1,Presentation,OFF,60,,,60,5,step,3,Presentation,,,,
1788583292719,2026-09-05 12:41:32,1235,43.88,43.883438092609424,60,3,1,Presentation,OFF,60,,,60,5,step,3,Presentation,,,,
1788583293720,2026-09-05 12:41:33,1237,43.83,43.883438092609424,60,3,1,Presentation,OFF,60,,,60,5,step,3,Presentation,,,,
1788583294722,2026-09-05 12:41:34,1236,43.86,43.883438092609424,60,3,1,Presentation,OFF,60,,,60,5,step,3,Presentation,,,,
1788583295723,2026-09-05 12:41:35,1235,43.88,43.883438092609424,60,3,1,Presentation,OFF,60,,,60,5,step,3,Presentation,,,,
1788583296725,2026-09-05 12:41:36,1234,43.91,43.883438092609424,60,3,1,Presentation,OFF,60,,,60,5,step,3,Presentation,,,,
1788583297726,2026-09-05 12:41:37,1234,43.91,43.883438092609424,60,3,1,Presentation,OFF,60,,,60,5,step,3,Presentation,,,,
1788583298726,2026-09-05 12:41:38,1233,43.94,43.883438092609424,60,3,1,Presentation,OFF,60,,,60,5,step,3,Presentation,,,,
1788583299728,2026-09-05 12:41:39,1233,43.94,43.883438092609424,60,3,1,Presentation,OFF,60,,,60,5,step,3,Presentation,,,,
1788583300729,2026-09-05 12:41:40,1235,43.88,43.883438092609424,60,3,1,Presentation,OFF,60,,,60,5,step,3,Presentation,,,,
1788583301730,2026-09-05 12:41:41,1231,43.99,43.883438092609424,60,3,1,Presentation,OFF,60,,,60,5,step,3,Presentation,,,,
1788583302731,2026-09-05 12:41:42,1233,43.94,43.883438092609424,60,3,1,Presentation,OFF,60,,,60,5,step,3,Presentation,,,,
1788583303732,2026-09-05 12:41:43,1235,43.88,43.883438092609424,60,3,1,Presentation,OFF,60,,,60,5,step,3,Presentation,,,,
1788583304734,2026-09-05 12:41:44,1229,44.05,43.883438092609424,60,3,1,Presentation,OFF,60,,,60,5,step,3,Presentation,,,,
1788583305734,2026-09-05 12:41:45,1234,43.91,43.883438092609424,60,3,1,Presentation,OFF,60,,,60,5,step,3,Presentation,,,,
1788583306735,2026-09-05 12:41:46,1232,43.96,43.883438092609424,60,3,1,Presentation,OFF,60,,,60,5,step,3,Presentation,,,,
1788583307737,2026-09-05 12:41:47,1233,43.94,43.883438092609424,60,3,1,Presentation,OFF,60,,,60,5,step,3,Presentation,,,,
1788583308738,2026-09-05 12:41:48,1234,43.91,43.883438092609424,60,3,1,Presentation,OFF,60,,,60,5,step,3,Presentation,,,,
1788583309739,2026-09-05 12:41:49,1230,44.02,43.883438092609424,60,3,1,Presentation,OFF,60,,,60,5,step,3,Presentation,,,,
1788583310740,2026-09-05 12:41:50,1231,43.99,43.883438092609424,60,3,1,Presentation,OFF,60,,,60,5,step,3,Presentation,,,,
1788583311742,2026-09-05 12:41:51,1231,43.99,43.883438092609424,60,3,1,Presentation,OFF,60,,,60,5,step,3,Presentation,,,,
1788583312742,2026-09-05 12:41:52,1231,43.99,43.883438092609424,60,3,1,Presentation,OFF,60,,,60,5,step,3,Presentation,,,,
1788583313744,2026-09-05 12:41:53,1229,44.05,43.883438092609424,60,3,1,Presentation,OFF,60,,,60,5,step,3,Presentation,,,,
1788583314745,2026-09-05 12:41:54,1222,44.24,43.883438092609424,60,3,1,Presentation,OFF,60,,,60,5,step,3,Presentation,,,,
1788583315746,2026-09-05 12:41:55,1231,43.99,43.883438092609424,60,3,1,Presentation,OFF,60,,,60,5,step,3,Presentation,,,,
1788583316747,2026-09-05 12:41:56,1231,43.99,43.883438092609424,60,3,1,Presentation,OFF,60,,,60,5,step,3,Presentation,,,,
1788583317748,2026-09-05 12:41:57,1231,43.99,43.883438092609424,60,3,1,Presentation,OFF,60,,,60,5,step,3,Presentation,,,,
1788583318749,2026-09-05 12:41:58,1227,44.10,44.099546445963654,60,3,1,Presentation,OFF,60,,,60,5,step,3,Presentation,,,,
1788583319749,2026-09-05 12:41:59,1232,43.96,44.099546445963654,59,3,1,Presentation,OFF,60,60,foreign_write 59 reassert(was 59),60,5,step,3,Presentation,foreign_write:59,,,
1788583320750,2026-09-05 12:42:00,1228,44.07,44.099546445963654,60,3,1,Presentation,OFF,60,,,60,5,step,3,Presentation,,,,
1788583321750,2026-09-05 12:42:01,1229,44.05,44.099546445963654,60,3,1,Presentation,OFF,60,,,60,5,step,3,Presentation,,,,
1788583322751,2026-09-05 12:42:02,1230,44.02,44.099546445963654,60,3,1,Presentation,OFF,60,,,60,5,step,3,Presentation,,,,
1788583323752,2026-09-05 12:42:03,1229,44.05,44.099546445963654,60,3,1,Presentation,OFF,60,,,60,5,step,3,Presentation,,,,
1788583324754,2026-09-05 12:42:04,1227,44.10,44.099546445963654,60,3,1,Presentation,OFF,60,,,60,5,step,3,Presentation,,,,
1788583325755,2026-09-05 12:42:05,1226,44.13,44.099546445963654,60,3,1,Presentation,OFF,60,,,60,5,step,3,Presentation,,,,
1788583326755,2026-09-05 12:42:06,1228,44.07,44.099546445963654,60,3,1,Presentation,OFF,60,,,60,5,step,3,Presentation,,,,
1788583327757,2026-09-05 12:42:07,1229,44.05,44.099546445963654,60,3,1,Presentation,OFF,60,,,60,5,step,3,Presentation,,,,
1788583328757,2026-09-05 12:42:08,1229,44.05,44.099546445963654,60,3,1,Presentation,OFF,60,,,60,5,step,3,Presentation,,,,
1788583329759,2026-09-05 12:42:09,1226,44.13,44.099546445963654,60,3,1,Presentation,OFF,60,,,60,5,step,3,Presentation,,,,
1788583330759,2026-09-05 12:42:10,1228,44.07,44.099546445963654,60,3,1,Presentation,OFF,60,,,60,5,step,3,Presentation,,,,
1788583331761,2026-09-05 12:42:11,1229,44.05,44.099546445963654,60,3,1,Presentation,OFF,60,,,60,5,step,3,Presentation,,,,
1788583332761,2026-09-05 12:42:12,1226,44.13,44.099546445963654,60,3,1,Presentation,OFF,60,,,60,5,step,3,Presentation,,,,
1788583333762,2026-09-05 12:42:13,1226,44.13,44.126637296525416,60,3,1,Presentation,OFF,60,,,60,5,step,3,Presentation,,,,
1788583334763,2026-09-05 12:42:14,1227,44.10,44.126637296525416,60,3,1,Presentation,OFF,60,,,60,5,step,3,Presentation,,,,
1788583335765,2026-09-05 12:42:15,1225,44.15,44.126637296525416,60,3,1,Presentation,OFF,60,,,60,5,step,3,Presentation,,,,
1788583336765,2026-09-05 12:42:16,1228,44.07,44.126637296525416,60,3,1,Presentation,OFF,60,,,60,5,step,3,Presentation,,,,
1788583337765,2026-09-05 12:42:17,1227,44.10,44.126637296525416,60,3,1,Presentation,OFF,60,,,60,5,step,3,Presentation,,,,
1788583338767,2026-09-05 12:42:18,1229,44.05,44.126637296525416,60,3,1,Presentation,OFF,60,,,60,5,step,3,Presentation,,,,
1788583339767,2026-09-05 12:42:19,1227,44.10,44.126637296525416,60,3,1,Presentation,OFF,60,,,60,5,step,3,Presentation,,,,
1788583340768,2026-09-05 12:42:20,1223,44.21,44.126637296525416,60,3,1,Presentation,OFF,60,,,60,5,step,3,Presentation,,,,
1788583341769,2026-09-05 12:42:21,1226,44.13,44.126637296525416,60,3,1,Presentation,OFF,60,,,60,5,step,3,Presentation,,,,
1788583342770,2026-09-05 12:42:22,1226,44.13,44.126637296525416,60,3,1,Presentation,OFF,60,,,60,5,step,3,Presentation,,,,
1788583343771,2026-09-05 12:42:23,1225,44.15,44.126637296525416,60,3,1,Presentation,OFF,60,,,60,5,step,3,Presentation,,,,
1788583344773,2026-09-05 12:42:24,1226,44.13,44.126637296525416,60,3,1,Presentation,OFF,60,,,60,5,step,3,Presentation,,,,
1788583345774,2026-09-05 12:42:25,1223,44.21,44.126637296525416,60,3,1,Presentation,OFF,60,,,60,5,step,3,Presentation,,,,
1788583346774,2026-09-05 12:42:26,1226,44.13,44.126637296525416,60,3,1,Presentation,OFF,60,,,60,5,step,3,Presentation,,,,
1788583347776,2026-09-05 12:42:27,1223,44.21,44.126637296525416,60,3,1,Presentation,OFF,60,,,60,5,step,3,Presentation,,,,
1788583348777,2026-09-05 12:42:28,1225,44.15,44.15374544205673,60,3,1,Presentation,OFF,60,,,60,5,step,3,Presentation,,,,
1788583349782,2026-09-05 12:42:29,1224,44.18,44.15374544205673,60,3,1,Presentation,OFF,60,,,60,5,step,3,Presentation,,,,
1788583350783,2026-09-05 12:42:30,1224,44.18,44.15374544205673,60,3,1,Presentation,OFF,60,,,60,5,step,3,Presentation,,,,
1788583351785,2026-09-05 12:42:31,1225,44.15,44.15374544205673,60,3,1,Presentation,OFF,60,,,60,5,step,3,Presentation,,,,
1788583352785,2026-09-05 12:42:32,1225,44.15,44.15374544205673,60,3,1,Presentation,OFF,60,,,60,5,step,3,Presentation,,,,
1788583353786,2026-09-05 12:42:33,1223,44.21,44.15374544205673,60,3,1,Presentation,OFF,60,,,60,5,step,3,Presentation,,,,
1788583354787,2026-09-05 12:42:34,1224,44.18,44.15374544205673,60,3,1,Presentation,OFF,60,,,60,5,step,3,Presentation,,,,
1788583355788,2026-09-05 12:42:35,1222,44.24,44.15374544205673,60,3,1,Presentation,OFF,60,,,60,5,step,3,Presentation,,,,
1788583356790,2026-09-05 12:42:36,1224,44.18,44.15374544205673,60,3,1,Presentation,OFF,60,,,60,5,step,3,Presentation,,,,
1788583357791,2026-09-05 12:42:37,1225,44.15,44.15374544205673,60,3,1,Presentation,OFF,60,,,60,5,step,3,Presentation,,,,
1788583358793,2026-09-05 12:42:38,1223,44.21,44.15374544205673,60,3,1,Presentation,OFF,60,,,60,5,step,3,Presentation,,,,
1788583359793,2026-09-05 12:42:39,1222,44.24,44.15374544205673,60,3,1,Presentation,OFF,60,,,60,5,step,3,Presentation,,,,
1788583360794,2026-09-05 12:42:40,1223,44.21,44.15374544205673,60,3,1,Presentation,OFF,60,,,60,5,step,3,Presentation,,,,
1788583361795,2026-09-05 12:42:41,1221,44.26,44.15374544205673,60,3,1,Presentation,OFF,60,,,60,5,step,3,Presentation,,,,
1788583362796,2026-09-05 12:42:42,1224,44.18,44.15374544205673,60,3,1,Presentation,OFF,60,,,60,5,step,3,Presentation,,,,
1788583363797,2026-09-05 12:42:43,1223,44.21,44.208013757971116,60,3,1,Presentation,OFF,60,,,60,5,step,3,Presentation,,,,
1788583364799,2026-09-05 12:42:44,1221,44.26,44.208013757971116,60,3,1,Presentation,OFF,60,,,60,5,step,3,Presentation,,,,
1788583365800,2026-09-05 12:42:45,1224,44.18,44.208013757971116,60,3,1,Presentation,OFF,60,,,60,5,step,3,Presentation,,,,
1788583366802,2026-09-05 12:42:46,1223,44.21,44.208013757971116,60,3,1,Presentation,OFF,60,,,60,5,step,3,Presentation,,,,
1788583367802,2026-09-05 12:42:47,1222,44.24,44.208013757971116,60,3,1,Presentation,OFF,60,,,60,5,step,3,Presentation,,,,
1788583368803,2026-09-05 12:42:48,1225,44.15,44.208013757971116,60,3,1,Presentation,OFF,60,,,60,5,step,3,Presentation,,,,
1788583369803,2026-09-05 12:42:49,1223,44.21,44.208013757971116,60,3,1,Presentation,OFF,60,,,60,5,step,3,Presentation,,,,
1788583370805,2026-09-05 12:42:50,1220,44.29,44.208013757971116,60,3,1,Presentation,OFF,60,,,60,5,step,3,Presentation,,,,
1788583371805,2026-09-05 12:42:51,1222,44.24,44.208013757971116,60,3,1,Presentation,OFF,60,,,60,5,step,3,Presentation,,,,
1788583372806,2026-09-05 12:42:52,1222,44.24,44.208013757971116,60,3,1,Presentation,OFF,60,,,60,5,step,3,Presentation,,,,
1788583373807,2026-09-05 12:42:53,1219,44.32,44.208013757971116,60,3,1,Presentation,OFF,60,,,60,5,step,3,Presentation,,,,
1788583374809,2026-09-05 12:42:54,1221,44.26,44.208013757971116,60,3,1,Presentation,OFF,60,,,60,5,step,3,Presentation,,,,
1788583375809,2026-09-05 12:42:55,1221,44.26,44.208013757971116,60,3,1,Presentation,OFF,60,,,60,5,step,3,Presentation,,,,
1788583376811,2026-09-05 12:42:56,1222,44.24,44.208013757971116,60,3,1,Presentation,OFF,60,,,60,5,step,3,Presentation,,,,
1788583377811,2026-09-05 12:42:57,1222,44.24,44.208013757971116,60,3,1,Presentation,OFF,60,,,60,5,step,3,Presentation,,,,
1788583378812,2026-09-05 12:42:58,1221,44.26,44.26235167444975,60,3,1,Presentation,OFF,60,,,60,5,step,3,Presentation,,,,
1788583379813,2026-09-05 12:42:59,1223,44.21,44.26235167444975,60,3,1,Presentation,OFF,60,,,60,5,step,3,Presentation,,,,
1788583380814,2026-09-05 12:43:00,1222,44.24,44.26235167444975,60,3,1,Presentation,OFF,60,,,60,5,step,3,Presentation,,,,
1788583381814,2026-09-05 12:43:01,1223,44.21,44.26235167444975,60,3,1,Presentation,OFF,60,,,60,5,step,3,Presentation,,,,
1788583382815,2026-09-05 12:43:02,1221,44.26,44.26235167444975,60,3,1,Presentation,OFF,60,,,60,5,step,3,Presentation,,,,
1788583383817,2026-09-05 12:43:03,1221,44.26,44.26235167444975,60,3,1,Presentation,OFF,60,,,60,5,step,3,Presentation,,,,
1788583384817,2026-09-05 12:43:04,1222,44.24,44.26235167444975,60,3,1,Presentation,OFF,60,,,60,5,step,3,Presentation,,,,
1788583385819,2026-09-05 12:43:05,1219,44.32,44.26235167444975,60,3,1,Presentation,OFF,60,,,60,5,step,3,Presentation,,,,
1788583386819,2026-09-05 12:43:06,1221,44.26,44.26235167444975,60,3,1,Presentation,OFF,60,,,60,5,step,3,Presentation,,,,
1788583387821,2026-09-05 12:43:07,1221,44.26,44.26235167444975,60,3,1,Presentation,OFF,60,,,60,5,step,3,Presentation,,,,
1788583388821,2026-09-05 12:43:08,1222,44.24,44.26235167444975,60,3,1,Presentation,OFF,60,,,60,5,step,3,Presentation,,,,
1788583389822,2026-09-05 12:43:09,1221,44.26,44.26235167444975,60,3,1,Presentation,OFF,60,,,60,5,step,3,Presentation,,,,
1788583390823,2026-09-05 12:43:10,1220,44.29,44.26235167444975,60,3,1,Presentation,OFF,60,,,60,5,step,3,Presentation,,,,
1788583391823,2026-09-05 12:43:11,1222,44.24,44.26235167444975,60,3,1,Presentation,OFF,60,,,60,5,step,3,Presentation,,,,
1788583392824,2026-09-05 12:43:12,1222,44.24,44.26235167444975,60,3,1,Presentation,OFF,60,,,60,5,step,3,Presentation,,,,
1788583393826,2026-09-05 12:43:13,1221,44.26,44.26235167444975,60,3,1,Presentation,OFF,60,,,60,5,step,3,Presentation,,,,
1788583394827,2026-09-05 12:43:14,1220,44.29,44.26235167444975,60,3,1,Presentation,OFF,60,,,60,5,step,3,Presentation,,,,
1788583395827,2026-09-05 12:43:15,1221,44.26,44.26235167444975,60,3,1,Presentation,OFF,60,,,60,5,step,3,Presentation,,,,
1788583396828,2026-09-05 12:43:16,1221,44.26,44.26235167444975,60,3,1,Presentation,OFF,60,,,60,5,step,3,Presentation,,,,
1788583397830,2026-09-05 12:43:17,1218,44.34,44.26235167444975,60,3,1,Presentation,OFF,60,,,60,5,step,3,Presentation,,,,
1788583398830,2026-09-05 12:43:18,1219,44.32,44.26235167444975,60,3,1,Presentation,OFF,60,,,60,5,step,3,Presentation,,,,
1788583399831,2026-09-05 12:43:19,1218,44.34,44.26235167444975,60,3,1,Presentation,OFF,60,,,60,5,step,3,Presentation,,,,
1788583400833,2026-09-05 12:43:20,1220,44.29,44.26235167444975,60,3,1,Presentation,OFF,60,,,60,5,step,3,Presentation,,,,
1788583401835,2026-09-05 12:43:21,1219,44.32,44.26235167444975,60,3,1,Presentation,OFF,60,,,60,5,step,3,Presentation,,,,
1788583402835,2026-09-05 12:43:22,1219,44.32,44.26235167444975,60,3,1,Presentation,OFF,60,,,60,5,step,3,Presentation,,,,
1788583403837,2026-09-05 12:43:23,1218,44.34,44.26235167444975,60,3,1,Presentation,OFF,60,,,60,5,step,3,Presentation,,,,
1788583404838,2026-09-05 12:43:24,1218,44.34,44.26235167444975,60,3,1,Presentation,OFF,60,,,60,5,step,3,Presentation,,,,
1788583405839,2026-09-05 12:43:25,1220,44.29,44.26235167444975,60,3,1,Presentation,OFF,60,,,60,5,step,3,Presentation,,,,
1788583406841,2026-09-05 12:43:26,1220,44.29,44.26235167444975,60,3,1,Presentation,OFF,60,,,60,5,step,3,Presentation,,,,
1788583407841,2026-09-05 12:43:27,1218,44.34,44.26235167444975,60,3,1,Presentation,OFF,60,,,60,5,step,3,Presentation,,,,
1788583408841,2026-09-05 12:43:28,1218,44.34,44.34398966774211,60,3,1,Presentation,OFF,60,,,60,5,step,3,Presentation,,,,
1788583409841,2026-09-05 12:43:29,1220,44.29,44.34398966774211,60,3,1,Presentation,OFF,60,,,60,5,step,3,Presentation,,,,
1788583410843,2026-09-05 12:43:30,1215,44.43,44.34398966774211,60,3,1,Presentation,OFF,60,,,60,5,step,3,Presentation,,,,
1788583411843,2026-09-05 12:43:31,1222,44.24,44.34398966774211,60,3,1,Presentation,OFF,60,,,60,5,step,3,Presentation,,,,
1788583412845,2026-09-05 12:43:32,1218,44.34,44.34398966774211,60,3,1,Presentation,OFF,60,,,60,5,step,3,Presentation,,,,
1788583413846,2026-09-05 12:43:33,1219,44.32,44.34398966774211,60,3,1,Presentation,OFF,60,,,60,5,step,3,Presentation,,,,
1788583414847,2026-09-05 12:43:34,1220,44.29,44.34398966774211,60,3,1,Presentation,OFF,60,,,60,5,step,3,Presentation,,,,
1788583415849,2026-09-05 12:43:35,1222,44.24,44.34398966774211,60,3,1,Presentation,OFF,60,,,60,5,step,3,Presentation,,,,
1788583416849,2026-09-05 12:43:36,1217,44.37,44.34398966774211,60,3,1,Presentation,OFF,60,,,60,5,step,3,Presentation,,,,
1788583417850,2026-09-05 12:43:37,1218,44.34,44.34398966774211,60,3,1,Presentation,OFF,60,,,60,5,step,3,Presentation,,,,
1788583418851,2026-09-05 12:43:38,1218,44.34,44.34398966774211,60,3,1,Presentation,OFF,60,,,60,5,step,3,Presentation,,,,
1788583419853,2026-09-05 12:43:39,1217,44.37,44.34398966774211,60,3,1,Presentation,OFF,60,,,60,5,step,3,Presentation,,,,
1788583420853,2026-09-05 12:43:40,1215,44.43,44.34398966774211,60,3,1,Presentation,OFF,60,,,60,5,step,3,Presentation,,,,
1788583421854,2026-09-05 12:43:41,1228,44.07,44.34398966774211,60,3,1,Presentation,OFF,60,,,60,5,step,3,Presentation,,,,
1788583422854,2026-09-05 12:43:42,1221,44.26,44.34398966774211,60,3,1,Presentation,OFF,60,,,60,5,step,3,Presentation,,,,
1788583423855,2026-09-05 12:43:43,1218,44.34,44.34398966774211,60,3,1,Presentation,OFF,60,,,60,5,step,3,Presentation,,,,
1788583424857,2026-09-05 12:43:44,1214,44.45,44.34398966774211,60,3,1,Presentation,OFF,60,,,60,5,step,3,Presentation,,,,
1788583425856,2026-09-05 12:43:45,1220,44.29,44.34398966774211,60,3,1,Presentation,OFF,60,,,60,5,step,3,Presentation,,,,
1788583426858,2026-09-05 12:43:46,1217,44.37,44.34398966774211,60,3,1,Presentation,OFF,60,,,60,5,step,3,Presentation,,,,
1788583427858,2026-09-05 12:43:47,1217,44.37,44.34398966774211,60,3,1,Presentation,OFF,60,,,60,5,step,3,Presentation,,,,
1788583428860,2026-09-05 12:43:48,1214,44.45,44.34398966774211,60,3,1,Presentation,OFF,60,,,60,5,step,3,Presentation,,,,
1788583429861,2026-09-05 12:43:49,1218,44.34,44.34398966774211,60,3,1,Presentation,OFF,60,,,60,5,step,3,Presentation,,,,
1788583430862,2026-09-05 12:43:50,1217,44.37,44.34398966774211,60,3,1,Presentation,OFF,60,,,60,5,step,3,Presentation,,,,
1788583431862,2026-09-05 12:43:51,1215,44.43,44.34398966774211,60,3,1,Presentation,OFF,60,,,60,5,step,3,Presentation,,,,
1788583432863,2026-09-05 12:43:52,1220,44.29,44.34398966774211,60,3,1,Presentation,OFF,60,,,60,5,step,3,Presentation,,,,
1788583433865,2026-09-05 12:43:53,1217,44.37,44.34398966774211,60,3,1,Presentation,OFF,60,,,60,5,step,3,Presentation,,,,
1788583434865,2026-09-05 12:43:54,1219,44.32,44.34398966774211,60,3,1,Presentation,OFF,60,,,60,5,step,3,Presentation,,,,
1788583435867,2026-09-05 12:43:55,1214,44.45,44.34398966774211,60,3,1,Presentation,OFF,60,,,60,5,step,3,Presentation,,,,
1788583436867,2026-09-05 12:43:56,1217,44.37,44.34398966774211,60,3,1,Presentation,OFF,60,,,60,5,step,3,Presentation,,,,
1788583437868,2026-09-05 12:43:57,1221,44.26,44.34398966774211,60,3,1,Presentation,OFF,60,,,60,5,step,3,Presentation,,,,
1788583438869,2026-09-05 12:43:58,1217,44.37,44.34398966774211,60,3,1,Presentation,OFF,55,55,DLPC temp UNAVAILABLE,55,6,step,3,Presentation,step_end:settled;step_start duty=55 mode=Presentation;dlpc_unavailable,,,unavailable
1788583439869,2026-09-05 12:43:59,1216,44.40,44.37123743896649,55,3,1,Presentation,OFF,55,,,55,6,step,3,Presentation,,,,
1788583440871,2026-09-05 12:44:00,1216,44.40,44.37123743896649,55,3,1,Presentation,OFF,55,,,55,6,step,3,Presentation,,,,
1788583441872,2026-09-05 12:44:01,1218,44.34,44.37123743896649,55,3,1,Presentation,OFF,55,,,55,6,step,3,Presentation,,,,
1788583442872,2026-09-05 12:44:02,1213,44.48,44.37123743896649,55,3,1,Presentation,OFF,55,,,55,6,step,3,Presentation,,,,
1788583443874,2026-09-05 12:44:03,1219,44.32,44.37123743896649,55,3,1,Presentation,OFF,55,,,55,6,step,3,Presentation,,,,
1788583444875,2026-09-05 12:44:04,1214,44.45,44.37123743896649,55,3,1,Presentation,OFF,55,,,55,6,step,3,Presentation,,,,
1788583445875,2026-09-05 12:44:05,1218,44.34,44.37123743896649,55,3,1,Presentation,OFF,55,,,55,6,step,3,Presentation,,,,
1788583446877,2026-09-05 12:44:06,1215,44.43,44.37123743896649,55,3,1,Presentation,OFF,55,,,55,6,step,3,Presentation,,,,
1788583447877,2026-09-05 12:44:07,1214,44.45,44.37123743896649,55,3,1,Presentation,OFF,55,,,55,6,step,3,Presentation,,,,
1788583448877,2026-09-05 12:44:08,1214,44.45,44.37123743896649,55,3,1,Presentation,OFF,55,,,55,6,step,3,Presentation,,,,
1788583449878,2026-09-05 12:44:09,1213,44.48,44.37123743896649,55,3,1,Presentation,OFF,55,,,55,6,step,3,Presentation,,,,
1788583450879,2026-09-05 12:44:10,1214,44.45,44.37123743896649,55,3,1,Presentation,OFF,55,,,55,6,step,3,Presentation,,,,
1788583451880,2026-09-05 12:44:11,1211,44.54,44.37123743896649,55,3,1,Presentation,OFF,55,,,55,6,step,3,Presentation,,,,
1788583452882,2026-09-05 12:44:12,1211,44.54,44.37123743896649,55,3,1,Presentation,OFF,55,,,55,6,step,3,Presentation,,,,
1788583453882,2026-09-05 12:44:13,1212,44.51,44.37123743896649,55,3,1,Presentation,OFF,55,,,55,6,step,3,Presentation,,,,
1788583454883,2026-09-05 12:44:14,1209,44.59,44.50774120257546,55,3,1,Presentation,OFF,55,,,55,6,step,3,Presentation,,,,
1788583455884,2026-09-05 12:44:15,1212,44.51,44.50774120257546,55,3,1,Presentation,OFF,55,,,55,6,step,3,Presentation,,,,
1788583456885,2026-09-05 12:44:16,1212,44.51,44.50774120257546,55,3,1,Presentation,OFF,55,,,55,6,step,3,Presentation,,,,
1788583457886,2026-09-05 12:44:17,1209,44.59,44.50774120257546,55,3,1,Presentation,OFF,55,,,55,6,step,3,Presentation,,,,
1788583458886,2026-09-05 12:44:18,1209,44.59,44.50774120257546,55,3,1,Presentation,OFF,55,,,55,6,step,3,Presentation,,,,
1788583459887,2026-09-05 12:44:19,1212,44.51,44.50774120257546,55,3,1,Presentation,OFF,55,,,55,6,step,3,Presentation,,,,
1788583460888,2026-09-05 12:44:20,1209,44.59,44.50774120257546,55,3,1,Presentation,OFF,55,,,55,6,step,3,Presentation,,,,
1788583461890,2026-09-05 12:44:21,1209,44.59,44.50774120257546,55,3,1,Presentation,OFF,55,,,55,6,step,3,Presentation,,,,
1788583462891,2026-09-05 12:44:22,1207,44.64,44.50774120257546,55,3,1,Presentation,OFF,55,,,55,6,step,3,Presentation,,,,
1788583463892,2026-09-05 12:44:23,1209,44.59,44.50774120257546,55,3,1,Presentation,OFF,55,,,55,6,step,3,Presentation,,,,
1788583464893,2026-09-05 12:44:24,1207,44.64,44.50774120257546,55,3,1,Presentation,OFF,55,,,55,6,step,3,Presentation,,,,
1788583465894,2026-09-05 12:44:25,1210,44.56,44.50774120257546,55,3,1,Presentation,OFF,55,,,55,6,step,3,Presentation,,,,
1788583466895,2026-09-05 12:44:26,1209,44.59,44.50774120257546,55,3,1,Presentation,OFF,55,,,55,6,step,3,Presentation,,,,
1788583467897,2026-09-05 12:44:27,1206,44.67,44.50774120257546,55,3,1,Presentation,OFF,55,,,55,6,step,3,Presentation,,,,
1788583468897,2026-09-05 12:44:28,1206,44.67,44.50774120257546,55,3,1,Presentation,OFF,55,,,55,6,step,3,Presentation,,,,
1788583469899,2026-09-05 12:44:29,1205,44.70,44.67213327171925,55,3,1,Presentation,OFF,55,,,55,6,step,3,Presentation,,,,
1788583470901,2026-09-05 12:44:30,1205,44.70,44.67213327171925,55,3,1,Presentation,OFF,55,,,55,6,step,3,Presentation,,,,
1788583471902,2026-09-05 12:44:31,1205,44.70,44.67213327171925,55,3,1,Presentation,OFF,55,,,55,6,step,3,Presentation,,,,
1788583472902,2026-09-05 12:44:32,1205,44.70,44.67213327171925,55,3,1,Presentation,OFF,55,,,55,6,step,3,Presentation,,,,
1788583473903,2026-09-05 12:44:33,1205,44.70,44.67213327171925,55,3,1,Presentation,OFF,55,,,55,6,step,3,Presentation,,,,
1788583474905,2026-09-05 12:44:34,1207,44.64,44.67213327171925,55,3,1,Presentation,OFF,55,,,55,6,step,3,Presentation,,,,
1788583475905,2026-09-05 12:44:35,1204,44.73,44.67213327171925,55,3,1,Presentation,OFF,55,,,55,6,step,3,Presentation,,,,
1788583476907,2026-09-05 12:44:36,1204,44.73,44.67213327171925,55,3,1,Presentation,OFF,55,,,55,6,step,3,Presentation,,,,
1788583477907,2026-09-05 12:44:37,1204,44.73,44.67213327171925,55,3,1,Presentation,OFF,55,,,55,6,step,3,Presentation,,,,
1788583478908,2026-09-05 12:44:38,1204,44.73,44.67213327171925,55,3,1,Presentation,OFF,55,,,55,6,step,3,Presentation,,,,
1788583479910,2026-09-05 12:44:39,1203,44.75,44.67213327171925,55,3,1,Presentation,OFF,55,,,55,6,step,3,Presentation,,,,
1788583480910,2026-09-05 12:44:40,1201,44.81,44.67213327171925,55,3,1,Presentation,OFF,55,,,55,6,step,3,Presentation,,,,
1788583481911,2026-09-05 12:44:41,1204,44.73,44.67213327171925,55,3,1,Presentation,OFF,55,,,55,6,step,3,Presentation,,,,
1788583482913,2026-09-05 12:44:42,1203,44.75,44.67213327171925,55,3,1,Presentation,OFF,55,,,55,6,step,3,Presentation,,,,
1788583483913,2026-09-05 12:44:43,1201,44.81,44.67213327171925,55,3,1,Presentation,OFF,55,,,55,6,step,3,Presentation,,,,
1788583484913,2026-09-05 12:44:44,1202,44.78,44.80962163082427,55,3,1,Presentation,OFF,55,,,55,6,step,3,Presentation,,,,
1788583485915,2026-09-05 12:44:45,1203,44.75,44.80962163082427,55,3,1,Presentation,OFF,55,,,55,6,step,3,Presentation,,,,
1788583486915,2026-09-05 12:44:46,1201,44.81,44.80962163082427,55,3,1,Presentation,OFF,55,,,55,6,step,3,Presentation,,,,
1788583487917,2026-09-05 12:44:47,1204,44.73,44.80962163082427,55,3,1,Presentation,OFF,55,,,55,6,step,3,Presentation,,,,
1788583488917,2026-09-05 12:44:48,1202,44.78,44.80962163082427,55,3,1,Presentation,OFF,55,,,55,6,step,3,Presentation,,,,
1788583489919,2026-09-05 12:44:49,1200,44.84,44.80962163082427,55,3,1,Presentation,OFF,55,,,55,6,step,3,Presentation,,,,
1788583490920,2026-09-05 12:44:50,1200,44.84,44.80962163082427,55,3,1,Presentation,OFF,55,,,55,6,step,3,Presentation,,,,
1788583491921,2026-09-05 12:44:51,1201,44.81,44.80962163082427,55,3,1,Presentation,OFF,55,,,55,6,step,3,Presentation,,,,
1788583492922,2026-09-05 12:44:52,1201,44.81,44.80962163082427,55,3,1,Presentation,OFF,55,,,55,6,step,3,Presentation,,,,
1788583493923,2026-09-05 12:44:53,1200,44.84,44.80962163082427,55,3,1,Presentation,OFF,55,,,55,6,step,3,Presentation,,,,
1788583494923,2026-09-05 12:44:54,1199,44.86,44.80962163082427,55,3,1,Presentation,OFF,55,,,55,6,step,3,Presentation,,,,
1788583495925,2026-09-05 12:44:55,1200,44.84,44.80962163082427,55,3,1,Presentation,OFF,55,,,55,6,step,3,Presentation,,,,
1788583496925,2026-09-05 12:44:56,1200,44.84,44.80962163082427,55,3,1,Presentation,OFF,55,,,55,6,step,3,Presentation,,,,
1788583497927,2026-09-05 12:44:57,1199,44.86,44.80962163082427,55,3,1,Presentation,OFF,55,,,55,6,step,3,Presentation,,,,
1788583498927,2026-09-05 12:44:58,1197,44.92,44.80962163082427,55,3,1,Presentation,OFF,55,,,55,6,step,3,Presentation,,,,
1788583499929,2026-09-05 12:44:59,1197,44.92,44.919939615593194,55,3,1,Presentation,OFF,55,,,55,6,step,3,Presentation,,,,
1788583500930,2026-09-05 12:45:00,1201,44.81,44.919939615593194,55,3,1,Presentation,OFF,55,,,55,6,step,3,Presentation,,,,
1788583501931,2026-09-05 12:45:01,1196,44.95,44.919939615593194,55,3,1,Presentation,OFF,55,,,55,6,step,3,Presentation,,,,
1788583502932,2026-09-05 12:45:02,1191,45.09,44.919939615593194,55,3,1,Presentation,OFF,55,,,55,6,step,3,Presentation,,,,
1788583503934,2026-09-05 12:45:03,1197,44.92,44.919939615593194,55,3,1,Presentation,OFF,55,,,55,6,step,3,Presentation,,,,
1788583504936,2026-09-05 12:45:04,1198,44.89,44.919939615593194,55,3,1,Presentation,OFF,55,,,55,6,step,3,Presentation,,,,
1788583505937,2026-09-05 12:45:05,1199,44.86,44.919939615593194,55,3,1,Presentation,OFF,55,,,55,6,step,3,Presentation,,,,
1788583506938,2026-09-05 12:45:06,1199,44.86,44.919939615593194,55,3,1,Presentation,OFF,55,,,55,6,step,3,Presentation,,,,
1788583507940,2026-09-05 12:45:07,1196,44.95,44.919939615593194,55,3,1,Presentation,OFF,55,,,55,6,step,3,Presentation,,,,
1788583508941,2026-09-05 12:45:08,1197,44.92,44.919939615593194,55,3,1,Presentation,OFF,55,,,55,6,step,3,Presentation,,,,
1788583509942,2026-09-05 12:45:09,1196,44.95,44.919939615593194,55,3,1,Presentation,OFF,55,,,55,6,step,3,Presentation,,,,
1788583510944,2026-09-05 12:45:10,1197,44.92,44.919939615593194,55,3,1,Presentation,OFF,55,,,55,6,step,3,Presentation,,,,
1788583511945,2026-09-05 12:45:11,1200,44.84,44.919939615593194,55,3,1,Presentation,OFF,55,,,55,6,step,3,Presentation,,,,
1788583512946,2026-09-05 12:45:12,1198,44.89,44.919939615593194,55,3,1,Presentation,OFF,55,,,55,6,step,3,Presentation,,,,
1788583513947,2026-09-05 12:45:13,1196,44.95,44.919939615593194,55,3,1,Presentation,OFF,55,,,55,6,step,3,Presentation,,,,
1788583514948,2026-09-05 12:45:14,1196,44.95,44.97520852694237,55,3,1,Presentation,OFF,55,,,55,6,step,3,Presentation,,,,
1788583515950,2026-09-05 12:45:15,1198,44.89,44.97520852694237,55,3,1,Presentation,OFF,55,,,55,6,step,3,Presentation,,,,
1788583516951,2026-09-05 12:45:16,1196,44.95,44.97520852694237,55,3,1,Presentation,OFF,55,,,55,6,step,3,Presentation,,,,
1788583517951,2026-09-05 12:45:17,1198,44.89,44.97520852694237,55,3,1,Presentation,OFF,55,,,55,6,step,3,Presentation,,,,
1788583518953,2026-09-05 12:45:18,1195,44.98,44.97520852694237,55,3,1,Presentation,OFF,55,,,55,6,step,3,Presentation,,,,
1788583519955,2026-09-05 12:45:19,1196,44.95,44.97520852694237,55,3,1,Presentation,OFF,55,,,55,6,step,3,Presentation,,,,
1788583520956,2026-09-05 12:45:20,1195,44.98,44.97520852694237,55,3,1,Presentation,OFF,55,,,55,6,step,3,Presentation,,,,
1788583521956,2026-09-05 12:45:21,1196,44.95,44.97520852694237,55,3,1,Presentation,OFF,55,,,55,6,step,3,Presentation,,,,
1788583522958,2026-09-05 12:45:22,1197,44.92,44.97520852694237,55,3,1,Presentation,OFF,55,,,55,6,step,3,Presentation,,,,
1788583523958,2026-09-05 12:45:23,1197,44.92,44.97520852694237,55,3,1,Presentation,OFF,55,,,55,6,step,3,Presentation,,,,
1788583524959,2026-09-05 12:45:24,1195,44.98,44.97520852694237,55,3,1,Presentation,OFF,55,,,55,6,step,3,Presentation,,,,
1788583525961,2026-09-05 12:45:25,1197,44.92,44.97520852694237,55,3,1,Presentation,OFF,55,,,55,6,step,3,Presentation,,,,
1788583526961,2026-09-05 12:45:26,1195,44.98,44.97520852694237,55,3,1,Presentation,OFF,55,,,55,6,step,3,Presentation,,,,
1788583527963,2026-09-05 12:45:27,1196,44.95,44.97520852694237,55,3,1,Presentation,OFF,55,,,55,6,step,3,Presentation,,,,
1788583528964,2026-09-05 12:45:28,1197,44.92,44.97520852694237,55,3,1,Presentation,OFF,55,,,55,6,step,3,Presentation,,,,
1788583529964,2026-09-05 12:45:29,1196,44.95,44.919939615593194,55,3,1,Presentation,OFF,55,,,55,6,step,3,Presentation,,,,
1788583530966,2026-09-05 12:45:30,1194,45.00,44.919939615593194,55,3,1,Presentation,OFF,55,,,55,6,step,3,Presentation,,,,
1788583531967,2026-09-05 12:45:31,1196,44.95,44.919939615593194,55,3,1,Presentation,OFF,55,,,55,6,step,3,Presentation,,,,
1788583532968,2026-09-05 12:45:32,1194,45.00,44.919939615593194,55,3,1,Presentation,OFF,55,,,55,6,step,3,Presentation,,,,
1788583533969,2026-09-05 12:45:33,1195,44.98,44.919939615593194,55,3,1,Presentation,OFF,55,,,55,6,step,3,Presentation,,,,
1788583534970,2026-09-05 12:45:34,1193,45.03,44.919939615593194,55,3,1,Presentation,OFF,55,,,55,6,step,3,Presentation,,,,
1788583535970,2026-09-05 12:45:35,1196,44.95,44.919939615593194,55,3,1,Presentation,OFF,55,,,55,6,step,3,Presentation,,,,
1788583536972,2026-09-05 12:45:36,1195,44.98,44.919939615593194,55,3,1,Presentation,OFF,55,,,55,6,step,3,Presentation,,,,
1788583537973,2026-09-05 12:45:37,1196,44.95,44.919939615593194,55,3,1,Presentation,OFF,55,,,55,6,step,3,Presentation,,,,
1788583538973,2026-09-05 12:45:38,1197,44.92,44.919939615593194,55,3,1,Presentation,OFF,55,,,55,6,step,3,Presentation,,,,
1788583539975,2026-09-05 12:45:39,1193,45.03,44.919939615593194,55,3,1,Presentation,OFF,55,,,55,6,step,3,Presentation,,,,
1788583540975,2026-09-05 12:45:40,1195,44.98,44.919939615593194,55,3,1,Presentation,OFF,55,,,55,6,step,3,Presentation,,,,
1788583541977,2026-09-05 12:45:41,1192,45.06,44.919939615593194,55,3,1,Presentation,OFF,55,,,55,6,step,3,Presentation,,,,
1788583542978,2026-09-05 12:45:42,1196,44.95,44.919939615593194,55,3,1,Presentation,OFF,55,,,55,6,step,3,Presentation,,,,
1788583543979,2026-09-05 12:45:43,1195,44.98,44.919939615593194,55,3,1,Presentation,OFF,55,,,55,6,step,3,Presentation,,,,
1788583544979,2026-09-05 12:45:44,1195,44.98,45.08596769221407,59,3,1,Presentation,OFF,55,55,foreign_write 59 reassert(was 59),55,6,step,3,Presentation,foreign_write:59,,,
1788583545981,2026-09-05 12:45:45,1189,45.14,45.08596769221407,55,3,1,Presentation,OFF,55,,,55,6,step,3,Presentation,,,,
1788583546983,2026-09-05 12:45:46,1195,44.98,45.08596769221407,55,3,1,Presentation,OFF,55,,,55,6,step,3,Presentation,,,,
1788583547985,2026-09-05 12:45:47,1193,45.03,45.08596769221407,55,3,1,Presentation,OFF,55,,,55,6,step,3,Presentation,,,,
1788583548986,2026-09-05 12:45:48,1194,45.00,45.08596769221407,55,3,1,Presentation,OFF,55,,,55,6,step,3,Presentation,,,,
1788583549986,2026-09-05 12:45:49,1193,45.03,45.08596769221407,55,3,1,Presentation,OFF,55,,,55,6,step,3,Presentation,,,,
1788583550987,2026-09-05 12:45:50,1194,45.00,45.08596769221407,55,3,1,Presentation,OFF,55,,,55,6,step,3,Presentation,,,,
1788583551988,2026-09-05 12:45:51,1194,45.00,45.08596769221407,55,3,1,Presentation,OFF,55,,,55,6,step,3,Presentation,,,,
1788583552989,2026-09-05 12:45:52,1192,45.06,45.08596769221407,55,3,1,Presentation,OFF,55,,,55,6,step,3,Presentation,,,,
1788583553991,2026-09-05 12:45:53,1193,45.03,45.08596769221407,55,3,1,Presentation,OFF,55,,,55,6,step,3,Presentation,,,,
1788583554992,2026-09-05 12:45:54,1191,45.09,45.08596769221407,55,3,1,Presentation,OFF,55,,,55,6,step,3,Presentation,,,,
1788583555994,2026-09-05 12:45:55,1192,45.06,45.08596769221407,55,3,1,Presentation,OFF,55,,,55,6,step,3,Presentation,,,,
1788583556996,2026-09-05 12:45:56,1191,45.09,45.08596769221407,55,3,1,Presentation,OFF,55,,,55,6,step,3,Presentation,,,,
1788583557997,2026-09-05 12:45:57,1193,45.03,45.08596769221407,55,3,1,Presentation,OFF,55,,,55,6,step,3,Presentation,,,,
1788583558998,2026-09-05 12:45:58,1194,45.00,45.08596769221407,55,3,1,Presentation,OFF,55,,,55,6,step,3,Presentation,,,,
1788583559998,2026-09-05 12:45:59,1192,45.06,45.00287059376575,55,3,1,Presentation,OFF,55,,,55,6,step,3,Presentation,,,,
1788583560999,2026-09-05 12:46:00,1194,45.00,45.00287059376575,55,3,1,Presentation,OFF,55,,,55,6,step,3,Presentation,,,,
1788583562000,2026-09-05 12:46:02,1191,45.09,45.00287059376575,55,3,1,Presentation,OFF,55,,,55,6,step,3,Presentation,,,,
1788583563002,2026-09-05 12:46:03,1192,45.06,45.00287059376575,55,3,1,Presentation,OFF,55,,,55,6,step,3,Presentation,,,,
1788583564002,2026-09-05 12:46:04,1190,45.11,45.00287059376575,55,3,1,Presentation,OFF,55,,,55,6,step,3,Presentation,,,,
1788583565002,2026-09-05 12:46:05,1190,45.11,45.00287059376575,55,3,1,Presentation,OFF,55,,,55,6,step,3,Presentation,,,,
1788583566003,2026-09-05 12:46:06,1191,45.09,45.00287059376575,55,3,1,Presentation,OFF,55,,,55,6,step,3,Presentation,,,,
1788583567005,2026-09-05 12:46:07,1191,45.09,45.00287059376575,55,3,1,Presentation,OFF,55,,,55,6,step,3,Presentation,,,,
1788583568006,2026-09-05 12:46:08,1190,45.11,45.00287059376575,55,3,1,Presentation,OFF,55,,,55,6,step,3,Presentation,,,,
1788583569007,2026-09-05 12:46:09,1190,45.11,45.00287059376575,55,3,1,Presentation,OFF,55,,,55,6,step,3,Presentation,,,,
1788583570007,2026-09-05 12:46:10,1189,45.14,45.00287059376575,55,3,1,Presentation,OFF,55,,,55,6,step,3,Presentation,,,,
1788583571009,2026-09-05 12:46:11,1184,45.28,45.00287059376575,55,3,1,Presentation,OFF,55,,,55,6,step,3,Presentation,,,,
1788583572010,2026-09-05 12:46:12,1193,45.03,45.00287059376575,55,3,1,Presentation,OFF,55,,,55,6,step,3,Presentation,,,,
1788583573010,2026-09-05 12:46:13,1189,45.14,45.00287059376575,55,3,1,Presentation,OFF,55,,,55,6,step,3,Presentation,,,,
1788583574011,2026-09-05 12:46:14,1190,45.11,45.00287059376575,55,3,1,Presentation,OFF,55,,,55,6,step,3,Presentation,,,,
1788583575012,2026-09-05 12:46:15,1192,45.06,45.14145855255873,55,3,1,Presentation,OFF,55,,,55,6,step,3,Presentation,,,,
1788583576013,2026-09-05 12:46:16,1189,45.14,45.14145855255873,55,3,1,Presentation,OFF,55,,,55,6,step,3,Presentation,,,,
1788583577015,2026-09-05 12:46:17,1191,45.09,45.14145855255873,55,3,1,Presentation,OFF,55,,,55,6,step,3,Presentation,,,,
1788583578015,2026-09-05 12:46:18,1190,45.11,45.14145855255873,55,3,1,Presentation,OFF,55,,,55,6,step,3,Presentation,,,,
1788583579017,2026-09-05 12:46:19,1189,45.14,45.14145855255873,55,3,1,Presentation,OFF,55,,,55,6,step,3,Presentation,,,,
1788583580018,2026-09-05 12:46:20,1188,45.17,45.14145855255873,55,3,1,Presentation,OFF,55,,,55,6,step,3,Presentation,,,,
1788583581019,2026-09-05 12:46:21,1190,45.11,45.14145855255873,55,3,1,Presentation,OFF,55,,,55,6,step,3,Presentation,,,,
1788583582020,2026-09-05 12:46:22,1188,45.17,45.14145855255873,55,3,1,Presentation,OFF,55,,,55,6,step,3,Presentation,,,,
1788583583022,2026-09-05 12:46:23,1191,45.09,45.14145855255873,55,3,1,Presentation,OFF,55,,,55,6,step,3,Presentation,,,,
1788583584023,2026-09-05 12:46:24,1189,45.14,45.14145855255873,55,3,1,Presentation,OFF,55,,,55,6,step,3,Presentation,,,,
1788583585024,2026-09-05 12:46:25,1189,45.14,45.14145855255873,55,3,1,Presentation,OFF,55,,,55,6,step,3,Presentation,,,,
1788583586025,2026-09-05 12:46:26,1189,45.14,45.14145855255873,55,3,1,Presentation,OFF,55,,,55,6,step,3,Presentation,,,,
1788583587025,2026-09-05 12:46:27,1189,45.14,45.14145855255873,55,3,1,Presentation,OFF,55,,,55,6,step,3,Presentation,,,,
1788583588027,2026-09-05 12:46:28,1188,45.17,45.14145855255873,55,3,1,Presentation,OFF,55,,,55,6,step,3,Presentation,,,,
1788583589027,2026-09-05 12:46:29,1195,44.98,45.14145855255873,55,3,1,Presentation,OFF,55,,,55,6,step,3,Presentation,,,,
1788583590029,2026-09-05 12:46:30,1187,45.20,44.97520852694237,59,3,1,Presentation,OFF,55,55,foreign_write 59 reassert(was 59),55,6,step,3,Presentation,foreign_write:59,,,
1788583591029,2026-09-05 12:46:31,1187,45.20,44.97520852694237,55,3,1,Presentation,OFF,55,,,55,6,step,3,Presentation,,,,
1788583592029,2026-09-05 12:46:32,1188,45.17,44.97520852694237,55,3,1,Presentation,OFF,55,,,55,6,step,3,Presentation,,,,
1788583593031,2026-09-05 12:46:33,1188,45.17,44.97520852694237,55,3,1,Presentation,OFF,55,,,55,6,step,3,Presentation,,,,
1788583594032,2026-09-05 12:46:34,1186,45.22,44.97520852694237,55,3,1,Presentation,OFF,55,,,55,6,step,3,Presentation,,,,
1788583595033,2026-09-05 12:46:35,1186,45.22,44.97520852694237,55,3,1,Presentation,OFF,55,,,55,6,step,3,Presentation,,,,
1788583596034,2026-09-05 12:46:36,1189,45.14,44.97520852694237,55,3,1,Presentation,OFF,55,,,55,6,step,3,Presentation,,,,
1788583597034,2026-09-05 12:46:37,1185,45.25,44.97520852694237,55,3,1,Presentation,OFF,55,,,55,6,step,3,Presentation,,,,
1788583598037,2026-09-05 12:46:38,1188,45.17,44.97520852694237,55,3,1,Presentation,OFF,55,,,55,6,step,3,Presentation,,,,
1788583599037,2026-09-05 12:46:39,1186,45.22,44.97520852694237,55,3,1,Presentation,OFF,55,,,55,6,step,3,Presentation,,,,
1788583600040,2026-09-05 12:46:40,1185,45.25,44.97520852694237,55,3,1,Presentation,OFF,55,,,55,6,step,3,Presentation,,,,
1788583601041,2026-09-05 12:46:41,1189,45.14,44.97520852694237,55,3,1,Presentation,OFF,55,,,55,6,step,3,Presentation,,,,
1788583602042,2026-09-05 12:46:42,1188,45.17,44.97520852694237,55,3,1,Presentation,OFF,55,,,55,6,step,3,Presentation,,,,
1788583603043,2026-09-05 12:46:43,1189,45.14,44.97520852694237,55,3,1,Presentation,OFF,55,,,55,6,step,3,Presentation,,,,
1788583604045,2026-09-05 12:46:44,1188,45.17,44.97520852694237,55,3,1,Presentation,OFF,55,,,55,6,step,3,Presentation,,,,
1788583605046,2026-09-05 12:46:45,1186,45.22,45.1692319355688,59,3,1,Presentation,OFF,55,55,foreign_write 59 reassert(was 59),55,6,step,3,Presentation,foreign_write:59,,,
1788583606047,2026-09-05 12:46:46,1186,45.22,45.1692319355688,55,3,1,Presentation,OFF,55,,,55,6,step,3,Presentation,,,,
1788583607049,2026-09-05 12:46:47,1186,45.22,45.1692319355688,55,3,1,Presentation,OFF,55,,,55,6,step,3,Presentation,,,,
1788583608050,2026-09-05 12:46:48,1186,45.22,45.1692319355688,55,3,1,Presentation,OFF,55,,,55,6,step,3,Presentation,,,,
1788583609051,2026-09-05 12:46:49,1189,45.14,45.1692319355688,55,3,1,Presentation,OFF,55,,,55,6,step,3,Presentation,,,,
1788583610051,2026-09-05 12:46:50,1188,45.17,45.1692319355688,55,3,1,Presentation,OFF,55,,,55,6,step,3,Presentation,,,,
1788583611053,2026-09-05 12:46:51,1186,45.22,45.1692319355688,55,3,1,Presentation,OFF,55,,,55,6,step,3,Presentation,,,,
1788583612053,2026-09-05 12:46:52,1186,45.22,45.1692319355688,55,3,1,Presentation,OFF,55,,,55,6,step,3,Presentation,,,,
1788583613055,2026-09-05 12:46:53,1186,45.22,45.1692319355688,55,3,1,Presentation,OFF,55,,,55,6,step,3,Presentation,,,,
1788583614055,2026-09-05 12:46:54,1186,45.22,45.1692319355688,55,3,1,Presentation,OFF,55,,,55,6,step,3,Presentation,,,,
1788583615057,2026-09-05 12:46:55,1186,45.22,45.1692319355688,55,3,1,Presentation,OFF,55,,,55,6,step,3,Presentation,,,,
1788583616058,2026-09-05 12:46:56,1186,45.22,45.1692319355688,55,3,1,Presentation,OFF,55,,,55,6,step,3,Presentation,,,,
1788583617059,2026-09-05 12:46:57,1187,45.20,45.1692319355688,55,3,1,Presentation,OFF,55,,,55,6,step,3,Presentation,,,,
1788583618063,2026-09-05 12:46:58,1185,45.25,45.1692319355688,55,3,1,Presentation,OFF,55,,,55,6,step,3,Presentation,,,,
1788583619064,2026-09-05 12:46:59,1185,45.25,45.1692319355688,55,3,1,Presentation,OFF,50,50,DLPC temp UNAVAILABLE,50,7,step,3,Presentation,step_end:settled;step_start duty=50 mode=Presentation;dlpc_unavailable,,,unavailable
1788583620064,2026-09-05 12:47:00,1189,45.14,45.25266435626219,50,3,1,Presentation,OFF,50,,,50,7,step,3,Presentation,,,,
1788583621065,2026-09-05 12:47:01,1188,45.17,45.25266435626219,50,3,1,Presentation,OFF,50,,,50,7,step,3,Presentation,,,,
1788583622067,2026-09-05 12:47:02,1187,45.20,45.25266435626219,50,3,1,Presentation,OFF,50,,,50,7,step,3,Presentation,,,,
1788583623069,2026-09-05 12:47:03,1187,45.20,45.25266435626219,50,3,1,Presentation,OFF,50,,,50,7,step,3,Presentation,,,,
1788583624070,2026-09-05 12:47:04,1186,45.22,45.25266435626219,50,3,1,Presentation,OFF,50,,,50,7,step,3,Presentation,,,,
1788583625070,2026-09-05 12:47:05,1185,45.25,45.25266435626219,50,3,1,Presentation,OFF,50,,,50,7,step,3,Presentation,,,,
1788583626072,2026-09-05 12:47:06,1186,45.22,45.25266435626219,50,3,1,Presentation,OFF,50,,,50,7,step,3,Presentation,,,,
1788583627073,2026-09-05 12:47:07,1186,45.22,45.25266435626219,50,3,1,Presentation,OFF,50,,,50,7,step,3,Presentation,,,,
1788583628074,2026-09-05 12:47:08,1185,45.25,45.25266435626219,50,3,1,Presentation,OFF,50,,,50,7,step,3,Presentation,,,,
1788583629075,2026-09-05 12:47:09,1182,45.34,45.25266435626219,50,3,1,Presentation,OFF,50,,,50,7,step,3,Presentation,,,,
1788583630075,2026-09-05 12:47:10,1181,45.36,45.25266435626219,50,3,1,Presentation,OFF,50,,,50,7,step,3,Presentation,,,,
1788583631075,2026-09-05 12:47:11,1185,45.25,45.25266435626219,50,3,1,Presentation,OFF,50,,,50,7,step,3,Presentation,,,,
1788583632077,2026-09-05 12:47:12,1181,45.36,45.25266435626219,50,3,1,Presentation,OFF,50,,,50,7,step,3,Presentation,,,,
1788583633077,2026-09-05 12:47:13,1182,45.34,45.25266435626219,50,3,1,Presentation,OFF,50,,,50,7,step,3,Presentation,,,,
1788583634078,2026-09-05 12:47:14,1182,45.34,45.25266435626219,50,3,1,Presentation,OFF,50,,,50,7,step,3,Presentation,,,,
1788583635078,2026-09-05 12:47:15,1179,45.42,45.33626599461178,50,3,1,Presentation,OFF,50,,,50,7,step,3,Presentation,,,,
1788583636079,2026-09-05 12:47:16,1181,45.36,45.33626599461178,50,3,1,Presentation,OFF,50,,,50,7,step,3,Presentation,,,,
1788583637081,2026-09-05 12:47:17,1180,45.39,45.33626599461178,50,3,1,Presentation,OFF,50,,,50,7,step,3,Presentation,,,,
1788583638081,2026-09-05 12:47:18,1177,45.48,45.33626599461178,50,3,1,Presentation,OFF,50,,,50,7,step,3,Presentation,,,,
1788583639082,2026-09-05 12:47:19,1179,45.42,45.33626599461178,50,3,1,Presentation,OFF,50,,,50,7,step,3,Presentation,,,,
1788583640083,2026-09-05 12:47:20,1177,45.48,45.33626599461178,50,3,1,Presentation,OFF,50,,,50,7,step,3,Presentation,,,,
1788583641085,2026-09-05 12:47:21,1177,45.48,45.33626599461178,50,3,1,Presentation,OFF,50,,,50,7,step,3,Presentation,,,,
1788583642086,2026-09-05 12:47:22,1178,45.45,45.33626599461178,50,3,1,Presentation,OFF,50,,,50,7,step,3,Presentation,,,,
1788583643086,2026-09-05 12:47:23,1177,45.48,45.33626599461178,50,3,1,Presentation,OFF,50,,,50,7,step,3,Presentation,,,,
1788583644087,2026-09-05 12:47:24,1178,45.45,45.33626599461178,50,3,1,Presentation,OFF,50,,,50,7,step,3,Presentation,,,,
1788583645088,2026-09-05 12:47:25,1175,45.53,45.33626599461178,50,3,1,Presentation,OFF,50,,,50,7,step,3,Presentation,,,,
1788583646090,2026-09-05 12:47:26,1176,45.50,45.33626599461178,50,3,1,Presentation,OFF,50,,,50,7,step,3,Presentation,,,,
1788583647090,2026-09-05 12:47:27,1175,45.53,45.33626599461178,50,3,1,Presentation,OFF,50,,,50,7,step,3,Presentation,,,,
1788583648091,2026-09-05 12:47:28,1175,45.53,45.33626599461178,50,3,1,Presentation,OFF,50,,,50,7,step,3,Presentation,,,,
1788583649093,2026-09-05 12:47:29,1176,45.50,45.33626599461178,50,3,1,Presentation,OFF,50,,,50,7,step,3,Presentation,,,,
1788583650093,2026-09-05 12:47:30,1176,45.50,45.50398112548788,50,3,1,Presentation,OFF,50,,,50,7,step,3,Presentation,,,,
1788583651094,2026-09-05 12:47:31,1174,45.56,45.50398112548788,50,3,1,Presentation,OFF,50,,,50,7,step,3,Presentation,,,,
1788583652095,2026-09-05 12:47:32,1175,45.53,45.50398112548788,50,3,1,Presentation,OFF,50,,,50,7,step,3,Presentation,,,,
1788583653095,2026-09-05 12:47:33,1173,45.59,45.50398112548788,50,3,1,Presentation,OFF,50,,,50,7,step,3,Presentation,,,,
1788583654096,2026-09-05 12:47:34,1172,45.62,45.50398112548788,50,3,1,Presentation,OFF,50,,,50,7,step,3,Presentation,,,,
1788583655096,2026-09-05 12:47:35,1175,45.53,45.50398112548788,50,3,1,Presentation,OFF,50,,,50,7,step,3,Presentation,,,,
1788583656098,2026-09-05 12:47:36,1172,45.62,45.50398112548788,50,3,1,Presentation,OFF,50,,,50,7,step,3,Presentation,,,,
1788583657099,2026-09-05 12:47:37,1171,45.64,45.50398112548788,50,3,1,Presentation,OFF,50,,,50,7,step,3,Presentation,,,,
1788583658100,2026-09-05 12:47:38,1173,45.59,45.50398112548788,50,3,1,Presentation,OFF,50,,,50,7,step,3,Presentation,,,,
1788583659102,2026-09-05 12:47:39,1172,45.62,45.50398112548788,50,3,1,Presentation,OFF,50,,,50,7,step,3,Presentation,,,,
1788583660103,2026-09-05 12:47:40,1175,45.53,45.50398112548788,50,3,1,Presentation,OFF,50,,,50,7,step,3,Presentation,,,,
1788583661103,2026-09-05 12:47:41,1173,45.59,45.50398112548788,50,3,1,Presentation,OFF,50,,,50,7,step,3,Presentation,,,,
1788583662104,2026-09-05 12:47:42,1172,45.62,45.50398112548788,50,3,1,Presentation,OFF,50,,,50,7,step,3,Presentation,,,,
1788583663105,2026-09-05 12:47:43,1173,45.59,45.50398112548788,50,3,1,Presentation,OFF,50,,,50,7,step,3,Presentation,,,,
1788583664107,2026-09-05 12:47:44,1172,45.62,45.50398112548788,50,3,1,Presentation,OFF,50,,,50,7,step,3,Presentation,,,,
1788583665107,2026-09-05 12:47:45,1171,45.64,45.616173769974864,50,3,1,Presentation,OFF,50,,,50,7,step,3,Presentation,,,,
1788583666108,2026-09-05 12:47:46,1170,45.67,45.616173769974864,50,3,1,Presentation,OFF,50,,,50,7,step,3,Presentation,,,,
1788583667109,2026-09-05 12:47:47,1170,45.67,45.616173769974864,50,3,1,Presentation,OFF,50,,,50,7,step,3,Presentation,,,,
1788583668111,2026-09-05 12:47:48,1171,45.64,45.616173769974864,50,3,1,Presentation,OFF,50,,,50,7,step,3,Presentation,,,,
1788583669111,2026-09-05 12:47:49,1171,45.64,45.616173769974864,50,3,1,Presentation,OFF,50,,,50,7,step,3,Presentation,,,,
1788583670113,2026-09-05 12:47:50,1170,45.67,45.616173769974864,50,3,1,Presentation,OFF,50,,,50,7,step,3,Presentation,,,,
1788583671115,2026-09-05 12:47:51,1166,45.79,45.616173769974864,50,3,1,Presentation,OFF,50,,,50,7,step,3,Presentation,,,,
1788583672116,2026-09-05 12:47:52,1170,45.67,45.616173769974864,50,3,1,Presentation,OFF,50,,,50,7,step,3,Presentation,,,,
1788583673117,2026-09-05 12:47:53,1166,45.79,45.616173769974864,50,3,1,Presentation,OFF,50,,,50,7,step,3,Presentation,,,,
1788583674118,2026-09-05 12:47:54,1167,45.76,45.616173769974864,50,3,1,Presentation,OFF,50,,,50,7,step,3,Presentation,,,,
1788583675119,2026-09-05 12:47:55,1166,45.79,45.616173769974864,50,3,1,Presentation,OFF,50,,,50,7,step,3,Presentation,,,,
1788583676121,2026-09-05 12:47:56,1167,45.76,45.616173769974864,50,3,1,Presentation,OFF,50,,,50,7,step,3,Presentation,,,,
1788583677121,2026-09-05 12:47:57,1171,45.64,45.616173769974864,50,3,1,Presentation,OFF,50,,,50,7,step,3,Presentation,,,,
1788583678122,2026-09-05 12:47:58,1171,45.64,45.616173769974864,50,3,1,Presentation,OFF,50,,,50,7,step,3,Presentation,,,,
1788583679123,2026-09-05 12:47:59,1166,45.79,45.616173769974864,50,3,1,Presentation,OFF,50,,,50,7,step,3,Presentation,,,,
1788583680125,2026-09-05 12:48:00,1165,45.81,45.78504293773278,50,3,1,Presentation,OFF,50,,,50,7,step,3,Presentation,,,,
1788583681126,2026-09-05 12:48:01,1164,45.84,45.78504293773278,50,3,1,Presentation,OFF,50,,,50,7,step,3,Presentation,,,,
1788583682127,2026-09-05 12:48:02,1165,45.81,45.78504293773278,50,3,1,Presentation,OFF,50,,,50,7,step,3,Presentation,,,,
1788583683128,2026-09-05 12:48:03,1164,45.84,45.78504293773278,50,3,1,Presentation,OFF,50,,,50,7,step,3,Presentation,,,,
1788583684128,2026-09-05 12:48:04,1163,45.87,45.78504293773278,50,3,1,Presentation,OFF,50,,,50,7,step,3,Presentation,,,,
1788583685130,2026-09-05 12:48:05,1165,45.81,45.78504293773278,50,3,1,Presentation,OFF,50,,,50,7,step,3,Presentation,,,,
1788583686131,2026-09-05 12:48:06,1164,45.84,45.78504293773278,50,3,1,Presentation,OFF,50,,,50,7,step,3,Presentation,,,,
1788583687133,2026-09-05 12:48:07,1164,45.84,45.78504293773278,50,3,1,Presentation,OFF,50,,,50,7,step,3,Presentation,,,,
1788583688134,2026-09-05 12:48:08,1165,45.81,45.78504293773278,50,3,1,Presentation,OFF,50,,,50,7,step,3,Presentation,,,,
1788583689135,2026-09-05 12:48:09,1162,45.90,45.78504293773278,50,3,1,Presentation,OFF,50,,,50,7,step,3,Presentation,,,,
1788583690137,2026-09-05 12:48:10,1163,45.87,45.78504293773278,50,3,1,Presentation,OFF,50,,,50,7,step,3,Presentation,,,,
1788583691137,2026-09-05 12:48:11,1164,45.84,45.78504293773278,50,3,1,Presentation,OFF,50,,,50,7,step,3,Presentation,,,,
1788583692138,2026-09-05 12:48:12,1163,45.87,45.78504293773278,50,3,1,Presentation,OFF,50,,,50,7,step,3,Presentation,,,,
1788583693139,2026-09-05 12:48:13,1164,45.84,45.78504293773278,50,3,1,Presentation,OFF,50,,,50,7,step,3,Presentation,,,,
1788583694145,2026-09-05 12:48:14,1162,45.90,45.78504293773278,50,3,1,Presentation,OFF,50,,,50,7,step,3,Presentation,,,,
1788583695147,2026-09-05 12:48:15,1163,45.87,45.89801294479355,50,3,1,Presentation,OFF,50,,,50,7,step,3,Presentation,,,,
1788583696148,2026-09-05 12:48:16,1162,45.90,45.89801294479355,50,3,1,Presentation,OFF,50,,,50,7,step,3,Presentation,,,,
1788583697149,2026-09-05 12:48:17,1162,45.90,45.89801294479355,50,3,1,Presentation,OFF,50,,,50,7,step,3,Presentation,,,,
1788583698150,2026-09-05 12:48:18,1164,45.84,45.89801294479355,50,3,1,Presentation,OFF,50,,,50,7,step,3,Presentation,,,,
1788583699151,2026-09-05 12:48:19,1164,45.84,45.89801294479355,50,3,1,Presentation,OFF,50,,,50,7,step,3,Presentation,,,,
1788583700152,2026-09-05 12:48:20,1162,45.90,45.89801294479355,50,3,1,Presentation,OFF,50,,,50,7,step,3,Presentation,,,,
1788583701152,2026-09-05 12:48:21,1160,45.95,45.89801294479355,50,3,1,Presentation,OFF,50,,,50,7,step,3,Presentation,,,,
1788583702154,2026-09-05 12:48:22,1160,45.95,45.89801294479355,50,3,1,Presentation,OFF,50,,,50,7,step,3,Presentation,,,,
1788583703155,2026-09-05 12:48:23,1160,45.95,45.89801294479355,50,3,1,Presentation,OFF,50,,,50,7,step,3,Presentation,,,,
1788583704155,2026-09-05 12:48:24,1162,45.90,45.89801294479355,50,3,1,Presentation,OFF,50,,,50,7,step,3,Presentation,,,,
1788583705156,2026-09-05 12:48:25,1162,45.90,45.89801294479355,50,3,1,Presentation,OFF,50,,,50,7,step,3,Presentation,,,,
1788583706157,2026-09-05 12:48:26,1161,45.93,45.89801294479355,50,3,1,Presentation,OFF,50,,,50,7,step,3,Presentation,,,,
1788583707158,2026-09-05 12:48:27,1161,45.93,45.89801294479355,50,3,1,Presentation,OFF,50,,,50,7,step,3,Presentation,,,,
1788583708160,2026-09-05 12:48:28,1161,45.93,45.89801294479355,50,3,1,Presentation,OFF,50,,,50,7,step,3,Presentation,,,,
1788583709161,2026-09-05 12:48:29,1162,45.90,45.89801294479355,50,3,1,Presentation,OFF,50,,,50,7,step,3,Presentation,,,,
1788583710163,2026-09-05 12:48:30,1160,45.95,45.89801294479355,50,3,1,Presentation,OFF,50,,,50,7,step,3,Presentation,,,,
1788583711163,2026-09-05 12:48:31,1158,46.01,45.89801294479355,50,3,1,Presentation,OFF,50,,,50,7,step,3,Presentation,,,,
1788583712165,2026-09-05 12:48:32,1162,45.90,45.89801294479355,50,3,1,Presentation,OFF,50,,,50,7,step,3,Presentation,,,,
1788583713167,2026-09-05 12:48:33,1162,45.90,45.89801294479355,50,3,1,Presentation,OFF,50,,,50,7,step,3,Presentation,,,,
1788583714169,2026-09-05 12:48:34,1162,45.90,45.89801294479355,50,3,1,Presentation,OFF,50,,,50,7,step,3,Presentation,,,,
1788583715170,2026-09-05 12:48:35,1159,45.98,45.89801294479355,50,3,1,Presentation,OFF,50,,,50,7,step,3,Presentation,,,,
1788583716171,2026-09-05 12:48:36,1158,46.01,45.89801294479355,50,3,1,Presentation,OFF,50,,,50,7,step,3,Presentation,,,,
1788583717172,2026-09-05 12:48:37,1160,45.95,45.89801294479355,50,3,1,Presentation,OFF,50,,,50,7,step,3,Presentation,,,,
1788583718173,2026-09-05 12:48:38,1157,46.04,45.89801294479355,50,3,1,Presentation,OFF,50,,,50,7,step,3,Presentation,,,,
1788583719174,2026-09-05 12:48:39,1160,45.95,45.89801294479355,50,3,1,Presentation,OFF,50,,,50,7,step,3,Presentation,,,,
1788583720174,2026-09-05 12:48:40,1158,46.01,45.89801294479355,50,3,1,Presentation,OFF,50,,,50,7,step,3,Presentation,,,,
1788583721175,2026-09-05 12:48:41,1157,46.04,45.89801294479355,50,3,1,Presentation,OFF,50,,,50,7,step,3,Presentation,,,,
1788583722177,2026-09-05 12:48:42,1160,45.95,45.89801294479355,50,3,1,Presentation,OFF,50,,,50,7,step,3,Presentation,,,,
1788583723177,2026-09-05 12:48:43,1158,46.01,45.89801294479355,50,3,1,Presentation,OFF,50,,,50,7,step,3,Presentation,,,,
1788583724179,2026-09-05 12:48:44,1155,46.10,45.89801294479355,50,3,1,Presentation,OFF,50,,,50,7,step,3,Presentation,,,,
1788583725180,2026-09-05 12:48:45,1158,46.01,46.09647120120155,70,3,1,Presentation,OFF,50,50,foreign_write 70 reassert(was 70),50,7,step,3,Presentation,foreign_write:70,,,
1788583726180,2026-09-05 12:48:46,1154,46.12,46.09647120120155,50,3,1,Presentation,OFF,50,,,50,7,step,3,Presentation,,,,
1788583727182,2026-09-05 12:48:47,1157,46.04,46.09647120120155,50,3,1,Presentation,OFF,50,,,50,7,step,3,Presentation,,,,
1788583728182,2026-09-05 12:48:48,1158,46.01,46.09647120120155,50,3,1,Presentation,OFF,50,,,50,7,step,3,Presentation,,,,
1788583729182,2026-09-05 12:48:49,1159,45.98,46.09647120120155,50,3,1,Presentation,OFF,50,,,50,7,step,3,Presentation,,,,
1788583730184,2026-09-05 12:48:50,1157,46.04,46.09647120120155,50,3,1,Presentation,OFF,50,,,50,7,step,3,Presentation,,,,
1788583731185,2026-09-05 12:48:51,1157,46.04,46.09647120120155,50,3,1,Presentation,OFF,50,,,50,7,step,3,Presentation,,,,
1788583732187,2026-09-05 12:48:52,1157,46.04,46.09647120120155,50,3,1,Presentation,OFF,50,,,50,7,step,3,Presentation,,,,
1788583733186,2026-09-05 12:48:53,1160,45.95,46.09647120120155,50,3,1,Presentation,OFF,50,,,50,7,step,3,Presentation,,,,
1788583734188,2026-09-05 12:48:54,1159,45.98,46.09647120120155,50,3,1,Presentation,OFF,50,,,50,7,step,3,Presentation,,,,
1788583735189,2026-09-05 12:48:55,1157,46.04,46.09647120120155,50,3,1,Presentation,OFF,50,,,50,7,step,3,Presentation,,,,
1788583736190,2026-09-05 12:48:56,1155,46.10,46.09647120120155,50,3,1,Presentation,OFF,50,,,50,7,step,3,Presentation,,,,
1788583737192,2026-09-05 12:48:57,1156,46.07,46.09647120120155,50,3,1,Presentation,OFF,50,,,50,7,step,3,Presentation,,,,
1788583738193,2026-09-05 12:48:58,1157,46.04,46.09647120120155,50,3,1,Presentation,OFF,50,,,50,7,step,3,Presentation,,,,
1788583739195,2026-09-05 12:48:59,1160,45.95,46.09647120120155,50,3,1,Presentation,OFF,50,,,50,7,step,3,Presentation,,,,
1788583740196,2026-09-05 12:49:00,1156,46.07,46.06806033017,50,3,1,Presentation,OFF,50,,,50,7,step,3,Presentation,,,,
1788583741196,2026-09-05 12:49:01,1153,46.15,46.06806033017,50,3,1,Presentation,OFF,50,,,50,7,step,3,Presentation,,,,
1788583742197,2026-09-05 12:49:02,1156,46.07,46.06806033017,50,3,1,Presentation,OFF,50,,,50,7,step,3,Presentation,,,,
1788583743198,2026-09-05 12:49:03,1158,46.01,46.06806033017,50,3,1,Presentation,OFF,50,,,50,7,step,3,Presentation,,,,
1788583744199,2026-09-05 12:49:04,1155,46.10,46.06806033017,50,3,1,Presentation,OFF,50,,,50,7,step,3,Presentation,,,,
1788583745201,2026-09-05 12:49:05,1155,46.10,46.06806033017,50,3,1,Presentation,OFF,50,,,50,7,step,3,Presentation,,,,
1788583746203,2026-09-05 12:49:06,1154,46.12,46.06806033017,50,3,1,Presentation,OFF,50,,,50,7,step,3,Presentation,,,,
1788583747205,2026-09-05 12:49:07,1153,46.15,46.06806033017,50,3,1,Presentation,OFF,50,,,50,7,step,3,Presentation,,,,
1788583748207,2026-09-05 12:49:08,1155,46.10,46.06806033017,50,3,1,Presentation,OFF,50,,,50,7,step,3,Presentation,,,,
1788583749207,2026-09-05 12:49:09,1154,46.12,46.06806033017,50,3,1,Presentation,OFF,50,,,50,7,step,3,Presentation,,,,
1788583750209,2026-09-05 12:49:10,1153,46.15,46.06806033017,50,3,1,Presentation,OFF,50,,,50,7,step,3,Presentation,,,,
1788583751210,2026-09-05 12:49:11,1155,46.10,46.06806033017,50,3,1,Presentation,OFF,50,,,50,7,step,3,Presentation,,,,
1788583752211,2026-09-05 12:49:12,1157,46.04,46.06806033017,50,3,1,Presentation,OFF,50,,,50,7,step,3,Presentation,,,,
1788583753213,2026-09-05 12:49:13,1156,46.07,46.06806033017,50,3,1,Presentation,OFF,50,,,50,7,step,3,Presentation,,,,
1788583754214,2026-09-05 12:49:14,1151,46.21,46.21031518561301,50,3,1,Presentation,OFF,50,,,50,7,step,3,Presentation,,,,
1788583755215,2026-09-05 12:49:15,1154,46.12,46.21031518561301,50,3,1,Presentation,OFF,50,,,50,7,step,3,Presentation,,,,
1788583756215,2026-09-05 12:49:16,1154,46.12,46.21031518561301,50,3,1,Presentation,OFF,50,,,50,7,step,3,Presentation,,,,
1788583757217,2026-09-05 12:49:17,1151,46.21,46.21031518561301,50,3,1,Presentation,OFF,50,,,50,7,step,3,Presentation,,,,
1788583758216,2026-09-05 12:49:18,1152,46.18,46.21031518561301,50,3,1,Presentation,OFF,50,,,50,7,step,3,Presentation,,,,
1788583759218,2026-09-05 12:49:19,1151,46.21,46.21031518561301,50,3,1,Presentation,OFF,50,,,50,7,step,3,Presentation,,,,
1788583760217,2026-09-05 12:49:20,1155,46.10,46.21031518561301,50,3,1,Presentation,OFF,50,,,50,7,step,3,Presentation,,,,
1788583761219,2026-09-05 12:49:21,1151,46.21,46.21031518561301,50,3,1,Presentation,OFF,50,,,50,7,step,3,Presentation,,,,
1788583762219,2026-09-05 12:49:22,1156,46.07,46.21031518561301,50,3,1,Presentation,OFF,50,,,50,7,step,3,Presentation,,,,
1788583763221,2026-09-05 12:49:23,1150,46.24,46.21031518561301,50,3,1,Presentation,OFF,50,,,50,7,step,3,Presentation,,,,
1788583764221,2026-09-05 12:49:24,1153,46.15,46.21031518561301,50,3,1,Presentation,OFF,50,,,50,7,step,3,Presentation,,,,
1788583765223,2026-09-05 12:49:25,1154,46.12,46.21031518561301,50,3,1,Presentation,OFF,50,,,50,7,step,3,Presentation,,,,
1788583766224,2026-09-05 12:49:26,1151,46.21,46.21031518561301,50,3,1,Presentation,OFF,50,,,50,7,step,3,Presentation,,,,
1788583767224,2026-09-05 12:49:27,1149,46.27,46.21031518561301,50,3,1,Presentation,OFF,50,,,50,7,step,3,Presentation,,,,
1788583768226,2026-09-05 12:49:28,1153,46.15,46.21031518561301,50,3,1,Presentation,OFF,50,,,50,7,step,3,Presentation,,,,
1788583769230,2026-09-05 12:49:29,1153,46.15,46.15335300948635,50,3,1,Presentation,OFF,50,,,50,7,step,3,Presentation,,,,
1788583770234,2026-09-05 12:49:30,1154,46.12,46.15335300948635,50,3,1,Presentation,OFF,50,,,50,7,step,3,Presentation,,,,
1788583771234,2026-09-05 12:49:31,1150,46.24,46.15335300948635,50,3,1,Presentation,OFF,50,,,50,7,step,3,Presentation,,,,
1788583772235,2026-09-05 12:49:32,1149,46.27,46.15335300948635,50,3,1,Presentation,OFF,50,,,50,7,step,3,Presentation,,,,
1788583773235,2026-09-05 12:49:33,1150,46.24,46.15335300948635,50,3,1,Presentation,OFF,50,,,50,7,step,3,Presentation,,,,
1788583774236,2026-09-05 12:49:34,1153,46.15,46.15335300948635,50,3,1,Presentation,OFF,50,,,50,7,step,3,Presentation,,,,
1788583775237,2026-09-05 12:49:35,1148,46.30,46.15335300948635,50,3,1,Presentation,OFF,50,,,50,7,step,3,Presentation,,,,
1788583776238,2026-09-05 12:49:36,1149,46.27,46.15335300948635,50,3,1,Presentation,OFF,50,,,50,7,step,3,Presentation,,,,
1788583777238,2026-09-05 12:49:37,1149,46.27,46.15335300948635,50,3,1,Presentation,OFF,50,,,50,7,step,3,Presentation,,,,
1788583778239,2026-09-05 12:49:38,1149,46.27,46.15335300948635,50,3,1,Presentation,OFF,50,,,50,7,step,3,Presentation,,,,
1788583779241,2026-09-05 12:49:39,1148,46.30,46.15335300948635,50,3,1,Presentation,OFF,50,,,50,7,step,3,Presentation,,,,
1788583780242,2026-09-05 12:49:40,1137,46.61,46.15335300948635,50,3,1,Presentation,OFF,50,,,50,7,step,3,Presentation,,,,
1788583781242,2026-09-05 12:49:41,1150,46.24,46.15335300948635,50,3,1,Presentation,OFF,50,,,50,7,step,3,Presentation,,,,
1788583782243,2026-09-05 12:49:42,1149,46.27,46.15335300948635,50,3,1,Presentation,OFF,50,,,50,7,step,3,Presentation,,,,
1788583783244,2026-09-05 12:49:43,1149,46.27,46.15335300948635,50,3,1,Presentation,OFF,50,,,50,7,step,3,Presentation,,,,
1788583784246,2026-09-05 12:49:44,1147,46.32,46.15335300948635,50,3,1,Presentation,OFF,50,,,50,7,step,3,Presentation,,,,
1788583785246,2026-09-05 12:49:45,1148,46.30,46.32448199118596,50,3,1,Presentation,OFF,50,,,50,7,step,3,Presentation,,,,
1788583786247,2026-09-05 12:49:46,1147,46.32,46.32448199118596,50,3,1,Presentation,OFF,50,,,50,7,step,3,Presentation,,,,
1788583787248,2026-09-05 12:49:47,1147,46.32,46.32448199118596,50,3,1,Presentation,OFF,50,,,50,7,step,3,Presentation,,,,
1788583788249,2026-09-05 12:49:48,1150,46.24,46.32448199118596,50,3,1,Presentation,OFF,50,,,50,7,step,3,Presentation,,,,
1788583789251,2026-09-05 12:49:49,1148,46.30,46.32448199118596,50,3,1,Presentation,OFF,50,,,50,7,step,3,Presentation,,,,
1788583790251,2026-09-05 12:49:50,1149,46.27,46.32448199118596,50,3,1,Presentation,OFF,50,,,50,7,step,3,Presentation,,,,
1788583791251,2026-09-05 12:49:51,1149,46.27,46.32448199118596,50,3,1,Presentation,OFF,50,,,50,7,step,3,Presentation,,,,
1788583792253,2026-09-05 12:49:52,1145,46.38,46.32448199118596,50,3,1,Presentation,OFF,50,,,50,7,step,3,Presentation,,,,
1788583793255,2026-09-05 12:49:53,1147,46.32,46.32448199118596,50,3,1,Presentation,OFF,50,,,50,7,step,3,Presentation,,,,
1788583794255,2026-09-05 12:49:54,1147,46.32,46.32448199118596,50,3,1,Presentation,OFF,50,,,50,7,step,3,Presentation,,,,
1788583795256,2026-09-05 12:49:55,1149,46.27,46.32448199118596,50,3,1,Presentation,OFF,50,,,50,7,step,3,Presentation,,,,
1788583796258,2026-09-05 12:49:56,1148,46.30,46.32448199118596,50,3,1,Presentation,OFF,50,,,50,7,step,3,Presentation,,,,
1788583797258,2026-09-05 12:49:57,1145,46.38,46.32448199118596,50,3,1,Presentation,OFF,50,,,50,7,step,3,Presentation,,,,
1788583798258,2026-09-05 12:49:58,1145,46.38,46.32448199118596,50,3,1,Presentation,OFF,50,,,50,7,step,3,Presentation,,,,
1788583799260,2026-09-05 12:49:59,1146,46.35,46.32448199118596,50,3,1,Presentation,OFF,45,45,DLPC temp UNAVAILABLE,45,8,step,3,Presentation,step_end:settled;step_start duty=45 mode=Presentation;dlpc_unavailable,,,unavailable
1788583800260,2026-09-05 12:50:00,1146,46.35,46.353074451207476,45,3,1,Presentation,OFF,45,,,45,8,step,3,Presentation,,,,
1788583801261,2026-09-05 12:50:01,1146,46.35,46.353074451207476,45,3,1,Presentation,OFF,45,,,45,8,step,3,Presentation,,,,
1788583802262,2026-09-05 12:50:02,1147,46.32,46.353074451207476,45,3,1,Presentation,OFF,45,,,45,8,step,3,Presentation,,,,
1788583803263,2026-09-05 12:50:03,1147,46.32,46.353074451207476,45,3,1,Presentation,OFF,45,,,45,8,step,3,Presentation,,,,
1788583804264,2026-09-05 12:50:04,1145,46.38,46.353074451207476,45,3,1,Presentation,OFF,45,,,45,8,step,3,Presentation,,,,
1788583805265,2026-09-05 12:50:05,1147,46.32,46.353074451207476,45,3,1,Presentation,OFF,45,,,45,8,step,3,Presentation,,,,
1788583806266,2026-09-05 12:50:06,1143,46.44,46.353074451207476,45,3,1,Presentation,OFF,45,,,45,8,step,3,Presentation,,,,
1788583807266,2026-09-05 12:50:07,1145,46.38,46.353074451207476,45,3,1,Presentation,OFF,45,,,45,8,step,3,Presentation,,,,
1788583808267,2026-09-05 12:50:08,1143,46.44,46.353074451207476,45,3,1,Presentation,OFF,45,,,45,8,step,3,Presentation,,,,
1788583809268,2026-09-05 12:50:09,1144,46.41,46.353074451207476,45,3,1,Presentation,OFF,45,,,45,8,step,3,Presentation,,,,
1788583810269,2026-09-05 12:50:10,1145,46.38,46.353074451207476,45,3,1,Presentation,OFF,45,,,45,8,step,3,Presentation,,,,
1788583811269,2026-09-05 12:50:11,1144,46.41,46.353074451207476,45,3,1,Presentation,OFF,45,,,45,8,step,3,Presentation,,,,
1788583812269,2026-09-05 12:50:12,1142,46.47,46.353074451207476,45,3,1,Presentation,OFF,45,,,45,8,step,3,Presentation,,,,
1788583813270,2026-09-05 12:50:13,1141,46.50,46.353074451207476,45,3,1,Presentation,OFF,45,,,45,8,step,3,Presentation,,,,
1788583814270,2026-09-05 12:50:14,1142,46.47,46.353074451207476,45,3,1,Presentation,OFF,45,,,45,8,step,3,Presentation,,,,
1788583815271,2026-09-05 12:50:15,1141,46.50,46.467648608057914,45,3,1,Presentation,OFF,45,,,45,8,step,3,Presentation,,,,
1788583816272,2026-09-05 12:50:16,1141,46.50,46.467648608057914,45,3,1,Presentation,OFF,45,,,45,8,step,3,Presentation,,,,
1788583817272,2026-09-05 12:50:17,1140,46.53,46.467648608057914,45,3,1,Presentation,OFF,45,,,45,8,step,3,Presentation,,,,
1788583818273,2026-09-05 12:50:18,1140,46.53,46.467648608057914,45,3,1,Presentation,OFF,45,,,45,8,step,3,Presentation,,,,
1788583819275,2026-09-05 12:50:19,1138,46.58,46.467648608057914,45,3,1,Presentation,OFF,45,,,45,8,step,3,Presentation,,,,
1788583820275,2026-09-05 12:50:20,1135,46.67,46.467648608057914,45,3,1,Presentation,OFF,45,,,45,8,step,3,Presentation,,,,
1788583821276,2026-09-05 12:50:21,1135,46.67,46.467648608057914,45,3,1,Presentation,OFF,45,,,45,8,step,3,Presentation,,,,
1788583822278,2026-09-05 12:50:22,1138,46.58,46.467648608057914,45,3,1,Presentation,OFF,45,,,45,8,step,3,Presentation,,,,
1788583823279,2026-09-05 12:50:23,1138,46.58,46.467648608057914,45,3,1,Presentation,OFF,45,,,45,8,step,3,Presentation,,,,
1788583824280,2026-09-05 12:50:24,1138,46.58,46.467648608057914,45,3,1,Presentation,OFF,45,,,45,8,step,3,Presentation,,,,
1788583825281,2026-09-05 12:50:25,1136,46.64,46.467648608057914,45,3,1,Presentation,OFF,45,,,45,8,step,3,Presentation,,,,
1788583826283,2026-09-05 12:50:26,1134,46.70,46.467648608057914,45,3,1,Presentation,OFF,45,,,45,8,step,3,Presentation,,,,
1788583827283,2026-09-05 12:50:27,1137,46.61,46.467648608057914,45,3,1,Presentation,OFF,45,,,45,8,step,3,Presentation,,,,
1788583828285,2026-09-05 12:50:28,1132,46.76,46.467648608057914,45,3,1,Presentation,OFF,45,,,45,8,step,3,Presentation,,,,
1788583829286,2026-09-05 12:50:29,1134,46.70,46.467648608057914,45,3,1,Presentation,OFF,45,,,45,8,step,3,Presentation,,,,
1788583830288,2026-09-05 12:50:30,1131,46.78,46.69778663344954,45,3,1,Presentation,OFF,45,,,45,8,step,3,Presentation,,,,
1788583831289,2026-09-05 12:50:31,1134,46.70,46.69778663344954,45,3,1,Presentation,OFF,45,,,45,8,step,3,Presentation,,,,
1788583832290,2026-09-05 12:50:32,1134,46.70,46.69778663344954,45,3,1,Presentation,OFF,45,,,45,8,step,3,Presentation,,,,
1788583833290,2026-09-05 12:50:33,1131,46.78,46.69778663344954,45,3,1,Presentation,OFF,45,,,45,8,step,3,Presentation,,,,
1788583834291,2026-09-05 12:50:34,1134,46.70,46.69778663344954,45,3,1,Presentation,OFF,45,,,45,8,step,3,Presentation,,,,
1788583835292,2026-09-05 12:50:35,1132,46.76,46.69778663344954,45,3,1,Presentation,OFF,45,,,45,8,step,3,Presentation,,,,
1788583836294,2026-09-05 12:50:36,1131,46.78,46.69778663344954,45,3,1,Presentation,OFF,45,,,45,8,step,3,Presentation,,,,
1788583837295,2026-09-05 12:50:37,1133,46.73,46.69778663344954,45,3,1,Presentation,OFF,45,,,45,8,step,3,Presentation,,,,
1788583838296,2026-09-05 12:50:38,1131,46.78,46.69778663344954,45,3,1,Presentation,OFF,45,,,45,8,step,3,Presentation,,,,
1788583839296,2026-09-05 12:50:39,1129,46.84,46.69778663344954,45,3,1,Presentation,OFF,45,,,45,8,step,3,Presentation,,,,
1788583840297,2026-09-05 12:50:40,1130,46.81,46.69778663344954,45,3,1,Presentation,OFF,45,,,45,8,step,3,Presentation,,,,
1788583841298,2026-09-05 12:50:41,1132,46.76,46.69778663344954,45,3,1,Presentation,OFF,45,,,45,8,step,3,Presentation,,,,
1788583842298,2026-09-05 12:50:42,1130,46.81,46.69778663344954,45,3,1,Presentation,OFF,45,,,45,8,step,3,Presentation,,,,
1788583843299,2026-09-05 12:50:43,1120,47.10,46.69778663344954,45,3,1,Presentation,OFF,45,,,45,8,step,3,Presentation,,,,
1788583844301,2026-09-05 12:50:44,1127,46.90,46.69778663344954,45,3,1,Presentation,OFF,45,,,45,8,step,3,Presentation,,,,
1788583845301,2026-09-05 12:50:45,1128,46.87,46.9002544690797,45,3,1,Presentation,OFF,45,,,45,8,step,3,Presentation,,,,
1788583846302,2026-09-05 12:50:46,1129,46.84,46.9002544690797,45,3,1,Presentation,OFF,45,,,45,8,step,3,Presentation,,,,
1788583847302,2026-09-05 12:50:47,1127,46.90,46.9002544690797,45,3,1,Presentation,OFF,45,,,45,8,step,3,Presentation,,,,
1788583848304,2026-09-05 12:50:48,1125,46.96,46.9002544690797,45,3,1,Presentation,OFF,45,,,45,8,step,3,Presentation,,,,
1788583849305,2026-09-05 12:50:49,1129,46.84,46.9002544690797,45,3,1,Presentation,OFF,45,,,45,8,step,3,Presentation,,,,
1788583850305,2026-09-05 12:50:50,1127,46.90,46.9002544690797,45,3,1,Presentation,OFF,45,,,45,8,step,3,Presentation,,,,
1788583851307,2026-09-05 12:50:51,1126,46.93,46.9002544690797,45,3,1,Presentation,OFF,45,,,45,8,step,3,Presentation,,,,
1788583852308,2026-09-05 12:50:52,1125,46.96,46.9002544690797,45,3,1,Presentation,OFF,45,,,45,8,step,3,Presentation,,,,
1788583853308,2026-09-05 12:50:53,1126,46.93,46.9002544690797,45,3,1,Presentation,OFF,45,,,45,8,step,3,Presentation,,,,
1788583854309,2026-09-05 12:50:54,1128,46.87,46.9002544690797,45,3,1,Presentation,OFF,45,,,45,8,step,3,Presentation,,,,
1788583855310,2026-09-05 12:50:55,1126,46.93,46.9002544690797,45,3,1,Presentation,OFF,45,,,45,8,step,3,Presentation,,,,
1788583856310,2026-09-05 12:50:56,1126,46.93,46.9002544690797,45,3,1,Presentation,OFF,45,,,45,8,step,3,Presentation,,,,
1788583857311,2026-09-05 12:50:57,1128,46.87,46.9002544690797,45,3,1,Presentation,OFF,45,,,45,8,step,3,Presentation,,,,
1788583858312,2026-09-05 12:50:58,1129,46.84,46.9002544690797,45,3,1,Presentation,OFF,45,,,45,8,step,3,Presentation,,,,
1788583859313,2026-09-05 12:50:59,1126,46.93,46.9002544690797,45,3,1,Presentation,OFF,45,,,45,8,step,3,Presentation,,,,
1788583860315,2026-09-05 12:51:00,1126,46.93,46.929262978553254,45,3,1,Presentation,OFF,45,,,45,8,step,3,Presentation,,,,
1788583861316,2026-09-05 12:51:01,1122,47.05,46.929262978553254,45,3,1,Presentation,OFF,45,,,45,8,step,3,Presentation,,,,
1788583862316,2026-09-05 12:51:02,1125,46.96,46.929262978553254,45,3,1,Presentation,OFF,45,,,45,8,step,3,Presentation,,,,
1788583863317,2026-09-05 12:51:03,1123,47.02,46.929262978553254,45,3,1,Presentation,OFF,45,,,45,8,step,3,Presentation,,,,
1788583864319,2026-09-05 12:51:04,1121,47.07,46.929262978553254,45,3,1,Presentation,OFF,45,,,45,8,step,3,Presentation,,,,
1788583865320,2026-09-05 12:51:05,1125,46.96,46.929262978553254,45,3,1,Presentation,OFF,45,,,45,8,step,3,Presentation,,,,
1788583866321,2026-09-05 12:51:06,1123,47.02,46.929262978553254,45,3,1,Presentation,OFF,45,,,45,8,step,3,Presentation,,,,
1788583867323,2026-09-05 12:51:07,1122,47.05,46.929262978553254,45,3,1,Presentation,OFF,45,,,45,8,step,3,Presentation,,,,
1788583868324,2026-09-05 12:51:08,1126,46.93,46.929262978553254,45,3,1,Presentation,OFF,45,,,45,8,step,3,Presentation,,,,
1788583869324,2026-09-05 12:51:09,1122,47.05,46.929262978553254,45,3,1,Presentation,OFF,45,,,45,8,step,3,Presentation,,,,
1788583870324,2026-09-05 12:51:10,1124,46.99,46.929262978553254,45,3,1,Presentation,OFF,45,,,45,8,step,3,Presentation,,,,
1788583871325,2026-09-05 12:51:11,1122,47.05,46.929262978553254,45,3,1,Presentation,OFF,45,,,45,8,step,3,Presentation,,,,
1788583872326,2026-09-05 12:51:12,1122,47.05,46.929262978553254,45,3,1,Presentation,OFF,45,,,45,8,step,3,Presentation,,,,
1788583873327,2026-09-05 12:51:13,1121,47.07,46.929262978553254,45,3,1,Presentation,OFF,45,,,45,8,step,3,Presentation,,,,
1788583874327,2026-09-05 12:51:14,1123,47.02,46.929262978553254,45,3,1,Presentation,OFF,45,,,45,8,step,3,Presentation,,,,
1788583875328,2026-09-05 12:51:15,1119,47.13,47.016416295728106,70,3,1,Presentation,OFF,45,45,foreign_write 70 reassert(was 70),45,8,step,3,Presentation,foreign_write:70,,,
1788583876328,2026-09-05 12:51:16,1121,47.07,47.016416295728106,45,3,1,Presentation,OFF,45,,,45,8,step,3,Presentation,,,,
1788583877330,2026-09-05 12:51:17,1124,46.99,47.016416295728106,45,3,1,Presentation,OFF,45,,,45,8,step,3,Presentation,,,,
1788583878330,2026-09-05 12:51:18,1121,47.07,47.016416295728106,45,3,1,Presentation,OFF,45,,,45,8,step,3,Presentation,,,,
1788583879332,2026-09-05 12:51:19,1120,47.10,47.016416295728106,45,3,1,Presentation,OFF,45,,,45,8,step,3,Presentation,,,,
1788583880333,2026-09-05 12:51:20,1123,47.02,47.016416295728106,45,3,1,Presentation,OFF,45,,,45,8,step,3,Presentation,,,,
1788583881334,2026-09-05 12:51:21,1118,47.16,47.016416295728106,45,3,1,Presentation,OFF,45,,,45,8,step,3,Presentation,,,,
1788583882336,2026-09-05 12:51:22,1118,47.16,47.016416295728106,45,3,1,Presentation,OFF,45,,,45,8,step,3,Presentation,,,,
1788583883336,2026-09-05 12:51:23,1120,47.10,47.016416295728106,45,3,1,Presentation,OFF,45,,,45,8,step,3,Presentation,,,,
1788583884337,2026-09-05 12:51:24,1122,47.05,47.016416295728106,45,3,1,Presentation,OFF,45,,,45,8,step,3,Presentation,,,,
1788583885339,2026-09-05 12:51:25,1122,47.05,47.016416295728106,45,3,1,Presentation,OFF,45,,,45,8,step,3,Presentation,,,,
1788583886339,2026-09-05 12:51:26,1119,47.13,47.016416295728106,45,3,1,Presentation,OFF,45,,,45,8,step,3,Presentation,,,,
1788583887341,2026-09-05 12:51:27,1121,47.07,47.016416295728106,45,3,1,Presentation,OFF,45,,,45,8,step,3,Presentation,,,,
1788583888342,2026-09-05 12:51:28,1117,47.19,47.016416295728106,45,3,1,Presentation,OFF,45,,,45,8,step,3,Presentation,,,,
1788583889342,2026-09-05 12:51:29,1119,47.13,47.016416295728106,45,3,1,Presentation,OFF,45,,,45,8,step,3,Presentation,,,,
1788583890343,2026-09-05 12:51:30,1118,47.16,47.132920588344064,45,3,1,Presentation,OFF,45,,,45,8,step,3,Presentation,,,,
1788583891345,2026-09-05 12:51:31,1118,47.16,47.132920588344064,45,3,1,Presentation,OFF,45,,,45,8,step,3,Presentation,,,,
1788583892346,2026-09-05 12:51:32,1118,47.16,47.132920588344064,45,3,1,Presentation,OFF,45,,,45,8,step,3,Presentation,,,,
1788583893347,2026-09-05 12:51:33,1116,47.22,47.132920588344064,45,3,1,Presentation,OFF,45,,,45,8,step,3,Presentation,,,,
1788583894348,2026-09-05 12:51:34,1117,47.19,47.132920588344064,45,3,1,Presentation,OFF,45,,,45,8,step,3,Presentation,,,,
1788583895348,2026-09-05 12:51:35,1119,47.13,47.132920588344064,45,3,1,Presentation,OFF,45,,,45,8,step,3,Presentation,,,,
1788583896350,2026-09-05 12:51:36,1118,47.16,47.132920588344064,45,3,1,Presentation,OFF,45,,,45,8,step,3,Presentation,,,,
1788583897351,2026-09-05 12:51:37,1114,47.28,47.132920588344064,45,3,1,Presentation,OFF,45,,,45,8,step,3,Presentation,,,,
1788583898351,2026-09-05 12:51:38,1116,47.22,47.132920588344064,45,3,1,Presentation,OFF,45,,,45,8,step,3,Presentation,,,,
1788583899353,2026-09-05 12:51:39,1116,47.22,47.132920588344064,45,3,1,Presentation,OFF,45,,,45,8,step,3,Presentation,,,,
1788583900354,2026-09-05 12:51:40,1117,47.19,47.132920588344064,45,3,1,Presentation,OFF,45,,,45,8,step,3,Presentation,,,,
1788583901355,2026-09-05 12:51:41,1114,47.28,47.132920588344064,45,3,1,Presentation,OFF,45,,,45,8,step,3,Presentation,,,,
1788583902357,2026-09-05 12:51:42,1115,47.25,47.132920588344064,45,3,1,Presentation,OFF,45,,,45,8,step,3,Presentation,,,,
1788583903358,2026-09-05 12:51:43,1115,47.25,47.132920588344064,45,3,1,Presentation,OFF,45,,,45,8,step,3,Presentation,,,,
1788583904359,2026-09-05 12:51:44,1117,47.19,47.132920588344064,45,3,1,Presentation,OFF,45,,,45,8,step,3,Presentation,,,,
1788583905360,2026-09-05 12:51:45,1116,47.22,47.19130207350696,45,3,1,Presentation,OFF,45,,,45,8,step,3,Presentation,,,,
1788583906361,2026-09-05 12:51:46,1116,47.22,47.19130207350696,45,3,1,Presentation,OFF,45,,,45,8,step,3,Presentation,,,,
1788583907362,2026-09-05 12:51:47,1115,47.25,47.19130207350696,45,3,1,Presentation,OFF,45,,,45,8,step,3,Presentation,,,,
1788583908362,2026-09-05 12:51:48,1115,47.25,47.19130207350696,45,3,1,Presentation,OFF,45,,,45,8,step,3,Presentation,,,,
1788583909364,2026-09-05 12:51:49,1113,47.31,47.19130207350696,45,3,1,Presentation,OFF,45,,,45,8,step,3,Presentation,,,,
1788583910365,2026-09-05 12:51:50,1113,47.31,47.19130207350696,45,3,1,Presentation,OFF,45,,,45,8,step,3,Presentation,,,,
1788583911366,2026-09-05 12:51:51,1118,47.16,47.19130207350696,45,3,1,Presentation,OFF,45,,,45,8,step,3,Presentation,,,,
1788583912366,2026-09-05 12:51:52,1113,47.31,47.19130207350696,45,3,1,Presentation,OFF,45,,,45,8,step,3,Presentation,,,,
1788583913368,2026-09-05 12:51:53,1113,47.31,47.19130207350696,45,3,1,Presentation,OFF,45,,,45,8,step,3,Presentation,,,,
1788583914369,2026-09-05 12:51:54,1113,47.31,47.19130207350696,45,3,1,Presentation,OFF,45,,,45,8,step,3,Presentation,,,,
1788583915371,2026-09-05 12:51:55,1114,47.28,47.19130207350696,45,3,1,Presentation,OFF,45,,,45,8,step,3,Presentation,,,,
1788583916372,2026-09-05 12:51:56,1112,47.34,47.19130207350696,45,3,1,Presentation,OFF,45,,,45,8,step,3,Presentation,,,,
1788583917372,2026-09-05 12:51:57,1111,47.37,47.19130207350696,45,3,1,Presentation,OFF,45,,,45,8,step,3,Presentation,,,,
1788583918374,2026-09-05 12:51:58,1115,47.25,47.19130207350696,45,3,1,Presentation,OFF,45,,,45,8,step,3,Presentation,,,,
1788583919376,2026-09-05 12:51:59,1111,47.37,47.36696832024069,45,3,1,Presentation,OFF,45,,,45,8,step,3,Presentation,,,,
1788583920376,2026-09-05 12:52:00,1112,47.34,47.36696832024069,45,3,1,Presentation,OFF,45,,,45,8,step,3,Presentation,,,,
1788583921378,2026-09-05 12:52:01,1114,47.28,47.36696832024069,45,3,1,Presentation,OFF,45,,,45,8,step,3,Presentation,,,,
1788583922379,2026-09-05 12:52:02,1111,47.37,47.36696832024069,45,3,1,Presentation,OFF,45,,,45,8,step,3,Presentation,,,,
1788583923380,2026-09-05 12:52:03,1112,47.34,47.36696832024069,45,3,1,Presentation,OFF,45,,,45,8,step,3,Presentation,,,,
1788583924381,2026-09-05 12:52:04,1111,47.37,47.36696832024069,45,3,1,Presentation,OFF,45,,,45,8,step,3,Presentation,,,,
1788583925382,2026-09-05 12:52:05,1111,47.37,47.36696832024069,45,3,1,Presentation,OFF,45,,,45,8,step,3,Presentation,,,,
1788583926383,2026-09-05 12:52:06,1110,47.40,47.36696832024069,45,3,1,Presentation,OFF,45,,,45,8,step,3,Presentation,,,,
1788583927384,2026-09-05 12:52:07,1111,47.37,47.36696832024069,45,3,1,Presentation,OFF,45,,,45,8,step,3,Presentation,,,,
1788583928386,2026-09-05 12:52:08,1111,47.37,47.36696832024069,45,3,1,Presentation,OFF,45,,,45,8,step,3,Presentation,,,,
1788583929387,2026-09-05 12:52:09,1110,47.40,47.36696832024069,45,3,1,Presentation,OFF,45,,,45,8,step,3,Presentation,,,,
1788583930388,2026-09-05 12:52:10,1112,47.34,47.36696832024069,45,3,1,Presentation,OFF,45,,,45,8,step,3,Presentation,,,,
1788583931389,2026-09-05 12:52:11,1109,47.43,47.36696832024069,45,3,1,Presentation,OFF,45,,,45,8,step,3,Presentation,,,,
1788583932390,2026-09-05 12:52:12,1112,47.34,47.36696832024069,45,3,1,Presentation,OFF,45,,,45,8,step,3,Presentation,,,,
1788583933390,2026-09-05 12:52:13,1110,47.40,47.36696832024069,45,3,1,Presentation,OFF,45,,,45,8,step,3,Presentation,,,,
1788583934391,2026-09-05 12:52:14,1110,47.40,47.39632261208095,45,3,1,Presentation,OFF,45,,,45,8,step,3,Presentation,,,,
1788583935392,2026-09-05 12:52:15,1110,47.40,47.39632261208095,45,3,1,Presentation,OFF,45,,,45,8,step,3,Presentation,,,,
1788583936393,2026-09-05 12:52:16,1109,47.43,47.39632261208095,45,3,1,Presentation,OFF,45,,,45,8,step,3,Presentation,,,,
1788583937395,2026-09-05 12:52:17,1109,47.43,47.39632261208095,45,3,1,Presentation,OFF,45,,,45,8,step,3,Presentation,,,,
1788583938396,2026-09-05 12:52:18,1109,47.43,47.39632261208095,45,3,1,Presentation,OFF,45,,,45,8,step,3,Presentation,,,,
1788583939396,2026-09-05 12:52:19,1107,47.48,47.39632261208095,45,3,1,Presentation,OFF,45,,,45,8,step,3,Presentation,,,,
1788583940398,2026-09-05 12:52:20,1109,47.43,47.39632261208095,45,3,1,Presentation,OFF,45,,,45,8,step,3,Presentation,,,,
1788583941399,2026-09-05 12:52:21,1108,47.46,47.39632261208095,45,3,1,Presentation,OFF,45,,,45,8,step,3,Presentation,,,,
1788583942400,2026-09-05 12:52:22,1110,47.40,47.39632261208095,45,3,1,Presentation,OFF,45,,,45,8,step,3,Presentation,,,,
1788583943401,2026-09-05 12:52:23,1106,47.51,47.39632261208095,45,3,1,Presentation,OFF,45,,,45,8,step,3,Presentation,,,,
1788583944402,2026-09-05 12:52:24,1111,47.37,47.39632261208095,45,3,1,Presentation,OFF,45,,,45,8,step,3,Presentation,,,,
1788583945403,2026-09-05 12:52:25,1109,47.43,47.39632261208095,45,3,1,Presentation,OFF,45,,,45,8,step,3,Presentation,,,,
1788583946404,2026-09-05 12:52:26,1113,47.31,47.39632261208095,45,3,1,Presentation,OFF,45,,,45,8,step,3,Presentation,,,,
1788583947405,2026-09-05 12:52:27,1107,47.48,47.39632261208095,45,3,1,Presentation,OFF,45,,,45,8,step,3,Presentation,,,,
1788583948407,2026-09-05 12:52:28,1107,47.48,47.39632261208095,45,3,1,Presentation,OFF,45,,,45,8,step,3,Presentation,,,,
1788583949410,2026-09-05 12:52:29,1106,47.51,47.39632261208095,45,3,1,Presentation,OFF,45,,,45,8,step,3,Presentation,,,,
1788583950411,2026-09-05 12:52:30,1105,47.54,47.51396031566702,45,3,1,Presentation,OFF,45,,,45,8,step,3,Presentation,,,,
1788583951414,2026-09-05 12:52:31,1109,47.43,47.51396031566702,45,3,1,Presentation,OFF,45,,,45,8,step,3,Presentation,,,,
1788583952415,2026-09-05 12:52:32,1108,47.46,47.51396031566702,45,3,1,Presentation,OFF,45,,,45,8,step,3,Presentation,,,,
1788583953416,2026-09-05 12:52:33,1105,47.54,47.51396031566702,45,3,1,Presentation,OFF,45,,,45,8,step,3,Presentation,,,,
1788583954418,2026-09-05 12:52:34,1107,47.48,47.51396031566702,45,3,1,Presentation,OFF,45,,,45,8,step,3,Presentation,,,,
1788583955419,2026-09-05 12:52:35,1104,47.57,47.51396031566702,45,3,1,Presentation,OFF,45,,,45,8,step,3,Presentation,,,,
1788583956421,2026-09-05 12:52:36,1106,47.51,47.51396031566702,45,3,1,Presentation,OFF,45,,,45,8,step,3,Presentation,,,,
1788583957421,2026-09-05 12:52:37,1105,47.54,47.51396031566702,45,3,1,Presentation,OFF,45,,,45,8,step,3,Presentation,,,,
1788583958423,2026-09-05 12:52:38,1108,47.46,47.51396031566702,45,3,1,Presentation,OFF,45,,,45,8,step,3,Presentation,,,,
1788583959425,2026-09-05 12:52:39,1104,47.57,47.51396031566702,45,3,1,Presentation,OFF,45,,,45,8,step,3,Presentation,,,,
1788583960425,2026-09-05 12:52:40,1106,47.51,47.51396031566702,45,3,1,Presentation,OFF,45,,,45,8,step,3,Presentation,,,,
1788583961428,2026-09-05 12:52:41,1107,47.48,47.51396031566702,45,3,1,Presentation,OFF,45,,,45,8,step,3,Presentation,,,,
1788583962429,2026-09-05 12:52:42,1105,47.54,47.51396031566702,45,3,1,Presentation,OFF,45,,,45,8,step,3,Presentation,,,,
1788583963430,2026-09-05 12:52:43,1104,47.57,47.51396031566702,45,3,1,Presentation,OFF,45,,,45,8,step,3,Presentation,,,,
1788583964434,2026-09-05 12:52:44,1105,47.54,47.54342511274615,45,3,1,Presentation,OFF,45,,,45,8,step,3,Presentation,,,,
1788583965433,2026-09-05 12:52:45,1107,47.48,47.54342511274615,45,3,1,Presentation,OFF,45,,,45,8,step,3,Presentation,,,,
1788583966434,2026-09-05 12:52:46,1106,47.51,47.54342511274615,45,3,1,Presentation,OFF,45,,,45,8,step,3,Presentation,,,,
1788583967436,2026-09-05 12:52:47,1105,47.54,47.54342511274615,45,3,1,Presentation,OFF,45,,,45,8,step,3,Presentation,,,,
1788583968438,2026-09-05 12:52:48,1108,47.46,47.54342511274615,45,3,1,Presentation,OFF,45,,,45,8,step,3,Presentation,,,,
1788583969439,2026-09-05 12:52:49,1105,47.54,47.54342511274615,45,3,1,Presentation,OFF,45,,,45,8,step,3,Presentation,,,,
1788583970440,2026-09-05 12:52:50,1108,47.46,47.54342511274615,45,3,1,Presentation,OFF,45,,,45,8,step,3,Presentation,,,,
1788583971441,2026-09-05 12:52:51,1106,47.51,47.54342511274615,45,3,1,Presentation,OFF,45,,,45,8,step,3,Presentation,,,,
1788583972442,2026-09-05 12:52:52,1105,47.54,47.54342511274615,45,3,1,Presentation,OFF,45,,,45,8,step,3,Presentation,,,,
1788583973442,2026-09-05 12:52:53,1102,47.63,47.54342511274615,45,3,1,Presentation,OFF,45,,,45,8,step,3,Presentation,,,,
1788583974443,2026-09-05 12:52:54,1104,47.57,47.54342511274615,45,3,1,Presentation,OFF,45,,,45,8,step,3,Presentation,,,,
1788583975445,2026-09-05 12:52:55,1106,47.51,47.54342511274615,45,3,1,Presentation,OFF,45,,,45,8,step,3,Presentation,,,,
1788583976446,2026-09-05 12:52:56,1102,47.63,47.54342511274615,45,3,1,Presentation,OFF,45,,,45,8,step,3,Presentation,,,,
1788583977446,2026-09-05 12:52:57,1106,47.51,47.54342511274615,45,3,1,Presentation,OFF,45,,,45,8,step,3,Presentation,,,,
1788583978447,2026-09-05 12:52:58,1104,47.57,47.54342511274615,45,3,1,Presentation,OFF,45,,,45,8,step,3,Presentation,,,,
1788583979451,2026-09-05 12:52:59,1103,47.60,47.602421486137075,45,3,1,Presentation,OFF,40,40,DLPC temp UNAVAILABLE,40,9,step,3,Presentation,step_end:settled;step_start duty=40 mode=Presentation;dlpc_unavailable,,,unavailable
1788583980451,2026-09-05 12:53:00,1104,47.57,47.602421486137075,40,3,1,Presentation,OFF,40,,,40,9,step,3,Presentation,,,,
1788583981452,2026-09-05 12:53:01,1103,47.60,47.602421486137075,40,3,1,Presentation,OFF,40,,,40,9,step,3,Presentation,,,,
1788583982453,2026-09-05 12:53:02,1101,47.66,47.602421486137075,40,3,1,Presentation,OFF,40,,,40,9,step,3,Presentation,,,,
1788583983454,2026-09-05 12:53:03,1103,47.60,47.602421486137075,40,3,1,Presentation,OFF,40,,,40,9,step,3,Presentation,,,,
1788583984455,2026-09-05 12:53:04,1104,47.57,47.602421486137075,40,3,1,Presentation,OFF,40,,,40,9,step,3,Presentation,,,,
1788583985455,2026-09-05 12:53:05,1102,47.63,47.602421486137075,40,3,1,Presentation,OFF,40,,,40,9,step,3,Presentation,,,,
1788583986457,2026-09-05 12:53:06,1103,47.60,47.602421486137075,40,3,1,Presentation,OFF,40,,,40,9,step,3,Presentation,,,,
1788583987457,2026-09-05 12:53:07,1102,47.63,47.602421486137075,40,3,1,Presentation,OFF,40,,,40,9,step,3,Presentation,,,,
1788583988459,2026-09-05 12:53:08,1102,47.63,47.602421486137075,40,3,1,Presentation,OFF,40,,,40,9,step,3,Presentation,,,,
1788583989459,2026-09-05 12:53:09,1098,47.75,47.602421486137075,40,3,1,Presentation,OFF,40,,,40,9,step,3,Presentation,,,,
1788583990461,2026-09-05 12:53:10,1101,47.66,47.602421486137075,40,3,1,Presentation,OFF,40,,,40,9,step,3,Presentation,,,,
1788583991463,2026-09-05 12:53:11,1097,47.78,47.602421486137075,40,3,1,Presentation,OFF,40,,,40,9,step,3,Presentation,,,,
1788583992463,2026-09-05 12:53:12,1097,47.78,47.602421486137075,40,3,1,Presentation,OFF,40,,,40,9,step,3,Presentation,,,,
1788583993465,2026-09-05 12:53:13,1099,47.72,47.602421486137075,40,3,1,Presentation,OFF,40,,,40,9,step,3,Presentation,,,,
1788583994466,2026-09-05 12:53:14,1098,47.75,47.602421486137075,40,3,1,Presentation,OFF,40,,,40,9,step,3,Presentation,,,,
1788583995467,2026-09-05 12:53:15,1098,47.75,47.750304209107924,40,3,1,Presentation,OFF,40,,,40,9,step,3,Presentation,,,,
1788583996467,2026-09-05 12:53:16,1097,47.78,47.750304209107924,40,3,1,Presentation,OFF,40,,,40,9,step,3,Presentation,,,,
1788583997469,2026-09-05 12:53:17,1095,47.84,47.750304209107924,40,3,1,Presentation,OFF,40,,,40,9,step,3,Presentation,,,,
1788583998470,2026-09-05 12:53:18,1097,47.78,47.750304209107924,40,3,1,Presentation,OFF,40,,,40,9,step,3,Presentation,,,,
1788583999471,2026-09-05 12:53:19,1096,47.81,47.750304209107924,40,3,1,Presentation,OFF,40,,,40,9,step,3,Presentation,,,,
1788584000472,2026-09-05 12:53:20,1093,47.90,47.750304209107924,40,3,1,Presentation,OFF,40,,,40,9,step,3,Presentation,,,,
1788584001473,2026-09-05 12:53:21,1093,47.90,47.750304209107924,40,3,1,Presentation,OFF,40,,,40,9,step,3,Presentation,,,,
1788584002475,2026-09-05 12:53:22,1095,47.84,47.750304209107924,40,3,1,Presentation,OFF,40,,,40,9,step,3,Presentation,,,,
1788584003476,2026-09-05 12:53:23,1092,47.93,47.750304209107924,40,3,1,Presentation,OFF,40,,,40,9,step,3,Presentation,,,,
1788584004477,2026-09-05 12:53:24,1094,47.87,47.750304209107924,40,3,1,Presentation,OFF,40,,,40,9,step,3,Presentation,,,,
1788584005477,2026-09-05 12:53:25,1092,47.93,47.750304209107924,40,3,1,Presentation,OFF,40,,,40,9,step,3,Presentation,,,,
1788584006479,2026-09-05 12:53:26,1091,47.96,47.750304209107924,40,3,1,Presentation,OFF,40,,,40,9,step,3,Presentation,,,,
1788584007479,2026-09-05 12:53:27,1091,47.96,47.750304209107924,40,3,1,Presentation,OFF,40,,,40,9,step,3,Presentation,,,,
1788584008480,2026-09-05 12:53:28,1089,48.02,47.750304209107924,40,3,1,Presentation,OFF,40,,,40,9,step,3,Presentation,,,,
1788584009480,2026-09-05 12:53:29,1092,47.93,47.750304209107924,40,3,1,Presentation,OFF,40,,,40,9,step,3,Presentation,,,,
1788584010482,2026-09-05 12:53:30,1092,47.93,47.928509223110154,40,3,1,Presentation,OFF,40,,,40,9,step,3,Presentation,,,,
1788584011483,2026-09-05 12:53:31,1089,48.02,47.928509223110154,40,3,1,Presentation,OFF,40,,,40,9,step,3,Presentation,,,,
1788584012485,2026-09-05 12:53:32,1087,48.08,47.928509223110154,40,3,1,Presentation,OFF,40,,,40,9,step,3,Presentation,,,,
1788584013485,2026-09-05 12:53:33,1086,48.11,47.928509223110154,40,3,1,Presentation,OFF,40,,,40,9,step,3,Presentation,,,,
1788584014487,2026-09-05 12:53:34,1086,48.11,47.928509223110154,40,3,1,Presentation,OFF,40,,,40,9,step,3,Presentation,,,,
1788584015488,2026-09-05 12:53:35,1085,48.14,47.928509223110154,40,3,1,Presentation,OFF,40,,,40,9,step,3,Presentation,,,,
1788584016489,2026-09-05 12:53:36,1086,48.11,47.928509223110154,40,3,1,Presentation,OFF,40,,,40,9,step,3,Presentation,,,,
1788584017489,2026-09-05 12:53:37,1086,48.11,47.928509223110154,40,3,1,Presentation,OFF,40,,,40,9,step,3,Presentation,,,,
1788584018490,2026-09-05 12:53:38,1087,48.08,47.928509223110154,40,3,1,Presentation,OFF,40,,,40,9,step,3,Presentation,,,,
1788584019490,2026-09-05 12:53:39,1086,48.11,47.928509223110154,40,3,1,Presentation,OFF,40,,,40,9,step,3,Presentation,,,,
1788584020492,2026-09-05 12:53:40,1084,48.17,47.928509223110154,40,3,1,Presentation,OFF,40,,,40,9,step,3,Presentation,,,,
1788584021493,2026-09-05 12:53:41,1080,48.29,47.928509223110154,40,3,1,Presentation,OFF,40,,,40,9,step,3,Presentation,,,,
1788584022493,2026-09-05 12:53:42,1083,48.20,47.928509223110154,40,3,1,Presentation,OFF,40,,,40,9,step,3,Presentation,,,,
1788584023494,2026-09-05 12:53:43,1084,48.17,47.928509223110154,40,3,1,Presentation,OFF,40,,,40,9,step,3,Presentation,,,,
1788584024495,2026-09-05 12:53:44,1082,48.23,47.928509223110154,40,3,1,Presentation,OFF,40,,,40,9,step,3,Presentation,,,,
1788584025497,2026-09-05 12:53:45,1085,48.14,48.22735308140386,70,3,1,Presentation,OFF,40,40,foreign_write 70 reassert(was 70),40,9,step,3,Presentation,foreign_write:70,,,
1788584026497,2026-09-05 12:53:46,1084,48.17,48.22735308140386,40,3,1,Presentation,OFF,40,,,40,9,step,3,Presentation,,,,
1788584027498,2026-09-05 12:53:47,1082,48.23,48.22735308140386,40,3,1,Presentation,OFF,40,,,40,9,step,3,Presentation,,,,
1788584028500,2026-09-05 12:53:48,1083,48.20,48.22735308140386,40,3,1,Presentation,OFF,40,,,40,9,step,3,Presentation,,,,
1788584029502,2026-09-05 12:53:49,1082,48.23,48.22735308140386,40,3,1,Presentation,OFF,40,,,40,9,step,3,Presentation,,,,
1788584030502,2026-09-05 12:53:50,1082,48.23,48.22735308140386,40,3,1,Presentation,OFF,40,,,40,9,step,3,Presentation,,,,
1788584031503,2026-09-05 12:53:51,1080,48.29,48.22735308140386,40,3,1,Presentation,OFF,40,,,40,9,step,3,Presentation,,,,
1788584032505,2026-09-05 12:53:52,1082,48.23,48.22735308140386,40,3,1,Presentation,OFF,40,,,40,9,step,3,Presentation,,,,
1788584033506,2026-09-05 12:53:53,1080,48.29,48.22735308140386,40,3,1,Presentation,OFF,40,,,40,9,step,3,Presentation,,,,
1788584034506,2026-09-05 12:53:54,1079,48.32,48.22735308140386,40,3,1,Presentation,OFF,40,,,40,9,step,3,Presentation,,,,
1788584035508,2026-09-05 12:53:55,1082,48.23,48.22735308140386,40,3,1,Presentation,OFF,40,,,40,9,step,3,Presentation,,,,
1788584036509,2026-09-05 12:53:56,1081,48.26,48.22735308140386,40,3,1,Presentation,OFF,40,,,40,9,step,3,Presentation,,,,
1788584037510,2026-09-05 12:53:57,1081,48.26,48.22735308140386,40,3,1,Presentation,OFF,40,,,40,9,step,3,Presentation,,,,
1788584038510,2026-09-05 12:53:58,1078,48.35,48.22735308140386,40,3,1,Presentation,OFF,40,,,40,9,step,3,Presentation,,,,
1788584039511,2026-09-05 12:53:59,1080,48.29,48.22735308140386,40,3,1,Presentation,OFF,40,,,40,9,step,3,Presentation,,,,
1788584040511,2026-09-05 12:54:00,1078,48.35,48.28740078866974,40,3,1,Presentation,OFF,40,,,40,9,step,3,Presentation,,,,
1788584041512,2026-09-05 12:54:01,1078,48.35,48.28740078866974,40,3,1,Presentation,OFF,40,,,40,9,step,3,Presentation,,,,
1788584042514,2026-09-05 12:54:02,1076,48.41,48.28740078866974,40,3,1,Presentation,OFF,40,,,40,9,step,3,Presentation,,,,
1788584043515,2026-09-05 12:54:03,1075,48.44,48.28740078866974,40,3,1,Presentation,OFF,40,,,40,9,step,3,Presentation,,,,
1788584044517,2026-09-05 12:54:04,1080,48.29,48.28740078866974,40,3,1,Presentation,OFF,40,,,40,9,step,3,Presentation,,,,
1788584045517,2026-09-05 12:54:05,1078,48.35,48.28740078866974,40,3,1,Presentation,OFF,40,,,40,9,step,3,Presentation,,,,
1788584046518,2026-09-05 12:54:06,1076,48.41,48.28740078866974,40,3,1,Presentation,OFF,40,,,40,9,step,3,Presentation,,,,
1788584047518,2026-09-05 12:54:07,1076,48.41,48.28740078866974,40,3,1,Presentation,OFF,40,,,40,9,step,3,Presentation,,,,
1788584048519,2026-09-05 12:54:08,1077,48.38,48.28740078866974,40,3,1,Presentation,OFF,40,,,40,9,step,3,Presentation,,,,
1788584049520,2026-09-05 12:54:09,1077,48.38,48.28740078866974,40,3,1,Presentation,OFF,40,,,40,9,step,3,Presentation,,,,
1788584050520,2026-09-05 12:54:10,1076,48.41,48.28740078866974,40,3,1,Presentation,OFF,40,,,40,9,step,3,Presentation,,,,
1788584051521,2026-09-05 12:54:11,1074,48.47,48.28740078866974,40,3,1,Presentation,OFF,40,,,40,9,step,3,Presentation,,,,
1788584052522,2026-09-05 12:54:12,1074,48.47,48.28740078866974,40,3,1,Presentation,OFF,40,,,40,9,step,3,Presentation,,,,
1788584053523,2026-09-05 12:54:13,1075,48.44,48.28740078866974,40,3,1,Presentation,OFF,40,,,40,9,step,3,Presentation,,,,
1788584054523,2026-09-05 12:54:14,1076,48.41,48.28740078866974,40,3,1,Presentation,OFF,40,,,40,9,step,3,Presentation,,,,
1788584055525,2026-09-05 12:54:15,1075,48.44,48.4077783981532,40,3,1,Presentation,OFF,40,,,40,9,step,3,Presentation,,,,
1788584056525,2026-09-05 12:54:16,1075,48.44,48.4077783981532,40,3,1,Presentation,OFF,40,,,40,9,step,3,Presentation,,,,
1788584057525,2026-09-05 12:54:17,1074,48.47,48.4077783981532,40,3,1,Presentation,OFF,40,,,40,9,step,3,Presentation,,,,
1788584058526,2026-09-05 12:54:18,1075,48.44,48.4077783981532,40,3,1,Presentation,OFF,40,,,40,9,step,3,Presentation,,,,
1788584059527,2026-09-05 12:54:19,1073,48.50,48.4077783981532,40,3,1,Presentation,OFF,40,,,40,9,step,3,Presentation,,,,
1788584060528,2026-09-05 12:54:20,1075,48.44,48.4077783981532,40,3,1,Presentation,OFF,40,,,40,9,step,3,Presentation,,,,
1788584061529,2026-09-05 12:54:21,1073,48.50,48.4077783981532,40,3,1,Presentation,OFF,40,,,40,9,step,3,Presentation,,,,
1788584062530,2026-09-05 12:54:22,1072,48.53,48.4077783981532,40,3,1,Presentation,OFF,40,,,40,9,step,3,Presentation,,,,
1788584063531,2026-09-05 12:54:23,1073,48.50,48.4077783981532,40,3,1,Presentation,OFF,40,,,40,9,step,3,Presentation,,,,
1788584064532,2026-09-05 12:54:24,1072,48.53,48.4077783981532,40,3,1,Presentation,OFF,40,,,40,9,step,3,Presentation,,,,
1788584065533,2026-09-05 12:54:25,1071,48.56,48.4077783981532,40,3,1,Presentation,OFF,40,,,40,9,step,3,Presentation,,,,
1788584066534,2026-09-05 12:54:26,1074,48.47,48.4077783981532,40,3,1,Presentation,OFF,40,,,40,9,step,3,Presentation,,,,
1788584067537,2026-09-05 12:54:27,1072,48.53,48.4077783981532,40,3,1,Presentation,OFF,40,,,40,9,step,3,Presentation,,,,
1788584068539,2026-09-05 12:54:28,1070,48.59,48.4077783981532,40,3,1,Presentation,OFF,40,,,40,9,step,3,Presentation,,,,
1788584069539,2026-09-05 12:54:29,1070,48.59,48.4077783981532,40,3,1,Presentation,OFF,40,,,40,9,step,3,Presentation,,,,
1788584070540,2026-09-05 12:54:30,1070,48.59,48.58905650709346,40,3,1,Presentation,OFF,40,,,40,9,step,3,Presentation,,,,
1788584071540,2026-09-05 12:54:31,1069,48.62,48.58905650709346,40,3,1,Presentation,OFF,40,,,40,9,step,3,Presentation,,,,
1788584072541,2026-09-05 12:54:32,1071,48.56,48.58905650709346,40,3,1,Presentation,OFF,40,,,40,9,step,3,Presentation,,,,
1788584073542,2026-09-05 12:54:33,1071,48.56,48.58905650709346,40,3,1,Presentation,OFF,40,,,40,9,step,3,Presentation,,,,
1788584074543,2026-09-05 12:54:34,1070,48.59,48.58905650709346,40,3,1,Presentation,OFF,40,,,40,9,step,3,Presentation,,,,
1788584075545,2026-09-05 12:54:35,1070,48.59,48.58905650709346,40,3,1,Presentation,OFF,40,,,40,9,step,3,Presentation,,,,
1788584076545,2026-09-05 12:54:36,1070,48.59,48.58905650709346,40,3,1,Presentation,OFF,40,,,40,9,step,3,Presentation,,,,
1788584077545,2026-09-05 12:54:37,1068,48.65,48.58905650709346,40,3,1,Presentation,OFF,40,,,40,9,step,3,Presentation,,,,
1788584078545,2026-09-05 12:54:38,1069,48.62,48.58905650709346,40,3,1,Presentation,OFF,40,,,40,9,step,3,Presentation,,,,
1788584079546,2026-09-05 12:54:39,1068,48.65,48.58905650709346,40,3,1,Presentation,OFF,40,,,40,9,step,3,Presentation,,,,
1788584080547,2026-09-05 12:54:40,1067,48.68,48.58905650709346,40,3,1,Presentation,OFF,40,,,40,9,step,3,Presentation,,,,
1788584081547,2026-09-05 12:54:41,1067,48.68,48.58905650709346,40,3,1,Presentation,OFF,40,,,40,9,step,3,Presentation,,,,
1788584082548,2026-09-05 12:54:42,1066,48.71,48.58905650709346,40,3,1,Presentation,OFF,40,,,40,9,step,3,Presentation,,,,
1788584083550,2026-09-05 12:54:43,1066,48.71,48.58905650709346,40,3,1,Presentation,OFF,40,,,40,9,step,3,Presentation,,,,
1788584084550,2026-09-05 12:54:44,1068,48.65,48.58905650709346,40,3,1,Presentation,OFF,40,,,40,9,step,3,Presentation,,,,
1788584085552,2026-09-05 12:54:45,1067,48.68,48.649674000563095,40,3,1,Presentation,OFF,40,,,40,9,step,3,Presentation,,,,
1788584086553,2026-09-05 12:54:46,1067,48.68,48.649674000563095,40,3,1,Presentation,OFF,40,,,40,9,step,3,Presentation,,,,
1788584087554,2026-09-05 12:54:47,1065,48.74,48.649674000563095,40,3,1,Presentation,OFF,40,,,40,9,step,3,Presentation,,,,
1788584088555,2026-09-05 12:54:48,1066,48.71,48.649674000563095,40,3,1,Presentation,OFF,40,,,40,9,step,3,Presentation,,,,
1788584089557,2026-09-05 12:54:49,1065,48.74,48.649674000563095,40,3,1,Presentation,OFF,40,,,40,9,step,3,Presentation,,,,
1788584090558,2026-09-05 12:54:50,1068,48.65,48.649674000563095,40,3,1,Presentation,OFF,40,,,40,9,step,3,Presentation,,,,
1788584091559,2026-09-05 12:54:51,1064,48.77,48.649674000563095,40,3,1,Presentation,OFF,40,,,40,9,step,3,Presentation,,,,
1788584092559,2026-09-05 12:54:52,1067,48.68,48.649674000563095,40,3,1,Presentation,OFF,40,,,40,9,step,3,Presentation,,,,
1788584093560,2026-09-05 12:54:53,1064,48.77,48.649674000563095,40,3,1,Presentation,OFF,40,,,40,9,step,3,Presentation,,,,
1788584094560,2026-09-05 12:54:54,1065,48.74,48.649674000563095,40,3,1,Presentation,OFF,40,,,40,9,step,3,Presentation,,,,
1788584095562,2026-09-05 12:54:55,1062,48.83,48.649674000563095,40,3,1,Presentation,OFF,40,,,40,9,step,3,Presentation,,,,
1788584096562,2026-09-05 12:54:56,1064,48.77,48.649674000563095,40,3,1,Presentation,OFF,40,,,40,9,step,3,Presentation,,,,
1788584097563,2026-09-05 12:54:57,1064,48.77,48.649674000563095,40,3,1,Presentation,OFF,40,,,40,9,step,3,Presentation,,,,
1788584098565,2026-09-05 12:54:58,1063,48.80,48.649674000563095,40,3,1,Presentation,OFF,40,,,40,9,step,3,Presentation,,,,
1788584099565,2026-09-05 12:54:59,1063,48.80,48.649674000563095,40,3,1,Presentation,OFF,40,,,40,9,step,3,Presentation,,,,
1788584100566,2026-09-05 12:55:00,1062,48.83,48.801640557331154,40,3,1,Presentation,OFF,40,,,40,9,step,3,Presentation,,,,
1788584101567,2026-09-05 12:55:01,1063,48.80,48.801640557331154,40,3,1,Presentation,OFF,40,,,40,9,step,3,Presentation,,,,
1788584102569,2026-09-05 12:55:02,1064,48.77,48.801640557331154,40,3,1,Presentation,OFF,40,,,40,9,step,3,Presentation,,,,
1788584103570,2026-09-05 12:55:03,1064,48.77,48.801640557331154,40,3,1,Presentation,OFF,40,,,40,9,step,3,Presentation,,,,
1788584104572,2026-09-05 12:55:04,1065,48.74,48.801640557331154,40,3,1,Presentation,OFF,40,,,40,9,step,3,Presentation,,,,
1788584105573,2026-09-05 12:55:05,1061,48.86,48.801640557331154,40,3,1,Presentation,OFF,40,,,40,9,step,3,Presentation,,,,
1788584106574,2026-09-05 12:55:06,1062,48.83,48.801640557331154,40,3,1,Presentation,OFF,40,,,40,9,step,3,Presentation,,,,
1788584107575,2026-09-05 12:55:07,1063,48.80,48.801640557331154,40,3,1,Presentation,OFF,40,,,40,9,step,3,Presentation,,,,
1788584108576,2026-09-05 12:55:08,1064,48.77,48.801640557331154,40,3,1,Presentation,OFF,40,,,40,9,step,3,Presentation,,,,
1788584109578,2026-09-05 12:55:09,1061,48.86,48.801640557331154,40,3,1,Presentation,OFF,40,,,40,9,step,3,Presentation,,,,
1788584110579,2026-09-05 12:55:10,1060,48.89,48.801640557331154,40,3,1,Presentation,OFF,40,,,40,9,step,3,Presentation,,,,
1788584111580,2026-09-05 12:55:11,1061,48.86,48.801640557331154,40,3,1,Presentation,OFF,40,,,40,9,step,3,Presentation,,,,
1788584112582,2026-09-05 12:55:12,1063,48.80,48.801640557331154,40,3,1,Presentation,OFF,40,,,40,9,step,3,Presentation,,,,
1788584113583,2026-09-05 12:55:13,1059,48.92,48.801640557331154,40,3,1,Presentation,OFF,40,,,40,9,step,3,Presentation,,,,
1788584114585,2026-09-05 12:55:14,1062,48.83,48.801640557331154,40,3,1,Presentation,OFF,40,,,40,9,step,3,Presentation,,,,
1788584115585,2026-09-05 12:55:15,1062,48.83,48.832106780010974,40,3,1,Presentation,OFF,40,,,40,9,step,3,Presentation,,,,
1788584116586,2026-09-05 12:55:16,1060,48.89,48.832106780010974,40,3,1,Presentation,OFF,40,,,40,9,step,3,Presentation,,,,
1788584117587,2026-09-05 12:55:17,1060,48.89,48.832106780010974,40,3,1,Presentation,OFF,40,,,40,9,step,3,Presentation,,,,
1788584118588,2026-09-05 12:55:18,1056,49.02,48.832106780010974,40,3,1,Presentation,OFF,40,,,40,9,step,3,Presentation,,,,
1788584119589,2026-09-05 12:55:19,1064,48.77,48.832106780010974,40,3,1,Presentation,OFF,40,,,40,9,step,3,Presentation,,,,
1788584120589,2026-09-05 12:55:20,1061,48.86,48.832106780010974,40,3,1,Presentation,OFF,40,,,40,9,step,3,Presentation,,,,
1788584121590,2026-09-05 12:55:21,1061,48.86,48.832106780010974,40,3,1,Presentation,OFF,40,,,40,9,step,3,Presentation,,,,
1788584122592,2026-09-05 12:55:22,1059,48.92,48.832106780010974,40,3,1,Presentation,OFF,40,,,40,9,step,3,Presentation,,,,
1788584123592,2026-09-05 12:55:23,1060,48.89,48.832106780010974,40,3,1,Presentation,OFF,40,,,40,9,step,3,Presentation,,,,
1788584124594,2026-09-05 12:55:24,1059,48.92,48.832106780010974,40,3,1,Presentation,OFF,40,,,40,9,step,3,Presentation,,,,
1788584125596,2026-09-05 12:55:25,1058,48.95,48.832106780010974,40,3,1,Presentation,OFF,40,,,40,9,step,3,Presentation,,,,
1788584126596,2026-09-05 12:55:26,1057,48.98,48.832106780010974,40,3,1,Presentation,OFF,40,,,40,9,step,3,Presentation,,,,
1788584127597,2026-09-05 12:55:27,1058,48.95,48.832106780010974,40,3,1,Presentation,OFF,40,,,40,9,step,3,Presentation,,,,
1788584128598,2026-09-05 12:55:28,1059,48.92,48.832106780010974,40,3,1,Presentation,OFF,40,,,40,9,step,3,Presentation,,,,
1788584129600,2026-09-05 12:55:29,1057,48.98,48.832106780010974,40,3,1,Presentation,OFF,40,,,40,9,step,3,Presentation,,,,
1788584130601,2026-09-05 12:55:30,1056,49.02,48.98480541589157,40,3,1,Presentation,OFF,40,,,40,9,step,3,Presentation,,,,
1788584131603,2026-09-05 12:55:31,1058,48.95,48.98480541589157,40,3,1,Presentation,OFF,40,,,40,9,step,3,Presentation,,,,
1788584132604,2026-09-05 12:55:32,1056,49.02,48.98480541589157,40,3,1,Presentation,OFF,40,,,40,9,step,3,Presentation,,,,
1788584133604,2026-09-05 12:55:33,1058,48.95,48.98480541589157,40,3,1,Presentation,OFF,40,,,40,9,step,3,Presentation,,,,
1788584134606,2026-09-05 12:55:34,1058,48.95,48.98480541589157,40,3,1,Presentation,OFF,40,,,40,9,step,3,Presentation,,,,
1788584135606,2026-09-05 12:55:35,1058,48.95,48.98480541589157,40,3,1,Presentation,OFF,40,,,40,9,step,3,Presentation,,,,
1788584136607,2026-09-05 12:55:36,1058,48.95,48.98480541589157,40,3,1,Presentation,OFF,40,,,40,9,step,3,Presentation,,,,
1788584137608,2026-09-05 12:55:37,1057,48.98,48.98480541589157,40,3,1,Presentation,OFF,40,,,40,9,step,3,Presentation,,,,
1788584138608,2026-09-05 12:55:38,1054,49.08,48.98480541589157,40,3,1,Presentation,OFF,40,,,40,9,step,3,Presentation,,,,
1788584139610,2026-09-05 12:55:39,1055,49.05,48.98480541589157,40,3,1,Presentation,OFF,40,,,40,9,step,3,Presentation,,,,
1788584140612,2026-09-05 12:55:40,1054,49.08,48.98480541589157,40,3,1,Presentation,OFF,40,,,40,9,step,3,Presentation,,,,
1788584141615,2026-09-05 12:55:41,1054,49.08,48.98480541589157,40,3,1,Presentation,OFF,40,,,40,9,step,3,Presentation,,,,
1788584142617,2026-09-05 12:55:42,1057,48.98,48.98480541589157,40,3,1,Presentation,OFF,40,,,40,9,step,3,Presentation,,,,
1788584143617,2026-09-05 12:55:43,1055,49.05,48.98480541589157,40,3,1,Presentation,OFF,40,,,40,9,step,3,Presentation,,,,
1788584144619,2026-09-05 12:55:44,1057,48.98,48.98480541589157,40,3,1,Presentation,OFF,40,,,40,9,step,3,Presentation,,,,
1788584145621,2026-09-05 12:55:45,1056,49.02,48.98480541589157,40,3,1,Presentation,OFF,40,,,40,9,step,3,Presentation,,,,
1788584146622,2026-09-05 12:55:46,1057,48.98,48.98480541589157,40,3,1,Presentation,OFF,40,,,40,9,step,3,Presentation,,,,
1788584147622,2026-09-05 12:55:47,1053,49.11,48.98480541589157,40,3,1,Presentation,OFF,40,,,40,9,step,3,Presentation,,,,
1788584148624,2026-09-05 12:55:48,1057,48.98,48.98480541589157,40,3,1,Presentation,OFF,40,,,40,9,step,3,Presentation,,,,
1788584149624,2026-09-05 12:55:49,1054,49.08,48.98480541589157,40,3,1,Presentation,OFF,40,,,40,9,step,3,Presentation,,,,
1788584150626,2026-09-05 12:55:50,1054,49.08,48.98480541589157,40,3,1,Presentation,OFF,40,,,40,9,step,3,Presentation,,,,
1788584151626,2026-09-05 12:55:51,1057,48.98,48.98480541589157,40,3,1,Presentation,OFF,40,,,40,9,step,3,Presentation,,,,
1788584152628,2026-09-05 12:55:52,1057,48.98,48.98480541589157,40,3,1,Presentation,OFF,40,,,40,9,step,3,Presentation,,,,
1788584153629,2026-09-05 12:55:53,1053,49.11,48.98480541589157,40,3,1,Presentation,OFF,40,,,40,9,step,3,Presentation,,,,
1788584154630,2026-09-05 12:55:54,1054,49.08,48.98480541589157,40,3,1,Presentation,OFF,40,,,40,9,step,3,Presentation,,,,
1788584155632,2026-09-05 12:55:55,1056,49.02,48.98480541589157,40,3,1,Presentation,OFF,40,,,40,9,step,3,Presentation,,,,
1788584156633,2026-09-05 12:55:56,1054,49.08,48.98480541589157,40,3,1,Presentation,OFF,40,,,40,9,step,3,Presentation,,,,
1788584157635,2026-09-05 12:55:57,1056,49.02,48.98480541589157,40,3,1,Presentation,OFF,40,,,40,9,step,3,Presentation,,,,
1788584158635,2026-09-05 12:55:58,1053,49.11,48.98480541589157,40,3,1,Presentation,OFF,40,,,40,9,step,3,Presentation,,,,
1788584159637,2026-09-05 12:55:59,1051,49.17,48.98480541589157,40,3,1,Presentation,OFF,83,83,rgblevel<-2 DLPC temp UNAVAILABLE,83,10,baseline,2,Normal,step_end:settled;mode_change to Normal (rgblevel 2); the stock controller will slam the fan to this tier's floor within one 15 s poll - the 1 Hz re-assert takes it back;rgblevel_set:2;dlpc_unavailable,,,unavailable
1788584160638,2026-09-05 12:56:00,1073,48.50,49.16885953470603,83,2,1,Normal,OFF,83,,,83,10,baseline,2,Normal,,,,
1788584161639,2026-09-05 12:56:01,1092,47.93,49.16885953470603,83,2,1,Normal,OFF,83,,,83,10,baseline,2,Normal,,,,
1788584162642,2026-09-05 12:56:02,1103,47.60,49.16885953470603,83,2,1,Normal,OFF,83,,,83,10,baseline,2,Normal,,,,
1788584163643,2026-09-05 12:56:03,1111,47.37,49.16885953470603,83,2,1,Normal,OFF,83,,,83,10,baseline,2,Normal,,,,
1788584164645,2026-09-05 12:56:04,1118,47.16,49.16885953470603,83,2,1,Normal,OFF,83,,,83,10,baseline,2,Normal,,,,
1788584165646,2026-09-05 12:56:05,1124,46.99,49.16885953470603,83,2,1,Normal,OFF,83,,,83,10,baseline,2,Normal,,,,
1788584166648,2026-09-05 12:56:06,1129,46.84,49.16885953470603,83,2,1,Normal,OFF,83,,,83,10,baseline,2,Normal,,,,
1788584167649,2026-09-05 12:56:07,1136,46.64,49.16885953470603,83,2,1,Normal,OFF,83,,,83,10,baseline,2,Normal,,,,
1788584168651,2026-09-05 12:56:08,1141,46.50,49.16885953470603,83,2,1,Normal,OFF,83,,,83,10,baseline,2,Normal,,,,
1788584169652,2026-09-05 12:56:09,1147,46.32,49.16885953470603,83,2,1,Normal,OFF,83,,,83,10,baseline,2,Normal,,,,
1788584170653,2026-09-05 12:56:10,1154,46.12,49.16885953470603,83,2,1,Normal,OFF,83,,,83,10,baseline,2,Normal,,,,
1788584171654,2026-09-05 12:56:11,1158,46.01,49.16885953470603,83,2,1,Normal,OFF,83,,,83,10,baseline,2,Normal,,,,
1788584172655,2026-09-05 12:56:12,1166,45.79,49.16885953470603,83,2,1,Normal,OFF,83,,,83,10,baseline,2,Normal,,,,
1788584173657,2026-09-05 12:56:13,1167,45.76,49.16885953470603,83,2,1,Normal,OFF,83,,,83,10,baseline,2,Normal,,,,
1788584174658,2026-09-05 12:56:14,1174,45.56,49.16885953470603,83,2,1,Normal,OFF,83,,,83,10,baseline,2,Normal,,,,
1788584175659,2026-09-05 12:56:15,1177,45.48,45.560038980927175,48,2,1,Normal,OFF,83,83,foreign_write 48 reassert(was 48),83,10,baseline,2,Normal,foreign_write:48,,,
1788584176660,2026-09-05 12:56:16,1181,45.36,45.560038980927175,83,2,1,Normal,OFF,83,,,83,10,baseline,2,Normal,,,,
1788584177663,2026-09-05 12:56:17,1190,45.11,45.560038980927175,83,2,1,Normal,OFF,83,,,83,10,baseline,2,Normal,,,,
1788584178664,2026-09-05 12:56:18,1191,45.09,45.560038980927175,83,2,1,Normal,OFF,83,,,83,10,baseline,2,Normal,,,,
1788584179664,2026-09-05 12:56:19,1196,44.95,45.560038980927175,83,2,1,Normal,OFF,83,,,83,10,baseline,2,Normal,,,,
1788584180666,2026-09-05 12:56:20,1201,44.81,45.560038980927175,83,2,1,Normal,OFF,83,,,83,10,baseline,2,Normal,,,,
1788584181667,2026-09-05 12:56:21,1201,44.81,45.560038980927175,83,2,1,Normal,OFF,83,,,83,10,baseline,2,Normal,,,,
1788584182669,2026-09-05 12:56:22,1207,44.64,45.560038980927175,83,2,1,Normal,OFF,83,,,83,10,baseline,2,Normal,,,,
1788584183670,2026-09-05 12:56:23,1211,44.54,45.560038980927175,83,2,1,Normal,OFF,83,,,83,10,baseline,2,Normal,,,,
1788584184671,2026-09-05 12:56:24,1217,44.37,45.560038980927175,83,2,1,Normal,OFF,83,,,83,10,baseline,2,Normal,,,,
1788584185671,2026-09-05 12:56:25,1221,44.26,45.560038980927175,83,2,1,Normal,OFF,83,,,83,10,baseline,2,Normal,,,,
1788584186673,2026-09-05 12:56:26,1225,44.15,45.560038980927175,83,2,1,Normal,OFF,83,,,83,10,baseline,2,Normal,,,,
1788584187673,2026-09-05 12:56:27,1227,44.10,45.560038980927175,83,2,1,Normal,OFF,83,,,83,10,baseline,2,Normal,,,,
1788584188675,2026-09-05 12:56:28,1231,43.99,45.560038980927175,83,2,1,Normal,OFF,83,,,83,10,baseline,2,Normal,,,,
1788584189678,2026-09-05 12:56:29,1234,43.91,43.91039183197603,83,2,1,Normal,OFF,83,,,83,10,baseline,2,Normal,,,,
1788584190680,2026-09-05 12:56:30,1236,43.86,43.91039183197603,48,2,1,Normal,OFF,83,83,foreign_write 48 reassert(was 48),83,10,baseline,2,Normal,foreign_write:48,,,
1788584191681,2026-09-05 12:56:31,1238,43.80,43.91039183197603,83,2,1,Normal,OFF,83,,,83,10,baseline,2,Normal,,,,
1788584192682,2026-09-05 12:56:32,1245,43.61,43.91039183197603,83,2,1,Normal,OFF,83,,,83,10,baseline,2,Normal,,,,
1788584193682,2026-09-05 12:56:33,1246,43.59,43.91039183197603,83,2,1,Normal,OFF,83,,,83,10,baseline,2,Normal,,,,
1788584194684,2026-09-05 12:56:34,1249,43.51,43.91039183197603,83,2,1,Normal,OFF,83,,,83,10,baseline,2,Normal,,,,
1788584195684,2026-09-05 12:56:35,1253,43.40,43.91039183197603,83,2,1,Normal,OFF,83,,,83,10,baseline,2,Normal,,,,
1788584196685,2026-09-05 12:56:36,1254,43.37,43.91039183197603,83,2,1,Normal,OFF,83,,,83,10,baseline,2,Normal,,,,
1788584197685,2026-09-05 12:56:37,1260,43.22,43.91039183197603,83,2,1,Normal,OFF,83,,,83,10,baseline,2,Normal,,,,
1788584198687,2026-09-05 12:56:38,1262,43.16,43.91039183197603,83,2,1,Normal,OFF,83,,,83,10,baseline,2,Normal,,,,
1788584199687,2026-09-05 12:56:39,1264,43.11,43.91039183197603,83,2,1,Normal,OFF,83,,,83,10,baseline,2,Normal,,,,
1788584200687,2026-09-05 12:56:40,1266,43.06,43.91039183197603,83,2,1,Normal,OFF,83,,,83,10,baseline,2,Normal,,,,
1788584201689,2026-09-05 12:56:41,1267,43.03,43.91039183197603,83,2,1,Normal,OFF,83,,,83,10,baseline,2,Normal,,,,
1788584202689,2026-09-05 12:56:42,1270,42.95,43.91039183197603,83,2,1,Normal,OFF,83,,,83,10,baseline,2,Normal,,,,
1788584203689,2026-09-05 12:56:43,1274,42.85,43.91039183197603,83,2,1,Normal,OFF,83,,,83,10,baseline,2,Normal,,,,
1788584204691,2026-09-05 12:56:44,1274,42.85,43.91039183197603,83,2,1,Normal,OFF,83,,,83,10,baseline,2,Normal,,,,
1788584205691,2026-09-05 12:56:45,1276,42.79,42.84516001996661,48,2,1,Normal,OFF,83,83,foreign_write 48 reassert(was 48),83,10,baseline,2,Normal,foreign_write:48,,,
1788584206692,2026-09-05 12:56:46,1282,42.64,42.84516001996661,83,2,1,Normal,OFF,83,,,83,10,baseline,2,Normal,,,,
1788584207693,2026-09-05 12:56:47,1282,42.64,42.84516001996661,83,2,1,Normal,OFF,83,,,83,10,baseline,2,Normal,,,,
1788584208694,2026-09-05 12:56:48,1283,42.61,42.84516001996661,83,2,1,Normal,OFF,83,,,83,10,baseline,2,Normal,,,,
1788584209694,2026-09-05 12:56:49,1288,42.48,42.84516001996661,83,2,1,Normal,OFF,83,,,83,10,baseline,2,Normal,,,,
1788584210695,2026-09-05 12:56:50,1287,42.50,42.84516001996661,83,2,1,Normal,OFF,83,,,83,10,baseline,2,Normal,,,,
1788584211697,2026-09-05 12:56:51,1292,42.37,42.84516001996661,83,2,1,Normal,OFF,83,,,83,10,baseline,2,Normal,,,,
1788584212698,2026-09-05 12:56:52,1293,42.35,42.84516001996661,83,2,1,Normal,OFF,83,,,83,10,baseline,2,Normal,,,,
1788584213699,2026-09-05 12:56:53,1293,42.35,42.84516001996661,83,2,1,Normal,OFF,83,,,83,10,baseline,2,Normal,,,,
1788584214700,2026-09-05 12:56:54,1298,42.22,42.84516001996661,83,2,1,Normal,OFF,83,,,83,10,baseline,2,Normal,,,,
1788584215701,2026-09-05 12:56:55,1297,42.24,42.84516001996661,83,2,1,Normal,OFF,83,,,83,10,baseline,2,Normal,,,,
1788584216703,2026-09-05 12:56:56,1299,42.19,42.84516001996661,83,2,1,Normal,OFF,83,,,83,10,baseline,2,Normal,,,,
1788584217703,2026-09-05 12:56:57,1303,42.09,42.84516001996661,83,2,1,Normal,OFF,83,,,83,10,baseline,2,Normal,,,,
1788584218704,2026-09-05 12:56:58,1301,42.14,42.84516001996661,83,2,1,Normal,OFF,83,,,83,10,baseline,2,Normal,,,,
1788584219704,2026-09-05 12:56:59,1305,42.04,42.84516001996661,83,2,1,Normal,OFF,83,,,83,10,baseline,2,Normal,,,,
1788584220704,2026-09-05 12:57:00,1309,41.93,42.03700775606069,83,2,1,Normal,OFF,83,,,83,10,baseline,2,Normal,,,,
1788584221706,2026-09-05 12:57:01,1311,41.88,42.03700775606069,83,2,1,Normal,OFF,83,,,83,10,baseline,2,Normal,,,,
1788584222707,2026-09-05 12:57:02,1312,41.86,42.03700775606069,83,2,1,Normal,OFF,83,,,83,10,baseline,2,Normal,,,,
1788584223707,2026-09-05 12:57:03,1314,41.81,42.03700775606069,83,2,1,Normal,OFF,83,,,83,10,baseline,2,Normal,,,,
1788584224709,2026-09-05 12:57:04,1315,41.78,42.03700775606069,83,2,1,Normal,OFF,83,,,83,10,baseline,2,Normal,,,,
1788584225708,2026-09-05 12:57:05,1316,41.75,42.03700775606069,83,2,1,Normal,OFF,83,,,83,10,baseline,2,Normal,,,,
1788584226709,2026-09-05 12:57:06,1317,41.73,42.03700775606069,83,2,1,Normal,OFF,83,,,83,10,baseline,2,Normal,,,,
1788584227710,2026-09-05 12:57:07,1321,41.63,42.03700775606069,83,2,1,Normal,OFF,83,,,83,10,baseline,2,Normal,,,,
1788584228711,2026-09-05 12:57:08,1321,41.63,42.03700775606069,83,2,1,Normal,OFF,83,,,83,10,baseline,2,Normal,,,,
1788584229713,2026-09-05 12:57:09,1322,41.60,42.03700775606069,83,2,1,Normal,OFF,83,,,83,10,baseline,2,Normal,,,,
1788584230714,2026-09-05 12:57:10,1325,41.52,42.03700775606069,83,2,1,Normal,OFF,83,,,83,10,baseline,2,Normal,,,,
1788584231715,2026-09-05 12:57:11,1326,41.50,42.03700775606069,83,2,1,Normal,OFF,83,,,83,10,baseline,2,Normal,,,,
1788584232717,2026-09-05 12:57:12,1330,41.40,42.03700775606069,83,2,1,Normal,OFF,83,,,83,10,baseline,2,Normal,,,,
1788584233717,2026-09-05 12:57:13,1329,41.42,42.03700775606069,83,2,1,Normal,OFF,83,,,83,10,baseline,2,Normal,,,,
1788584234719,2026-09-05 12:57:14,1329,41.42,42.03700775606069,83,2,1,Normal,OFF,83,,,83,10,baseline,2,Normal,,,,
1788584235720,2026-09-05 12:57:15,1330,41.40,41.42114352741015,48,2,1,Normal,OFF,83,83,foreign_write 48 reassert(was 48),83,10,baseline,2,Normal,foreign_write:48,,,
1788584236722,2026-09-05 12:57:16,1333,41.32,41.42114352741015,83,2,1,Normal,OFF,83,,,83,10,baseline,2,Normal,,,,
1788584237722,2026-09-05 12:57:17,1333,41.32,41.42114352741015,83,2,1,Normal,OFF,83,,,83,10,baseline,2,Normal,,,,
1788584238724,2026-09-05 12:57:18,1334,41.29,41.42114352741015,83,2,1,Normal,OFF,83,,,83,10,baseline,2,Normal,,,,
1788584239724,2026-09-05 12:57:19,1325,41.52,41.42114352741015,83,2,1,Normal,OFF,83,,,83,10,baseline,2,Normal,,,,
1788584240726,2026-09-05 12:57:20,1336,41.24,41.42114352741015,83,2,1,Normal,OFF,83,,,83,10,baseline,2,Normal,,,,
1788584241726,2026-09-05 12:57:21,1337,41.22,41.42114352741015,83,2,1,Normal,OFF,83,,,83,10,baseline,2,Normal,,,,
1788584242727,2026-09-05 12:57:22,1340,41.14,41.42114352741015,83,2,1,Normal,OFF,83,,,83,10,baseline,2,Normal,,,,
1788584243729,2026-09-05 12:57:23,1339,41.17,41.42114352741015,83,2,1,Normal,OFF,83,,,83,10,baseline,2,Normal,,,,
1788584244728,2026-09-05 12:57:24,1344,41.04,41.42114352741015,83,2,1,Normal,OFF,83,,,83,10,baseline,2,Normal,,,,
1788584245730,2026-09-05 12:57:25,1343,41.07,41.42114352741015,83,2,1,Normal,OFF,83,,,83,10,baseline,2,Normal,,,,
1788584246731,2026-09-05 12:57:26,1346,40.99,41.42114352741015,83,2,1,Normal,OFF,83,,,83,10,baseline,2,Normal,,,,
1788584247733,2026-09-05 12:57:27,1347,40.96,41.42114352741015,83,2,1,Normal,OFF,83,,,83,10,baseline,2,Normal,,,,
1788584248735,2026-09-05 12:57:28,1350,40.89,41.42114352741015,83,2,1,Normal,OFF,83,,,83,10,baseline,2,Normal,,,,
1788584249739,2026-09-05 12:57:29,1348,40.94,41.42114352741015,83,2,1,Normal,OFF,83,,,83,10,baseline,2,Normal,,,,
1788584250741,2026-09-05 12:57:30,1351,40.86,40.88893939955125,48,2,1,Normal,OFF,83,83,foreign_write 48 reassert(was 48),83,10,baseline,2,Normal,foreign_write:48,,,
1788584251742,2026-09-05 12:57:31,1354,40.79,40.88893939955125,83,2,1,Normal,OFF,83,,,83,10,baseline,2,Normal,,,,
1788584252742,2026-09-05 12:57:32,1353,40.81,40.88893939955125,83,2,1,Normal,OFF,83,,,83,10,baseline,2,Normal,,,,
1788584253744,2026-09-05 12:57:33,1353,40.81,40.88893939955125,83,2,1,Normal,OFF,83,,,83,10,baseline,2,Normal,,,,
1788584254745,2026-09-05 12:57:34,1351,40.86,40.88893939955125,83,2,1,Normal,OFF,83,,,83,10,baseline,2,Normal,,,,
1788584255747,2026-09-05 12:57:35,1354,40.79,40.88893939955125,83,2,1,Normal,OFF,83,,,83,10,baseline,2,Normal,,,,
1788584256747,2026-09-05 12:57:36,1356,40.74,40.88893939955125,83,2,1,Normal,OFF,83,,,83,10,baseline,2,Normal,,,,
1788584257749,2026-09-05 12:57:37,1356,40.74,40.88893939955125,83,2,1,Normal,OFF,83,,,83,10,baseline,2,Normal,,,,
1788584258749,2026-09-05 12:57:38,1358,40.69,40.88893939955125,83,2,1,Normal,OFF,83,,,83,10,baseline,2,Normal,,,,
1788584259750,2026-09-05 12:57:39,1359,40.66,40.88893939955125,83,2,1,Normal,OFF,83,,,83,10,baseline,2,Normal,,,,
1788584260752,2026-09-05 12:57:40,1359,40.66,40.88893939955125,83,2,1,Normal,OFF,83,,,83,10,baseline,2,Normal,,,,
1788584261753,2026-09-05 12:57:41,1360,40.64,40.88893939955125,83,2,1,Normal,OFF,83,,,83,10,baseline,2,Normal,,,,
1788584262755,2026-09-05 12:57:42,1362,40.59,40.88893939955125,83,2,1,Normal,OFF,83,,,83,10,baseline,2,Normal,,,,
1788584263755,2026-09-05 12:57:43,1362,40.59,40.88893939955125,83,2,1,Normal,OFF,83,,,83,10,baseline,2,Normal,,,,
1788584264757,2026-09-05 12:57:44,1363,40.56,40.88893939955125,83,2,1,Normal,OFF,83,,,83,10,baseline,2,Normal,,,,
1788584265758,2026-09-05 12:57:45,1362,40.59,40.56248709541262,83,2,1,Normal,OFF,83,,,83,10,baseline,2,Normal,,,,
1788584266759,2026-09-05 12:57:46,1365,40.51,40.56248709541262,83,2,1,Normal,OFF,83,,,83,10,baseline,2,Normal,,,,
1788584267761,2026-09-05 12:57:47,1367,40.46,40.56248709541262,83,2,1,Normal,OFF,83,,,83,10,baseline,2,Normal,,,,
1788584268761,2026-09-05 12:57:48,1367,40.46,40.56248709541262,83,2,1,Normal,OFF,83,,,83,10,baseline,2,Normal,,,,
1788584269763,2026-09-05 12:57:49,1367,40.46,40.56248709541262,83,2,1,Normal,OFF,83,,,83,10,baseline,2,Normal,,,,
1788584270763,2026-09-05 12:57:50,1369,40.41,40.56248709541262,83,2,1,Normal,OFF,83,,,83,10,baseline,2,Normal,,,,
1788584271765,2026-09-05 12:57:51,1370,40.39,40.56248709541262,83,2,1,Normal,OFF,83,,,83,10,baseline,2,Normal,,,,
1788584272765,2026-09-05 12:57:52,1367,40.46,40.56248709541262,83,2,1,Normal,OFF,83,,,83,10,baseline,2,Normal,,,,
1788584273767,2026-09-05 12:57:53,1371,40.36,40.56248709541262,83,2,1,Normal,OFF,83,,,83,10,baseline,2,Normal,,,,
1788584274767,2026-09-05 12:57:54,1373,40.31,40.56248709541262,83,2,1,Normal,OFF,83,,,83,10,baseline,2,Normal,,,,
1788584275769,2026-09-05 12:57:55,1374,40.29,40.56248709541262,83,2,1,Normal,OFF,83,,,83,10,baseline,2,Normal,,,,
1788584276770,2026-09-05 12:57:56,1374,40.29,40.56248709541262,83,2,1,Normal,OFF,83,,,83,10,baseline,2,Normal,,,,
1788584277771,2026-09-05 12:57:57,1377,40.21,40.56248709541262,83,2,1,Normal,OFF,83,,,83,10,baseline,2,Normal,,,,
1788584278771,2026-09-05 12:57:58,1375,40.26,40.56248709541262,83,2,1,Normal,OFF,83,,,83,10,baseline,2,Normal,,,,
1788584279772,2026-09-05 12:57:59,1375,40.26,40.56248709541262,83,2,1,Normal,OFF,83,,,83,10,baseline,2,Normal,,,,
1788584280773,2026-09-05 12:58:00,1377,40.21,40.26312778687702,83,2,1,Normal,OFF,83,,,83,10,baseline,2,Normal,,,,
1788584281773,2026-09-05 12:58:01,1381,40.11,40.26312778687702,83,2,1,Normal,OFF,83,,,83,10,baseline,2,Normal,,,,
1788584282775,2026-09-05 12:58:02,1380,40.14,40.26312778687702,83,2,1,Normal,OFF,83,,,83,10,baseline,2,Normal,,,,
1788584283775,2026-09-05 12:58:03,1379,40.16,40.26312778687702,83,2,1,Normal,OFF,83,,,83,10,baseline,2,Normal,,,,
1788584284777,2026-09-05 12:58:04,1383,40.06,40.26312778687702,83,2,1,Normal,OFF,83,,,83,10,baseline,2,Normal,,,,
1788584285778,2026-09-05 12:58:05,1384,40.04,40.26312778687702,83,2,1,Normal,OFF,83,,,83,10,baseline,2,Normal,,,,
1788584286779,2026-09-05 12:58:06,1382,40.09,40.26312778687702,83,2,1,Normal,OFF,83,,,83,10,baseline,2,Normal,,,,
1788584287779,2026-09-05 12:58:07,1385,40.02,40.26312778687702,83,2,1,Normal,OFF,83,,,83,10,baseline,2,Normal,,,,
1788584288780,2026-09-05 12:58:08,1385,40.02,40.26312778687702,83,2,1,Normal,OFF,83,,,83,10,baseline,2,Normal,,,,
1788584289781,2026-09-05 12:58:09,1385,40.02,40.26312778687702,83,2,1,Normal,OFF,83,,,83,10,baseline,2,Normal,,,,
1788584290783,2026-09-05 12:58:10,1386,39.99,40.26312778687702,83,2,1,Normal,OFF,83,,,83,10,baseline,2,Normal,,,,
1788584291783,2026-09-05 12:58:11,1388,39.94,40.26312778687702,83,2,1,Normal,OFF,83,,,83,10,baseline,2,Normal,,,,
1788584292785,2026-09-05 12:58:12,1390,39.89,40.26312778687702,83,2,1,Normal,OFF,83,,,83,10,baseline,2,Normal,,,,
1788584293785,2026-09-05 12:58:13,1388,39.94,40.26312778687702,83,2,1,Normal,OFF,83,,,83,10,baseline,2,Normal,,,,
1788584294789,2026-09-05 12:58:14,1391,39.87,40.26312778687702,83,2,1,Normal,OFF,83,,,83,10,baseline,2,Normal,,,,
1788584295792,2026-09-05 12:58:15,1390,39.89,39.86686355357591,48,2,1,Normal,OFF,83,83,foreign_write 48 reassert(was 48),83,10,baseline,2,Normal,foreign_write:48,,,
1788584296793,2026-09-05 12:58:16,1392,39.84,39.86686355357591,83,2,1,Normal,OFF,83,,,83,10,baseline,2,Normal,,,,
1788584297795,2026-09-05 12:58:17,1393,39.82,39.86686355357591,83,2,1,Normal,OFF,83,,,83,10,baseline,2,Normal,,,,
1788584298797,2026-09-05 12:58:18,1390,39.89,39.86686355357591,83,2,1,Normal,OFF,83,,,83,10,baseline,2,Normal,,,,
1788584299797,2026-09-05 12:58:19,1391,39.87,39.86686355357591,83,2,1,Normal,OFF,83,,,83,10,baseline,2,Normal,,,,
1788584300797,2026-09-05 12:58:20,1393,39.82,39.86686355357591,83,2,1,Normal,OFF,83,,,83,10,baseline,2,Normal,,,,
1788584301798,2026-09-05 12:58:21,1389,39.92,39.86686355357591,83,2,1,Normal,OFF,83,,,83,10,baseline,2,Normal,,,,
1788584302799,2026-09-05 12:58:22,1394,39.79,39.86686355357591,83,2,1,Normal,OFF,83,,,83,10,baseline,2,Normal,,,,
1788584303801,2026-09-05 12:58:23,1394,39.79,39.86686355357591,83,2,1,Normal,OFF,83,,,83,10,baseline,2,Normal,,,,
1788584304801,2026-09-05 12:58:24,1396,39.74,39.86686355357591,83,2,1,Normal,OFF,83,,,83,10,baseline,2,Normal,,,,
1788584305801,2026-09-05 12:58:25,1394,39.79,39.86686355357591,83,2,1,Normal,OFF,83,,,83,10,baseline,2,Normal,,,,
1788584306803,2026-09-05 12:58:26,1397,39.72,39.86686355357591,83,2,1,Normal,OFF,83,,,83,10,baseline,2,Normal,,,,
1788584307803,2026-09-05 12:58:27,1398,39.69,39.86686355357591,83,2,1,Normal,OFF,83,,,83,10,baseline,2,Normal,,,,
1788584308804,2026-09-05 12:58:28,1398,39.69,39.86686355357591,83,2,1,Normal,OFF,83,,,83,10,baseline,2,Normal,,,,
1788584309806,2026-09-05 12:58:29,1399,39.67,39.86686355357591,83,2,1,Normal,OFF,83,,,83,10,baseline,2,Normal,,,,
1788584310808,2026-09-05 12:58:30,1399,39.67,39.66993805287831,83,2,1,Normal,OFF,83,,,83,10,baseline,2,Normal,,,,
1788584311809,2026-09-05 12:58:31,1400,39.65,39.66993805287831,83,2,1,Normal,OFF,83,,,83,10,baseline,2,Normal,,,,
1788584312810,2026-09-05 12:58:32,1401,39.62,39.66993805287831,83,2,1,Normal,OFF,83,,,83,10,baseline,2,Normal,,,,
1788584313811,2026-09-05 12:58:33,1402,39.60,39.66993805287831,83,2,1,Normal,OFF,83,,,83,10,baseline,2,Normal,,,,
1788584314811,2026-09-05 12:58:34,1403,39.57,39.66993805287831,83,2,1,Normal,OFF,83,,,83,10,baseline,2,Normal,,,,
1788584315811,2026-09-05 12:58:35,1405,39.52,39.66993805287831,83,2,1,Normal,OFF,83,,,83,10,baseline,2,Normal,,,,
1788584316812,2026-09-05 12:58:36,1404,39.55,39.66993805287831,83,2,1,Normal,OFF,83,,,83,10,baseline,2,Normal,,,,
1788584317812,2026-09-05 12:58:37,1406,39.50,39.66993805287831,83,2,1,Normal,OFF,83,,,83,10,baseline,2,Normal,,,,
1788584318814,2026-09-05 12:58:38,1405,39.52,39.66993805287831,83,2,1,Normal,OFF,83,,,83,10,baseline,2,Normal,,,,
1788584319815,2026-09-05 12:58:39,1410,39.40,39.66993805287831,83,2,1,Normal,OFF,83,,,83,10,baseline,2,Normal,,,,
1788584320816,2026-09-05 12:58:40,1413,39.33,39.66993805287831,83,2,1,Normal,OFF,83,,,83,10,baseline,2,Normal,,,,
1788584321817,2026-09-05 12:58:41,1410,39.40,39.66993805287831,83,2,1,Normal,OFF,83,,,83,10,baseline,2,Normal,,,,
1788584322818,2026-09-05 12:58:42,1411,39.38,39.66993805287831,83,2,1,Normal,OFF,83,,,83,10,baseline,2,Normal,,,,
1788584323819,2026-09-05 12:58:43,1411,39.38,39.66993805287831,83,2,1,Normal,OFF,83,,,83,10,baseline,2,Normal,,,,
1788584324820,2026-09-05 12:58:44,1411,39.38,39.66993805287831,83,2,1,Normal,OFF,83,,,83,10,baseline,2,Normal,,,,
1788584325821,2026-09-05 12:58:45,1411,39.38,39.37602353891998,83,2,1,Normal,OFF,83,,,83,10,baseline,2,Normal,,,,
1788584326822,2026-09-05 12:58:46,1413,39.33,39.37602353891998,83,2,1,Normal,OFF,83,,,83,10,baseline,2,Normal,,,,
1788584327823,2026-09-05 12:58:47,1414,39.30,39.37602353891998,83,2,1,Normal,OFF,83,,,83,10,baseline,2,Normal,,,,
1788584328824,2026-09-05 12:58:48,1413,39.33,39.37602353891998,83,2,1,Normal,OFF,83,,,83,10,baseline,2,Normal,,,,
1788584329825,2026-09-05 12:58:49,1414,39.30,39.37602353891998,83,2,1,Normal,OFF,83,,,83,10,baseline,2,Normal,,,,
1788584330826,2026-09-05 12:58:50,1413,39.33,39.37602353891998,83,2,1,Normal,OFF,83,,,83,10,baseline,2,Normal,,,,
1788584331826,2026-09-05 12:58:51,1417,39.23,39.37602353891998,83,2,1,Normal,OFF,83,,,83,10,baseline,2,Normal,,,,
1788584332828,2026-09-05 12:58:52,1413,39.33,39.37602353891998,83,2,1,Normal,OFF,83,,,83,10,baseline,2,Normal,,,,
1788584333828,2026-09-05 12:58:53,1423,39.08,39.37602353891998,83,2,1,Normal,OFF,83,,,83,10,baseline,2,Normal,,,,
1788584334829,2026-09-05 12:58:54,1418,39.21,39.37602353891998,83,2,1,Normal,OFF,83,,,83,10,baseline,2,Normal,,,,
1788584335830,2026-09-05 12:58:55,1418,39.21,39.37602353891998,83,2,1,Normal,OFF,83,,,83,10,baseline,2,Normal,,,,
1788584336830,2026-09-05 12:58:56,1417,39.23,39.37602353891998,83,2,1,Normal,OFF,83,,,83,10,baseline,2,Normal,,,,
1788584337831,2026-09-05 12:58:57,1420,39.16,39.37602353891998,83,2,1,Normal,OFF,83,,,83,10,baseline,2,Normal,,,,
1788584338833,2026-09-05 12:58:58,1422,39.11,39.37602353891998,83,2,1,Normal,OFF,83,,,83,10,baseline,2,Normal,,,,
1788584339832,2026-09-05 12:58:59,1421,39.13,39.37602353891998,83,2,1,Normal,OFF,83,,,83,10,baseline,2,Normal,,,,
1788584340834,2026-09-05 12:59:00,1422,39.11,39.1324199336031,83,2,1,Normal,OFF,83,,,83,10,baseline,2,Normal,,,,
1788584341835,2026-09-05 12:59:01,1424,39.06,39.1324199336031,83,2,1,Normal,OFF,83,,,83,10,baseline,2,Normal,,,,
1788584342836,2026-09-05 12:59:02,1422,39.11,39.1324199336031,83,2,1,Normal,OFF,83,,,83,10,baseline,2,Normal,,,,
1788584343837,2026-09-05 12:59:03,1424,39.06,39.1324199336031,83,2,1,Normal,OFF,83,,,83,10,baseline,2,Normal,,,,
1788584344838,2026-09-05 12:59:04,1423,39.08,39.1324199336031,83,2,1,Normal,OFF,83,,,83,10,baseline,2,Normal,,,,
1788584345838,2026-09-05 12:59:05,1424,39.06,39.1324199336031,83,2,1,Normal,OFF,83,,,83,10,baseline,2,Normal,,,,
1788584346839,2026-09-05 12:59:06,1423,39.08,39.1324199336031,83,2,1,Normal,OFF,83,,,83,10,baseline,2,Normal,,,,
1788584347839,2026-09-05 12:59:07,1425,39.04,39.1324199336031,83,2,1,Normal,OFF,83,,,83,10,baseline,2,Normal,,,,
1788584348840,2026-09-05 12:59:08,1425,39.04,39.1324199336031,83,2,1,Normal,OFF,83,,,83,10,baseline,2,Normal,,,,
1788584349842,2026-09-05 12:59:09,1428,38.96,39.1324199336031,83,2,1,Normal,OFF,83,,,83,10,baseline,2,Normal,,,,
1788584350842,2026-09-05 12:59:10,1426,39.01,39.1324199336031,83,2,1,Normal,OFF,83,,,83,10,baseline,2,Normal,,,,
1788584351843,2026-09-05 12:59:11,1429,38.94,39.1324199336031,83,2,1,Normal,OFF,83,,,83,10,baseline,2,Normal,,,,
1788584352845,2026-09-05 12:59:12,1430,38.91,39.1324199336031,83,2,1,Normal,OFF,83,,,83,10,baseline,2,Normal,,,,
1788584353846,2026-09-05 12:59:13,1431,38.89,39.1324199336031,83,2,1,Normal,OFF,83,,,83,10,baseline,2,Normal,,,,
1788584354847,2026-09-05 12:59:14,1436,38.77,39.1324199336031,83,2,1,Normal,OFF,83,,,83,10,baseline,2,Normal,,,,
1788584355848,2026-09-05 12:59:15,1429,38.94,38.91418640051023,48,2,1,Normal,OFF,83,83,foreign_write 48 reassert(was 48),83,10,baseline,2,Normal,foreign_write:48,,,
1788584356849,2026-09-05 12:59:16,1432,38.87,38.91418640051023,83,2,1,Normal,OFF,83,,,83,10,baseline,2,Normal,,,,
1788584357850,2026-09-05 12:59:17,1430,38.91,38.91418640051023,83,2,1,Normal,OFF,83,,,83,10,baseline,2,Normal,,,,
1788584358851,2026-09-05 12:59:18,1434,38.82,38.91418640051023,83,2,1,Normal,OFF,83,,,83,10,baseline,2,Normal,,,,
1788584359853,2026-09-05 12:59:19,1432,38.87,38.91418640051023,83,2,1,Normal,OFF,83,,,83,10,baseline,2,Normal,,,,
1788584360853,2026-09-05 12:59:20,1432,38.87,38.91418640051023,83,2,1,Normal,OFF,83,,,83,10,baseline,2,Normal,,,,
1788584361855,2026-09-05 12:59:21,1432,38.87,38.91418640051023,83,2,1,Normal,OFF,83,,,83,10,baseline,2,Normal,,,,
1788584362857,2026-09-05 12:59:22,1432,38.87,38.91418640051023,83,2,1,Normal,OFF,83,,,83,10,baseline,2,Normal,,,,
1788584363858,2026-09-05 12:59:23,1435,38.79,38.91418640051023,83,2,1,Normal,OFF,83,,,83,10,baseline,2,Normal,,,,
1788584364859,2026-09-05 12:59:24,1435,38.79,38.91418640051023,83,2,1,Normal,OFF,83,,,83,10,baseline,2,Normal,,,,
1788584365860,2026-09-05 12:59:25,1432,38.87,38.91418640051023,83,2,1,Normal,OFF,83,,,83,10,baseline,2,Normal,,,,
1788584366860,2026-09-05 12:59:26,1434,38.82,38.91418640051023,83,2,1,Normal,OFF,83,,,83,10,baseline,2,Normal,,,,
1788584367862,2026-09-05 12:59:27,1437,38.75,38.91418640051023,83,2,1,Normal,OFF,83,,,83,10,baseline,2,Normal,,,,
1788584368862,2026-09-05 12:59:28,1435,38.79,38.91418640051023,83,2,1,Normal,OFF,83,,,83,10,baseline,2,Normal,,,,
1788584369864,2026-09-05 12:59:29,1434,38.82,38.91418640051023,83,2,1,Normal,OFF,83,,,83,10,baseline,2,Normal,,,,
1788584370864,2026-09-05 12:59:30,1437,38.75,38.81749626589988,83,2,1,Normal,OFF,83,,,83,10,baseline,2,Normal,,,,
1788584371865,2026-09-05 12:59:31,1435,38.79,38.81749626589988,83,2,1,Normal,OFF,83,,,83,10,baseline,2,Normal,,,,
1788584372867,2026-09-05 12:59:32,1435,38.79,38.81749626589988,83,2,1,Normal,OFF,83,,,83,10,baseline,2,Normal,,,,
1788584373867,2026-09-05 12:59:33,1437,38.75,38.81749626589988,83,2,1,Normal,OFF,83,,,83,10,baseline,2,Normal,,,,
1788584374868,2026-09-05 12:59:34,1440,38.67,38.81749626589988,83,2,1,Normal,OFF,83,,,83,10,baseline,2,Normal,,,,
1788584375869,2026-09-05 12:59:35,1442,38.62,38.81749626589988,83,2,1,Normal,OFF,83,,,83,10,baseline,2,Normal,,,,
1788584376870,2026-09-05 12:59:36,1441,38.65,38.81749626589988,83,2,1,Normal,OFF,83,,,83,10,baseline,2,Normal,,,,
1788584377871,2026-09-05 12:59:37,1441,38.65,38.81749626589988,83,2,1,Normal,OFF,83,,,83,10,baseline,2,Normal,,,,
1788584378873,2026-09-05 12:59:38,1439,38.70,38.81749626589988,83,2,1,Normal,OFF,83,,,83,10,baseline,2,Normal,,,,
1788584379874,2026-09-05 12:59:39,1442,38.62,38.81749626589988,83,2,1,Normal,OFF,83,,,83,10,baseline,2,Normal,,,,
1788584380875,2026-09-05 12:59:40,1441,38.65,38.81749626589988,83,2,1,Normal,OFF,83,,,83,10,baseline,2,Normal,,,,
1788584381876,2026-09-05 12:59:41,1443,38.60,38.81749626589988,83,2,1,Normal,OFF,83,,,83,10,baseline,2,Normal,,,,
1788584382878,2026-09-05 12:59:42,1443,38.60,38.81749626589988,83,2,1,Normal,OFF,83,,,83,10,baseline,2,Normal,,,,
1788584383879,2026-09-05 12:59:43,1442,38.62,38.81749626589988,83,2,1,Normal,OFF,83,,,83,10,baseline,2,Normal,,,,
1788584384881,2026-09-05 12:59:44,1443,38.60,38.81749626589988,83,2,1,Normal,OFF,83,,,83,10,baseline,2,Normal,,,,
1788584385882,2026-09-05 12:59:45,1442,38.62,38.60061465980448,83,2,1,Normal,OFF,83,,,83,10,baseline,2,Normal,,,,
1788584386883,2026-09-05 12:59:46,1447,38.50,38.60061465980448,83,2,1,Normal,OFF,83,,,83,10,baseline,2,Normal,,,,
1788584387885,2026-09-05 12:59:47,1444,38.58,38.60061465980448,83,2,1,Normal,OFF,83,,,83,10,baseline,2,Normal,,,,
1788584388885,2026-09-05 12:59:48,1445,38.55,38.60061465980448,83,2,1,Normal,OFF,83,,,83,10,baseline,2,Normal,,,,
1788584389886,2026-09-05 12:59:49,1446,38.53,38.60061465980448,83,2,1,Normal,OFF,83,,,83,10,baseline,2,Normal,,,,
1788584390887,2026-09-05 12:59:50,1445,38.55,38.60061465980448,83,2,1,Normal,OFF,83,,,83,10,baseline,2,Normal,,,,
1788584391888,2026-09-05 12:59:51,1448,38.48,38.60061465980448,83,2,1,Normal,OFF,83,,,83,10,baseline,2,Normal,,,,
1788584392889,2026-09-05 12:59:52,1448,38.48,38.60061465980448,83,2,1,Normal,OFF,83,,,83,10,baseline,2,Normal,,,,
1788584393889,2026-09-05 12:59:53,1448,38.48,38.60061465980448,83,2,1,Normal,OFF,83,,,83,10,baseline,2,Normal,,,,
1788584394891,2026-09-05 12:59:54,1449,38.46,38.60061465980448,83,2,1,Normal,OFF,83,,,83,10,baseline,2,Normal,,,,
1788584395891,2026-09-05 12:59:55,1448,38.48,38.60061465980448,83,2,1,Normal,OFF,83,,,83,10,baseline,2,Normal,,,,
1788584396893,2026-09-05 12:59:56,1449,38.46,38.60061465980448,83,2,1,Normal,OFF,83,,,83,10,baseline,2,Normal,,,,
1788584397894,2026-09-05 12:59:57,1447,38.50,38.60061465980448,83,2,1,Normal,OFF,83,,,83,10,baseline,2,Normal,,,,
1788584398894,2026-09-05 12:59:58,1450,38.43,38.60061465980448,83,2,1,Normal,OFF,83,,,83,10,baseline,2,Normal,,,,
1788584399895,2026-09-05 12:59:59,1449,38.46,38.60061465980448,83,2,1,Normal,OFF,83,,,83,10,baseline,2,Normal,,,,
1788584400897,2026-09-05 13:00:00,1452,38.38,38.45653698023182,83,2,1,Normal,OFF,83,,,83,10,baseline,2,Normal,,,,
1788584401898,2026-09-05 13:00:01,1450,38.43,38.45653698023182,83,2,1,Normal,OFF,83,,,83,10,baseline,2,Normal,,,,
1788584402899,2026-09-05 13:00:02,1452,38.38,38.45653698023182,83,2,1,Normal,OFF,83,,,83,10,baseline,2,Normal,,,,
1788584403899,2026-09-05 13:00:03,1453,38.36,38.45653698023182,83,2,1,Normal,OFF,83,,,83,10,baseline,2,Normal,,,,
1788584404901,2026-09-05 13:00:04,1451,38.41,38.45653698023182,83,2,1,Normal,OFF,83,,,83,10,baseline,2,Normal,,,,
1788584405901,2026-09-05 13:00:05,1453,38.36,38.45653698023182,83,2,1,Normal,OFF,83,,,83,10,baseline,2,Normal,,,,
1788584406903,2026-09-05 13:00:06,1453,38.36,38.45653698023182,83,2,1,Normal,OFF,83,,,83,10,baseline,2,Normal,,,,
1788584407905,2026-09-05 13:00:07,1453,38.36,38.45653698023182,83,2,1,Normal,OFF,83,,,83,10,baseline,2,Normal,,,,
1788584408905,2026-09-05 13:00:08,1454,38.34,38.45653698023182,83,2,1,Normal,OFF,83,,,83,10,baseline,2,Normal,,,,
1788584409907,2026-09-05 13:00:09,1452,38.38,38.45653698023182,83,2,1,Normal,OFF,83,,,83,10,baseline,2,Normal,,,,
1788584410908,2026-09-05 13:00:10,1456,38.29,38.45653698023182,83,2,1,Normal,OFF,83,,,83,10,baseline,2,Normal,,,,
1788584411910,2026-09-05 13:00:11,1455,38.31,38.45653698023182,83,2,1,Normal,OFF,83,,,83,10,baseline,2,Normal,,,,
1788584412911,2026-09-05 13:00:12,1455,38.31,38.45653698023182,83,2,1,Normal,OFF,83,,,83,10,baseline,2,Normal,,,,
1788584413913,2026-09-05 13:00:13,1454,38.34,38.45653698023182,83,2,1,Normal,OFF,83,,,83,10,baseline,2,Normal,,,,
1788584414913,2026-09-05 13:00:14,1461,38.17,38.45653698023182,83,2,1,Normal,OFF,83,,,83,10,baseline,2,Normal,,,,
1788584415915,2026-09-05 13:00:15,1455,38.31,38.26505885703881,83,2,1,Normal,OFF,83,,,83,10,baseline,2,Normal,,,,
1788584416916,2026-09-05 13:00:16,1458,38.24,38.26505885703881,83,2,1,Normal,OFF,83,,,83,10,baseline,2,Normal,,,,
1788584417917,2026-09-05 13:00:17,1457,38.27,38.26505885703881,83,2,1,Normal,OFF,83,,,83,10,baseline,2,Normal,,,,
1788584418918,2026-09-05 13:00:18,1456,38.29,38.26505885703881,83,2,1,Normal,OFF,83,,,83,10,baseline,2,Normal,,,,
1788584419919,2026-09-05 13:00:19,1457,38.27,38.26505885703881,83,2,1,Normal,OFF,83,,,83,10,baseline,2,Normal,,,,
1788584420920,2026-09-05 13:00:20,1458,38.24,38.26505885703881,83,2,1,Normal,OFF,83,,,83,10,baseline,2,Normal,,,,
1788584421921,2026-09-05 13:00:21,1460,38.19,38.26505885703881,83,2,1,Normal,OFF,83,,,83,10,baseline,2,Normal,,,,
1788584422923,2026-09-05 13:00:22,1460,38.19,38.26505885703881,83,2,1,Normal,OFF,83,,,83,10,baseline,2,Normal,,,,
1788584423923,2026-09-05 13:00:23,1463,38.12,38.26505885703881,83,2,1,Normal,OFF,83,,,83,10,baseline,2,Normal,,,,
1788584424925,2026-09-05 13:00:24,1466,38.05,38.26505885703881,83,2,1,Normal,OFF,83,,,83,10,baseline,2,Normal,,,,
1788584425926,2026-09-05 13:00:25,1460,38.19,38.26505885703881,83,2,1,Normal,OFF,83,,,83,10,baseline,2,Normal,,,,
1788584426927,2026-09-05 13:00:26,1462,38.15,38.26505885703881,83,2,1,Normal,OFF,83,,,83,10,baseline,2,Normal,,,,
1788584427928,2026-09-05 13:00:27,1459,38.22,38.26505885703881,83,2,1,Normal,OFF,83,,,83,10,baseline,2,Normal,,,,
1788584428930,2026-09-05 13:00:28,1462,38.15,38.26505885703881,83,2,1,Normal,OFF,83,,,83,10,baseline,2,Normal,,,,
1788584429930,2026-09-05 13:00:29,1464,38.10,38.26505885703881,83,2,1,Normal,OFF,83,,,83,10,baseline,2,Normal,,,,
1788584430931,2026-09-05 13:00:30,1462,38.15,38.098094020831354,83,2,1,Normal,OFF,83,,,83,10,baseline,2,Normal,,,,
1788584431932,2026-09-05 13:00:31,1462,38.15,38.098094020831354,83,2,1,Normal,OFF,83,,,83,10,baseline,2,Normal,,,,
1788584432933,2026-09-05 13:00:32,1463,38.12,38.098094020831354,83,2,1,Normal,OFF,83,,,83,10,baseline,2,Normal,,,,
1788584433935,2026-09-05 13:00:33,1463,38.12,38.098094020831354,83,2,1,Normal,OFF,83,,,83,10,baseline,2,Normal,,,,
1788584434936,2026-09-05 13:00:34,1462,38.15,38.098094020831354,83,2,1,Normal,OFF,83,,,83,10,baseline,2,Normal,,,,
1788584435938,2026-09-05 13:00:35,1463,38.12,38.098094020831354,83,2,1,Normal,OFF,83,,,83,10,baseline,2,Normal,,,,
1788584436939,2026-09-05 13:00:36,1461,38.17,38.098094020831354,83,2,1,Normal,OFF,83,,,83,10,baseline,2,Normal,,,,
1788584437939,2026-09-05 13:00:37,1465,38.07,38.098094020831354,83,2,1,Normal,OFF,83,,,83,10,baseline,2,Normal,,,,
1788584438941,2026-09-05 13:00:38,1466,38.05,38.098094020831354,83,2,1,Normal,OFF,83,,,83,10,baseline,2,Normal,,,,
1788584439942,2026-09-05 13:00:39,1467,38.03,38.098094020831354,83,2,1,Normal,OFF,83,,,83,10,baseline,2,Normal,,,,
1788584440943,2026-09-05 13:00:40,1464,38.10,38.098094020831354,83,2,1,Normal,OFF,83,,,83,10,baseline,2,Normal,,,,
1788584441944,2026-09-05 13:00:41,1467,38.03,38.098094020831354,83,2,1,Normal,OFF,83,,,83,10,baseline,2,Normal,,,,
1788584442946,2026-09-05 13:00:42,1466,38.05,38.098094020831354,83,2,1,Normal,OFF,83,,,83,10,baseline,2,Normal,,,,
1788584443947,2026-09-05 13:00:43,1468,38.00,38.098094020831354,83,2,1,Normal,OFF,83,,,83,10,baseline,2,Normal,,,,
1788584444949,2026-09-05 13:00:44,1475,37.84,38.098094020831354,83,2,1,Normal,OFF,83,,,83,10,baseline,2,Normal,,,,
1788584445950,2026-09-05 13:00:45,1469,37.98,37.8367936118151,48,2,1,Normal,OFF,83,83,foreign_write 48 reassert(was 48),83,10,baseline,2,Normal,foreign_write:48,,,
1788584446956,2026-09-05 13:00:46,1469,37.98,37.8367936118151,83,2,1,Normal,OFF,83,,,83,10,baseline,2,Normal,,,,
1788584447956,2026-09-05 13:00:47,1467,38.03,37.8367936118151,83,2,1,Normal,OFF,83,,,83,10,baseline,2,Normal,,,,
1788584448957,2026-09-05 13:00:48,1468,38.00,37.8367936118151,83,2,1,Normal,OFF,83,,,83,10,baseline,2,Normal,,,,
1788584449959,2026-09-05 13:00:49,1467,38.03,37.8367936118151,83,2,1,Normal,OFF,83,,,83,10,baseline,2,Normal,,,,
1788584450960,2026-09-05 13:00:50,1468,38.00,37.8367936118151,83,2,1,Normal,OFF,83,,,83,10,baseline,2,Normal,,,,
1788584451961,2026-09-05 13:00:51,1471,37.93,37.8367936118151,83,2,1,Normal,OFF,83,,,83,10,baseline,2,Normal,,,,
1788584452962,2026-09-05 13:00:52,1469,37.98,37.8367936118151,83,2,1,Normal,OFF,83,,,83,10,baseline,2,Normal,,,,
1788584453964,2026-09-05 13:00:53,1469,37.98,37.8367936118151,83,2,1,Normal,OFF,83,,,83,10,baseline,2,Normal,,,,
1788584454965,2026-09-05 13:00:54,1470,37.96,37.8367936118151,83,2,1,Normal,OFF,83,,,83,10,baseline,2,Normal,,,,
1788584455967,2026-09-05 13:00:55,1469,37.98,37.8367936118151,83,2,1,Normal,OFF,83,,,83,10,baseline,2,Normal,,,,
1788584456968,2026-09-05 13:00:56,1471,37.93,37.8367936118151,83,2,1,Normal,OFF,83,,,83,10,baseline,2,Normal,,,,
1788584457969,2026-09-05 13:00:57,1469,37.98,37.8367936118151,83,2,1,Normal,OFF,83,,,83,10,baseline,2,Normal,,,,
1788584458971,2026-09-05 13:00:58,1472,37.91,37.8367936118151,83,2,1,Normal,OFF,83,,,83,10,baseline,2,Normal,,,,
1788584459972,2026-09-05 13:00:59,1469,37.98,37.8367936118151,83,2,1,Normal,OFF,83,,DLPC temp UNAVAILABLE,83,10,step,2,Normal,baseline_end:timeout;step_start duty=83 mode=Normal;dlpc_unavailable,,,unavailable
1788584460972,2026-09-05 13:01:00,1469,37.98,37.979159794617885,83,2,1,Normal,OFF,83,,,83,10,step,2,Normal,,,,
1788584461974,2026-09-05 13:01:01,1470,37.96,37.979159794617885,83,2,1,Normal,OFF,83,,,83,10,step,2,Normal,,,,
1788584462975,2026-09-05 13:01:02,1473,37.88,37.979159794617885,83,2,1,Normal,OFF,83,,,83,10,step,2,Normal,,,,
1788584463977,2026-09-05 13:01:03,1471,37.93,37.979159794617885,83,2,1,Normal,OFF,83,,,83,10,step,2,Normal,,,,
1788584464977,2026-09-05 13:01:04,1475,37.84,37.979159794617885,83,2,1,Normal,OFF,83,,,83,10,step,2,Normal,,,,
1788584465979,2026-09-05 13:01:05,1473,37.88,37.979159794617885,83,2,1,Normal,OFF,83,,,83,10,step,2,Normal,,,,
1788584466981,2026-09-05 13:01:06,1473,37.88,37.979159794617885,83,2,1,Normal,OFF,83,,,83,10,step,2,Normal,,,,
1788584467983,2026-09-05 13:01:07,1474,37.86,37.979159794617885,83,2,1,Normal,OFF,83,,,83,10,step,2,Normal,,,,
1788584468984,2026-09-05 13:01:08,1474,37.86,37.979159794617885,83,2,1,Normal,OFF,83,,,83,10,step,2,Normal,,,,
1788584469986,2026-09-05 13:01:09,1476,37.81,37.979159794617885,83,2,1,Normal,OFF,83,,,83,10,step,2,Normal,,,,
1788584470987,2026-09-05 13:01:10,1470,37.96,37.979159794617885,83,2,1,Normal,OFF,83,,,83,10,step,2,Normal,,,,
1788584471989,2026-09-05 13:01:11,1477,37.79,37.979159794617885,83,2,1,Normal,OFF,83,,,83,10,step,2,Normal,,,,
1788584472990,2026-09-05 13:01:12,1476,37.81,37.979159794617885,83,2,1,Normal,OFF,83,,,83,10,step,2,Normal,,,,
1788584473992,2026-09-05 13:01:13,1477,37.79,37.979159794617885,83,2,1,Normal,OFF,83,,,83,10,step,2,Normal,,,,
1788584474993,2026-09-05 13:01:14,1477,37.79,37.979159794617885,83,2,1,Normal,OFF,83,,,83,10,step,2,Normal,,,,
1788584475995,2026-09-05 13:01:15,1476,37.81,37.78942353665167,83,2,1,Normal,OFF,83,,,83,10,step,2,Normal,,,,
1788584476996,2026-09-05 13:01:16,1478,37.77,37.78942353665167,83,2,1,Normal,OFF,83,,,83,10,step,2,Normal,,,,
1788584477998,2026-09-05 13:01:17,1479,37.74,37.78942353665167,83,2,1,Normal,OFF,83,,,83,10,step,2,Normal,,,,
1788584478999,2026-09-05 13:01:18,1477,37.79,37.78942353665167,83,2,1,Normal,OFF,83,,,83,10,step,2,Normal,,,,
1788584479999,2026-09-05 13:01:19,1477,37.79,37.78942353665167,83,2,1,Normal,OFF,83,,,83,10,step,2,Normal,,,,
1788584481000,2026-09-05 13:01:21,1478,37.77,37.78942353665167,83,2,1,Normal,OFF,83,,,83,10,step,2,Normal,,,,
1788584482001,2026-09-05 13:01:22,1479,37.74,37.78942353665167,83,2,1,Normal,OFF,83,,,83,10,step,2,Normal,,,,
1788584483003,2026-09-05 13:01:23,1483,37.65,37.78942353665167,83,2,1,Normal,OFF,83,,,83,10,step,2,Normal,,,,
1788584484004,2026-09-05 13:01:24,1481,37.69,37.78942353665167,83,2,1,Normal,OFF,83,,,83,10,step,2,Normal,,,,
1788584485005,2026-09-05 13:01:25,1479,37.74,37.78942353665167,83,2,1,Normal,OFF,83,,,83,10,step,2,Normal,,,,
1788584486006,2026-09-05 13:01:26,1481,37.69,37.78942353665167,83,2,1,Normal,OFF,83,,,83,10,step,2,Normal,,,,
1788584487008,2026-09-05 13:01:27,1481,37.69,37.78942353665167,83,2,1,Normal,OFF,83,,,83,10,step,2,Normal,,,,
1788584488009,2026-09-05 13:01:28,1479,37.74,37.78942353665167,83,2,1,Normal,OFF,83,,,83,10,step,2,Normal,,,,
1788584489010,2026-09-05 13:01:29,1478,37.77,37.78942353665167,83,2,1,Normal,OFF,83,,,83,10,step,2,Normal,,,,
1788584490010,2026-09-05 13:01:30,1478,37.77,37.78942353665167,83,2,1,Normal,OFF,83,,,83,10,step,2,Normal,,,,
1788584491011,2026-09-05 13:01:31,1481,37.69,37.76575440425938,83,2,1,Normal,OFF,83,,,83,10,step,2,Normal,,,,
1788584492012,2026-09-05 13:01:32,1480,37.72,37.76575440425938,83,2,1,Normal,OFF,83,,,83,10,step,2,Normal,,,,
1788584493014,2026-09-05 13:01:33,1482,37.67,37.76575440425938,83,2,1,Normal,OFF,83,,,83,10,step,2,Normal,,,,
1788584494015,2026-09-05 13:01:34,1481,37.69,37.76575440425938,83,2,1,Normal,OFF,83,,,83,10,step,2,Normal,,,,
1788584495016,2026-09-05 13:01:35,1484,37.62,37.76575440425938,83,2,1,Normal,OFF,83,,,83,10,step,2,Normal,,,,
1788584496018,2026-09-05 13:01:36,1484,37.62,37.76575440425938,83,2,1,Normal,OFF,83,,,83,10,step,2,Normal,,,,
1788584497019,2026-09-05 13:01:37,1484,37.62,37.76575440425938,83,2,1,Normal,OFF,83,,,83,10,step,2,Normal,,,,
1788584498021,2026-09-05 13:01:38,1483,37.65,37.76575440425938,83,2,1,Normal,OFF,83,,,83,10,step,2,Normal,,,,
1788584499021,2026-09-05 13:01:39,1482,37.67,37.76575440425938,83,2,1,Normal,OFF,83,,,83,10,step,2,Normal,,,,
1788584500023,2026-09-05 13:01:40,1483,37.65,37.76575440425938,83,2,1,Normal,OFF,83,,,83,10,step,2,Normal,,,,
1788584501024,2026-09-05 13:01:41,1483,37.65,37.76575440425938,83,2,1,Normal,OFF,83,,,83,10,step,2,Normal,,,,
1788584502025,2026-09-05 13:01:42,1485,37.60,37.76575440425938,83,2,1,Normal,OFF,83,,,83,10,step,2,Normal,,,,
1788584503026,2026-09-05 13:01:43,1483,37.65,37.76575440425938,83,2,1,Normal,OFF,83,,,83,10,step,2,Normal,,,,
1788584504027,2026-09-05 13:01:44,1486,37.58,37.76575440425938,83,2,1,Normal,OFF,83,,,83,10,step,2,Normal,,,,
1788584505028,2026-09-05 13:01:45,1487,37.55,37.76575440425938,83,2,1,Normal,OFF,83,,,83,10,step,2,Normal,,,,
1788584506029,2026-09-05 13:01:46,1483,37.65,37.55320571344612,83,2,1,Normal,OFF,83,,,83,10,step,2,Normal,,,,
1788584507030,2026-09-05 13:01:47,1485,37.60,37.55320571344612,83,2,1,Normal,OFF,83,,,83,10,step,2,Normal,,,,
1788584508031,2026-09-05 13:01:48,1486,37.58,37.55320571344612,83,2,1,Normal,OFF,83,,,83,10,step,2,Normal,,,,
1788584509031,2026-09-05 13:01:49,1485,37.60,37.55320571344612,83,2,1,Normal,OFF,83,,,83,10,step,2,Normal,,,,
1788584510033,2026-09-05 13:01:50,1483,37.65,37.55320571344612,83,2,1,Normal,OFF,83,,,83,10,step,2,Normal,,,,
1788584511033,2026-09-05 13:01:51,1484,37.62,37.55320571344612,83,2,1,Normal,OFF,83,,,83,10,step,2,Normal,,,,
1788584512035,2026-09-05 13:01:52,1492,37.44,37.55320571344612,83,2,1,Normal,OFF,83,,,83,10,step,2,Normal,,,,
1788584513036,2026-09-05 13:01:53,1490,37.48,37.55320571344612,83,2,1,Normal,OFF,83,,,83,10,step,2,Normal,,,,
1788584514036,2026-09-05 13:01:54,1485,37.60,37.55320571344612,83,2,1,Normal,OFF,83,,,83,10,step,2,Normal,,,,
1788584515038,2026-09-05 13:01:55,1483,37.65,37.55320571344612,83,2,1,Normal,OFF,83,,,83,10,step,2,Normal,,,,
1788584516039,2026-09-05 13:01:56,1486,37.58,37.55320571344612,83,2,1,Normal,OFF,83,,,83,10,step,2,Normal,,,,
1788584517040,2026-09-05 13:01:57,1487,37.55,37.55320571344612,83,2,1,Normal,OFF,83,,,83,10,step,2,Normal,,,,
1788584518043,2026-09-05 13:01:58,1486,37.58,37.55320571344612,83,2,1,Normal,OFF,83,,,83,10,step,2,Normal,,,,
1788584519043,2026-09-05 13:01:59,1488,37.53,37.55320571344612,83,2,1,Normal,OFF,83,,,83,10,step,2,Normal,,,,
1788584520045,2026-09-05 13:02:00,1489,37.51,37.50608752800116,83,2,1,Normal,OFF,83,,,83,10,step,2,Normal,,,,
1788584521046,2026-09-05 13:02:01,1487,37.55,37.50608752800116,83,2,1,Normal,OFF,83,,,83,10,step,2,Normal,,,,
1788584522047,2026-09-05 13:02:02,1490,37.48,37.50608752800116,83,2,1,Normal,OFF,83,,,83,10,step,2,Normal,,,,
1788584523049,2026-09-05 13:02:03,1489,37.51,37.50608752800116,83,2,1,Normal,OFF,83,,,83,10,step,2,Normal,,,,
1788584524049,2026-09-05 13:02:04,1489,37.51,37.50608752800116,83,2,1,Normal,OFF,83,,,83,10,step,2,Normal,,,,
1788584525051,2026-09-05 13:02:05,1488,37.53,37.50608752800116,83,2,1,Normal,OFF,83,,,83,10,step,2,Normal,,,,
1788584526052,2026-09-05 13:02:06,1488,37.53,37.50608752800116,83,2,1,Normal,OFF,83,,,83,10,step,2,Normal,,,,
1788584527053,2026-09-05 13:02:07,1490,37.48,37.50608752800116,83,2,1,Normal,OFF,83,,,83,10,step,2,Normal,,,,
1788584528054,2026-09-05 13:02:08,1489,37.51,37.50608752800116,83,2,1,Normal,OFF,83,,,83,10,step,2,Normal,,,,
1788584529055,2026-09-05 13:02:09,1490,37.48,37.50608752800116,83,2,1,Normal,OFF,83,,,83,10,step,2,Normal,,,,
1788584530057,2026-09-05 13:02:10,1490,37.48,37.50608752800116,83,2,1,Normal,OFF,83,,,83,10,step,2,Normal,,,,
1788584531058,2026-09-05 13:02:11,1492,37.44,37.50608752800116,83,2,1,Normal,OFF,83,,,83,10,step,2,Normal,,,,
1788584532059,2026-09-05 13:02:12,1489,37.51,37.50608752800116,83,2,1,Normal,OFF,83,,,83,10,step,2,Normal,,,,
1788584533060,2026-09-05 13:02:13,1491,37.46,37.50608752800116,83,2,1,Normal,OFF,83,,,83,10,step,2,Normal,,,,
1788584534062,2026-09-05 13:02:14,1489,37.51,37.50608752800116,83,2,1,Normal,OFF,83,,,83,10,step,2,Normal,,,,
1788584535066,2026-09-05 13:02:15,1494,37.39,37.45901076129053,83,2,1,Normal,OFF,83,,,83,10,step,2,Normal,,,,
1788584536068,2026-09-05 13:02:16,1496,37.34,37.45901076129053,83,2,1,Normal,OFF,83,,,83,10,step,2,Normal,,,,
1788584537069,2026-09-05 13:02:17,1494,37.39,37.45901076129053,83,2,1,Normal,OFF,83,,,83,10,step,2,Normal,,,,
1788584538071,2026-09-05 13:02:18,1493,37.41,37.45901076129053,83,2,1,Normal,OFF,83,,,83,10,step,2,Normal,,,,
1788584539072,2026-09-05 13:02:19,1492,37.44,37.45901076129053,83,2,1,Normal,OFF,83,,,83,10,step,2,Normal,,,,
1788584540073,2026-09-05 13:02:20,1491,37.46,37.45901076129053,83,2,1,Normal,OFF,83,,,83,10,step,2,Normal,,,,
1788584541074,2026-09-05 13:02:21,1492,37.44,37.45901076129053,83,2,1,Normal,OFF,83,,,83,10,step,2,Normal,,,,
1788584542076,2026-09-05 13:02:22,1501,37.22,37.45901076129053,83,2,1,Normal,OFF,83,,,83,10,step,2,Normal,,,,
1788584543077,2026-09-05 13:02:23,1495,37.36,37.45901076129053,83,2,1,Normal,OFF,83,,,83,10,step,2,Normal,,,,
1788584544079,2026-09-05 13:02:24,1493,37.41,37.45901076129053,83,2,1,Normal,OFF,83,,,83,10,step,2,Normal,,,,
1788584545080,2026-09-05 13:02:25,1493,37.41,37.45901076129053,83,2,1,Normal,OFF,83,,,83,10,step,2,Normal,,,,
1788584546081,2026-09-05 13:02:26,1492,37.44,37.45901076129053,83,2,1,Normal,OFF,83,,,83,10,step,2,Normal,,,,
1788584547083,2026-09-05 13:02:27,1498,37.29,37.45901076129053,83,2,1,Normal,OFF,83,,,83,10,step,2,Normal,,,,
1788584548085,2026-09-05 13:02:28,1493,37.41,37.45901076129053,83,2,1,Normal,OFF,83,,,83,10,step,2,Normal,,,,
1788584549087,2026-09-05 13:02:29,1498,37.29,37.45901076129053,83,2,1,Normal,OFF,83,,,83,10,step,2,Normal,,,,
1788584550087,2026-09-05 13:02:30,1494,37.39,37.36498084765424,83,2,1,Normal,OFF,83,,,83,10,step,2,Normal,,,,
1788584551089,2026-09-05 13:02:31,1496,37.34,37.36498084765424,83,2,1,Normal,OFF,83,,,83,10,step,2,Normal,,,,
1788584552090,2026-09-05 13:02:32,1495,37.36,37.36498084765424,83,2,1,Normal,OFF,83,,,83,10,step,2,Normal,,,,
1788584553091,2026-09-05 13:02:33,1494,37.39,37.36498084765424,83,2,1,Normal,OFF,83,,,83,10,step,2,Normal,,,,
1788584554092,2026-09-05 13:02:34,1497,37.32,37.36498084765424,83,2,1,Normal,OFF,83,,,83,10,step,2,Normal,,,,
1788584555093,2026-09-05 13:02:35,1495,37.36,37.36498084765424,83,2,1,Normal,OFF,83,,,83,10,step,2,Normal,,,,
1788584556095,2026-09-05 13:02:36,1485,37.60,37.36498084765424,83,2,1,Normal,OFF,83,,,83,10,step,2,Normal,,,,
1788584557096,2026-09-05 13:02:37,1494,37.39,37.36498084765424,83,2,1,Normal,OFF,83,,,83,10,step,2,Normal,,,,
1788584558097,2026-09-05 13:02:38,1498,37.29,37.36498084765424,83,2,1,Normal,OFF,83,,,83,10,step,2,Normal,,,,
1788584559098,2026-09-05 13:02:39,1498,37.29,37.36498084765424,83,2,1,Normal,OFF,83,,,83,10,step,2,Normal,,,,
1788584560099,2026-09-05 13:02:40,1496,37.34,37.36498084765424,83,2,1,Normal,OFF,83,,,83,10,step,2,Normal,,,,
1788584561100,2026-09-05 13:02:41,1496,37.34,37.36498084765424,83,2,1,Normal,OFF,83,,,83,10,step,2,Normal,,,,
1788584562102,2026-09-05 13:02:42,1499,37.27,37.36498084765424,83,2,1,Normal,OFF,83,,,83,10,step,2,Normal,,,,
1788584563102,2026-09-05 13:02:43,1497,37.32,37.36498084765424,83,2,1,Normal,OFF,83,,,83,10,step,2,Normal,,,,
1788584564102,2026-09-05 13:02:44,1498,37.29,37.36498084765424,83,2,1,Normal,OFF,83,,,83,10,step,2,Normal,,,,
1788584565102,2026-09-05 13:02:45,1496,37.34,37.34149900783024,83,2,1,Normal,OFF,83,,,83,10,step,2,Normal,,,,
1788584566103,2026-09-05 13:02:46,1497,37.32,37.34149900783024,83,2,1,Normal,OFF,83,,,83,10,step,2,Normal,,,,
1788584567105,2026-09-05 13:02:47,1498,37.29,37.34149900783024,83,2,1,Normal,OFF,83,,,83,10,step,2,Normal,,,,
1788584568105,2026-09-05 13:02:48,1498,37.29,37.34149900783024,83,2,1,Normal,OFF,83,,,83,10,step,2,Normal,,,,
1788584569107,2026-09-05 13:02:49,1496,37.34,37.34149900783024,83,2,1,Normal,OFF,83,,,83,10,step,2,Normal,,,,
1788584570108,2026-09-05 13:02:50,1497,37.32,37.34149900783024,83,2,1,Normal,OFF,83,,,83,10,step,2,Normal,,,,
1788584571108,2026-09-05 13:02:51,1499,37.27,37.34149900783024,83,2,1,Normal,OFF,83,,,83,10,step,2,Normal,,,,
1788584572109,2026-09-05 13:02:52,1500,37.25,37.34149900783024,83,2,1,Normal,OFF,83,,,83,10,step,2,Normal,,,,
1788584573111,2026-09-05 13:02:53,1500,37.25,37.34149900783024,83,2,1,Normal,OFF,83,,,83,10,step,2,Normal,,,,
1788584574111,2026-09-05 13:02:54,1500,37.25,37.34149900783024,83,2,1,Normal,OFF,83,,,83,10,step,2,Normal,,,,
1788584575112,2026-09-05 13:02:55,1498,37.29,37.34149900783024,83,2,1,Normal,OFF,83,,,83,10,step,2,Normal,,,,
1788584576114,2026-09-05 13:02:56,1500,37.25,37.34149900783024,83,2,1,Normal,OFF,83,,,83,10,step,2,Normal,,,,
1788584577115,2026-09-05 13:02:57,1500,37.25,37.34149900783024,83,2,1,Normal,OFF,83,,,83,10,step,2,Normal,,,,
1788584578115,2026-09-05 13:02:58,1499,37.27,37.34149900783024,83,2,1,Normal,OFF,83,,,83,10,step,2,Normal,,,,
1788584579117,2026-09-05 13:02:59,1500,37.25,37.34149900783024,83,2,1,Normal,OFF,83,,,83,10,step,2,Normal,,,,
1788584580118,2026-09-05 13:03:00,1502,37.20,37.20082181692629,83,2,1,Normal,OFF,83,,,83,10,step,2,Normal,,,,
1788584581119,2026-09-05 13:03:01,1500,37.25,37.20082181692629,83,2,1,Normal,OFF,83,,,83,10,step,2,Normal,,,,
1788584582119,2026-09-05 13:03:02,1501,37.22,37.20082181692629,83,2,1,Normal,OFF,83,,,83,10,step,2,Normal,,,,
1788584583120,2026-09-05 13:03:03,1499,37.27,37.20082181692629,83,2,1,Normal,OFF,83,,,83,10,step,2,Normal,,,,
1788584584122,2026-09-05 13:03:04,1502,37.20,37.20082181692629,83,2,1,Normal,OFF,83,,,83,10,step,2,Normal,,,,
1788584585122,2026-09-05 13:03:05,1502,37.20,37.20082181692629,83,2,1,Normal,OFF,83,,,83,10,step,2,Normal,,,,
1788584586124,2026-09-05 13:03:06,1503,37.18,37.20082181692629,83,2,1,Normal,OFF,83,,,83,10,step,2,Normal,,,,
1788584587125,2026-09-05 13:03:07,1501,37.22,37.20082181692629,83,2,1,Normal,OFF,83,,,83,10,step,2,Normal,,,,
1788584588126,2026-09-05 13:03:08,1501,37.22,37.20082181692629,83,2,1,Normal,OFF,83,,,83,10,step,2,Normal,,,,
1788584589127,2026-09-05 13:03:09,1501,37.22,37.20082181692629,83,2,1,Normal,OFF,83,,,83,10,step,2,Normal,,,,
1788584590129,2026-09-05 13:03:10,1510,37.01,37.20082181692629,83,2,1,Normal,OFF,83,,,83,10,step,2,Normal,,,,
1788584591129,2026-09-05 13:03:11,1503,37.18,37.20082181692629,83,2,1,Normal,OFF,83,,,83,10,step,2,Normal,,,,
1788584592130,2026-09-05 13:03:12,1505,37.13,37.20082181692629,83,2,1,Normal,OFF,83,,,83,10,step,2,Normal,,,,
1788584593131,2026-09-05 13:03:13,1500,37.25,37.20082181692629,83,2,1,Normal,OFF,83,,,83,10,step,2,Normal,,,,
1788584594132,2026-09-05 13:03:14,1502,37.20,37.20082181692629,83,2,1,Normal,OFF,83,,,83,10,step,2,Normal,,,,
1788584595132,2026-09-05 13:03:15,1502,37.20,37.20082181692629,83,2,1,Normal,OFF,83,,,83,10,step,2,Normal,,,,
1788584596134,2026-09-05 13:03:16,1505,37.13,37.20082181692629,83,2,1,Normal,OFF,83,,,83,10,step,2,Normal,,,,
1788584597134,2026-09-05 13:03:17,1504,37.15,37.20082181692629,83,2,1,Normal,OFF,83,,,83,10,step,2,Normal,,,,
1788584598136,2026-09-05 13:03:18,1502,37.20,37.20082181692629,83,2,1,Normal,OFF,83,,,83,10,step,2,Normal,,,,
1788584599136,2026-09-05 13:03:19,1502,37.20,37.20082181692629,83,2,1,Normal,OFF,83,,,83,10,step,2,Normal,,,,
1788584600138,2026-09-05 13:03:20,1502,37.20,37.20082181692629,83,2,1,Normal,OFF,83,,,83,10,step,2,Normal,,,,
1788584601139,2026-09-05 13:03:21,1502,37.20,37.20082181692629,83,2,1,Normal,OFF,83,,,83,10,step,2,Normal,,,,
1788584602140,2026-09-05 13:03:22,1502,37.20,37.20082181692629,83,2,1,Normal,OFF,83,,,83,10,step,2,Normal,,,,
1788584603141,2026-09-05 13:03:23,1503,37.18,37.20082181692629,83,2,1,Normal,OFF,83,,,83,10,step,2,Normal,,,,
1788584604142,2026-09-05 13:03:24,1503,37.18,37.20082181692629,83,2,1,Normal,OFF,83,,,83,10,step,2,Normal,,,,
1788584605143,2026-09-05 13:03:25,1505,37.13,37.20082181692629,83,2,1,Normal,OFF,83,,,83,10,step,2,Normal,,,,
1788584606145,2026-09-05 13:03:26,1504,37.15,37.20082181692629,83,2,1,Normal,OFF,83,,,83,10,step,2,Normal,,,,
1788584607146,2026-09-05 13:03:27,1506,37.11,37.20082181692629,83,2,1,Normal,OFF,83,,,83,10,step,2,Normal,,,,
1788584608147,2026-09-05 13:03:28,1505,37.13,37.20082181692629,83,2,1,Normal,OFF,83,,,83,10,step,2,Normal,,,,
1788584609148,2026-09-05 13:03:29,1503,37.18,37.20082181692629,83,2,1,Normal,OFF,83,,,83,10,step,2,Normal,,,,
1788584610150,2026-09-05 13:03:30,1507,37.08,37.08386871345783,83,2,1,Normal,OFF,83,,,83,10,step,2,Normal,,,,
1788584611150,2026-09-05 13:03:31,1506,37.11,37.08386871345783,83,2,1,Normal,OFF,83,,,83,10,step,2,Normal,,,,
1788584612151,2026-09-05 13:03:32,1507,37.08,37.08386871345783,83,2,1,Normal,OFF,83,,,83,10,step,2,Normal,,,,
1788584613152,2026-09-05 13:03:33,1507,37.08,37.08386871345783,83,2,1,Normal,OFF,83,,,83,10,step,2,Normal,,,,
1788584614153,2026-09-05 13:03:34,1503,37.18,37.08386871345783,83,2,1,Normal,OFF,83,,,83,10,step,2,Normal,,,,
1788584615154,2026-09-05 13:03:35,1508,37.06,37.08386871345783,83,2,1,Normal,OFF,83,,,83,10,step,2,Normal,,,,
1788584616155,2026-09-05 13:03:36,1507,37.08,37.08386871345783,83,2,1,Normal,OFF,83,,,83,10,step,2,Normal,,,,
1788584617156,2026-09-05 13:03:37,1507,37.08,37.08386871345783,83,2,1,Normal,OFF,83,,,83,10,step,2,Normal,,,,
1788584618156,2026-09-05 13:03:38,1503,37.18,37.08386871345783,83,2,1,Normal,OFF,83,,,83,10,step,2,Normal,,,,
1788584619157,2026-09-05 13:03:39,1507,37.08,37.08386871345783,83,2,1,Normal,OFF,83,,,83,10,step,2,Normal,,,,
1788584620158,2026-09-05 13:03:40,1505,37.13,37.08386871345783,83,2,1,Normal,OFF,83,,,83,10,step,2,Normal,,,,
1788584621159,2026-09-05 13:03:41,1508,37.06,37.08386871345783,83,2,1,Normal,OFF,83,,,83,10,step,2,Normal,,,,
1788584622161,2026-09-05 13:03:42,1508,37.06,37.08386871345783,83,2,1,Normal,OFF,83,,,83,10,step,2,Normal,,,,
1788584623162,2026-09-05 13:03:43,1503,37.18,37.08386871345783,83,2,1,Normal,OFF,83,,,83,10,step,2,Normal,,,,
1788584624162,2026-09-05 13:03:44,1506,37.11,37.08386871345783,83,2,1,Normal,OFF,83,,,83,10,step,2,Normal,,,,
1788584625164,2026-09-05 13:03:45,1508,37.06,37.060508174735844,83,2,1,Normal,OFF,83,,,83,10,step,2,Normal,,,,
1788584626165,2026-09-05 13:03:46,1509,37.04,37.060508174735844,83,2,1,Normal,OFF,83,,,83,10,step,2,Normal,,,,
1788584627165,2026-09-05 13:03:47,1509,37.04,37.060508174735844,83,2,1,Normal,OFF,83,,,83,10,step,2,Normal,,,,
1788584628166,2026-09-05 13:03:48,1509,37.04,37.060508174735844,83,2,1,Normal,OFF,83,,,83,10,step,2,Normal,,,,
1788584629166,2026-09-05 13:03:49,1508,37.06,37.060508174735844,83,2,1,Normal,OFF,83,,,83,10,step,2,Normal,,,,
1788584630167,2026-09-05 13:03:50,1507,37.08,37.060508174735844,83,2,1,Normal,OFF,83,,,83,10,step,2,Normal,,,,
1788584631168,2026-09-05 13:03:51,1507,37.08,37.060508174735844,83,2,1,Normal,OFF,83,,,83,10,step,2,Normal,,,,
1788584632168,2026-09-05 13:03:52,1509,37.04,37.060508174735844,83,2,1,Normal,OFF,83,,,83,10,step,2,Normal,,,,
1788584633168,2026-09-05 13:03:53,1508,37.06,37.060508174735844,83,2,1,Normal,OFF,83,,,83,10,step,2,Normal,,,,
1788584634168,2026-09-05 13:03:54,1511,36.99,37.060508174735844,83,2,1,Normal,OFF,83,,,83,10,step,2,Normal,,,,
1788584635169,2026-09-05 13:03:55,1509,37.04,37.060508174735844,83,2,1,Normal,OFF,83,,,83,10,step,2,Normal,,,,
1788584636170,2026-09-05 13:03:56,1510,37.01,37.060508174735844,83,2,1,Normal,OFF,83,,,83,10,step,2,Normal,,,,
1788584637171,2026-09-05 13:03:57,1509,37.04,37.060508174735844,83,2,1,Normal,OFF,83,,,83,10,step,2,Normal,,,,
1788584638172,2026-09-05 13:03:58,1508,37.06,37.060508174735844,83,2,1,Normal,OFF,83,,,83,10,step,2,Normal,,,,
1788584639172,2026-09-05 13:03:59,1508,37.06,37.060508174735844,83,2,1,Normal,OFF,83,,,83,10,step,2,Normal,,,,
1788584640173,2026-09-05 13:04:00,1511,36.99,36.990486375090484,83,2,1,Normal,OFF,75,75,DLPC temp UNAVAILABLE,75,11,step,2,Normal,step_end:settled;step_start duty=75 mode=Normal;dlpc_unavailable,,,unavailable
1788584641174,2026-09-05 13:04:01,1510,37.01,36.990486375090484,75,2,1,Normal,OFF,75,,,75,11,step,2,Normal,,,,
1788584642175,2026-09-05 13:04:02,1511,36.99,36.990486375090484,75,2,1,Normal,OFF,75,,,75,11,step,2,Normal,,,,
1788584643175,2026-09-05 13:04:03,1512,36.97,36.990486375090484,75,2,1,Normal,OFF,75,,,75,11,step,2,Normal,,,,
1788584644176,2026-09-05 13:04:04,1512,36.97,36.990486375090484,75,2,1,Normal,OFF,75,,,75,11,step,2,Normal,,,,
1788584645178,2026-09-05 13:04:05,1510,37.01,36.990486375090484,75,2,1,Normal,OFF,75,,,75,11,step,2,Normal,,,,
1788584646179,2026-09-05 13:04:06,1508,37.06,36.990486375090484,75,2,1,Normal,OFF,75,,,75,11,step,2,Normal,,,,
1788584647179,2026-09-05 13:04:07,1509,37.04,36.990486375090484,75,2,1,Normal,OFF,75,,,75,11,step,2,Normal,,,,
1788584648181,2026-09-05 13:04:08,1509,37.04,36.990486375090484,75,2,1,Normal,OFF,75,,,75,11,step,2,Normal,,,,
1788584649182,2026-09-05 13:04:09,1509,37.04,36.990486375090484,75,2,1,Normal,OFF,75,,,75,11,step,2,Normal,,,,
1788584650182,2026-09-05 13:04:10,1509,37.04,36.990486375090484,75,2,1,Normal,OFF,75,,,75,11,step,2,Normal,,,,
1788584651182,2026-09-05 13:04:11,1509,37.04,36.990486375090484,75,2,1,Normal,OFF,75,,,75,11,step,2,Normal,,,,
1788584652183,2026-09-05 13:04:12,1510,37.01,36.990486375090484,75,2,1,Normal,OFF,75,,,75,11,step,2,Normal,,,,
1788584653185,2026-09-05 13:04:13,1511,36.99,36.990486375090484,75,2,1,Normal,OFF,75,,,75,11,step,2,Normal,,,,
1788584654185,2026-09-05 13:04:14,1508,37.06,36.990486375090484,75,2,1,Normal,OFF,75,,,75,11,step,2,Normal,,,,
1788584655186,2026-09-05 13:04:15,1509,37.04,37.037157618261006,75,2,1,Normal,OFF,75,,,75,11,step,2,Normal,,,,
1788584656188,2026-09-05 13:04:16,1506,37.11,37.037157618261006,48,2,1,Normal,OFF,75,75,foreign_write 48 reassert(was 48),75,11,step,2,Normal,foreign_write:48,,,
1788584657188,2026-09-05 13:04:17,1507,37.08,37.037157618261006,75,2,1,Normal,OFF,75,,,75,11,step,2,Normal,,,,
1788584658190,2026-09-05 13:04:18,1509,37.04,37.037157618261006,75,2,1,Normal,OFF,75,,,75,11,step,2,Normal,,,,
1788584659191,2026-09-05 13:04:19,1505,37.13,37.037157618261006,75,2,1,Normal,OFF,75,,,75,11,step,2,Normal,,,,
1788584660193,2026-09-05 13:04:20,1506,37.11,37.037157618261006,75,2,1,Normal,OFF,75,,,75,11,step,2,Normal,,,,
1788584661193,2026-09-05 13:04:21,1507,37.08,37.037157618261006,75,2,1,Normal,OFF,75,,,75,11,step,2,Normal,,,,
1788584662194,2026-09-05 13:04:22,1507,37.08,37.037157618261006,75,2,1,Normal,OFF,75,,,75,11,step,2,Normal,,,,
1788584663195,2026-09-05 13:04:23,1507,37.08,37.037157618261006,75,2,1,Normal,OFF,75,,,75,11,step,2,Normal,,,,
1788584664195,2026-09-05 13:04:24,1506,37.11,37.037157618261006,75,2,1,Normal,OFF,75,,,75,11,step,2,Normal,,,,
1788584665197,2026-09-05 13:04:25,1509,37.04,37.037157618261006,75,2,1,Normal,OFF,75,,,75,11,step,2,Normal,,,,
1788584666198,2026-09-05 13:04:26,1507,37.08,37.037157618261006,75,2,1,Normal,OFF,75,,,75,11,step,2,Normal,,,,
1788584667199,2026-09-05 13:04:27,1507,37.08,37.037157618261006,75,2,1,Normal,OFF,75,,,75,11,step,2,Normal,,,,
1788584668199,2026-09-05 13:04:28,1507,37.08,37.037157618261006,75,2,1,Normal,OFF,75,,,75,11,step,2,Normal,,,,
1788584669200,2026-09-05 13:04:29,1508,37.06,37.037157618261006,75,2,1,Normal,OFF,75,,,75,11,step,2,Normal,,,,
1788584670201,2026-09-05 13:04:30,1506,37.11,37.107239253710816,75,2,1,Normal,OFF,75,,,75,11,step,2,Normal,,,,
1788584671202,2026-09-05 13:04:31,1507,37.08,37.107239253710816,75,2,1,Normal,OFF,75,,,75,11,step,2,Normal,,,,
1788584672202,2026-09-05 13:04:32,1498,37.29,37.107239253710816,75,2,1,Normal,OFF,75,,,75,11,step,2,Normal,,,,
1788584673202,2026-09-05 13:04:33,1506,37.11,37.107239253710816,75,2,1,Normal,OFF,75,,,75,11,step,2,Normal,,,,
1788584674203,2026-09-05 13:04:34,1505,37.13,37.107239253710816,75,2,1,Normal,OFF,75,,,75,11,step,2,Normal,,,,
1788584675205,2026-09-05 13:04:35,1508,37.06,37.107239253710816,75,2,1,Normal,OFF,75,,,75,11,step,2,Normal,,,,
1788584676207,2026-09-05 13:04:36,1507,37.08,37.107239253710816,75,2,1,Normal,OFF,75,,,75,11,step,2,Normal,,,,
1788584677208,2026-09-05 13:04:37,1505,37.13,37.107239253710816,75,2,1,Normal,OFF,75,,,75,11,step,2,Normal,,,,
1788584678209,2026-09-05 13:04:38,1506,37.11,37.107239253710816,75,2,1,Normal,OFF,75,,,75,11,step,2,Normal,,,,
1788584679209,2026-09-05 13:04:39,1506,37.11,37.107239253710816,75,2,1,Normal,OFF,75,,,75,11,step,2,Normal,,,,
1788584680209,2026-09-05 13:04:40,1507,37.08,37.107239253710816,75,2,1,Normal,OFF,75,,,75,11,step,2,Normal,,,,
1788584681210,2026-09-05 13:04:41,1509,37.04,37.107239253710816,75,2,1,Normal,OFF,75,,,75,11,step,2,Normal,,,,
1788584682211,2026-09-05 13:04:42,1507,37.08,37.107239253710816,75,2,1,Normal,OFF,75,,,75,11,step,2,Normal,,,,
1788584683213,2026-09-05 13:04:43,1510,37.01,37.107239253710816,75,2,1,Normal,OFF,75,,,75,11,step,2,Normal,,,,
1788584684212,2026-09-05 13:04:44,1507,37.08,37.107239253710816,75,2,1,Normal,OFF,75,,,75,11,step,2,Normal,,,,
1788584685216,2026-09-05 13:04:45,1508,37.06,37.107239253710816,75,2,1,Normal,OFF,75,,,75,11,step,2,Normal,,,,
1788584686218,2026-09-05 13:04:46,1508,37.06,37.107239253710816,75,2,1,Normal,OFF,75,,,75,11,step,2,Normal,,,,
1788584687218,2026-09-05 13:04:47,1507,37.08,37.107239253710816,75,2,1,Normal,OFF,75,,,75,11,step,2,Normal,,,,
1788584688218,2026-09-05 13:04:48,1505,37.13,37.107239253710816,75,2,1,Normal,OFF,75,,,75,11,step,2,Normal,,,,
1788584689222,2026-09-05 13:04:49,1508,37.06,37.107239253710816,75,2,1,Normal,OFF,75,,,75,11,step,2,Normal,,,,
1788584690223,2026-09-05 13:04:50,1509,37.04,37.107239253710816,75,2,1,Normal,OFF,75,,,75,11,step,2,Normal,,,,
1788584691225,2026-09-05 13:04:51,1507,37.08,37.107239253710816,75,2,1,Normal,OFF,75,,,75,11,step,2,Normal,,,,
1788584692226,2026-09-05 13:04:52,1508,37.06,37.107239253710816,75,2,1,Normal,OFF,75,,,75,11,step,2,Normal,,,,
1788584693227,2026-09-05 13:04:53,1506,37.11,37.107239253710816,75,2,1,Normal,OFF,75,,,75,11,step,2,Normal,,,,
1788584694229,2026-09-05 13:04:54,1506,37.11,37.107239253710816,75,2,1,Normal,OFF,75,,,75,11,step,2,Normal,,,,
1788584695229,2026-09-05 13:04:55,1508,37.06,37.107239253710816,75,2,1,Normal,OFF,75,,,75,11,step,2,Normal,,,,
1788584696230,2026-09-05 13:04:56,1506,37.11,37.107239253710816,75,2,1,Normal,OFF,75,,,75,11,step,2,Normal,,,,
1788584697230,2026-09-05 13:04:57,1509,37.04,37.107239253710816,75,2,1,Normal,OFF,75,,,75,11,step,2,Normal,,,,
1788584698231,2026-09-05 13:04:58,1509,37.04,37.107239253710816,75,2,1,Normal,OFF,75,,,75,11,step,2,Normal,,,,
1788584699232,2026-09-05 13:04:59,1511,36.99,37.107239253710816,75,2,1,Normal,OFF,75,,,75,11,step,2,Normal,,,,
1788584700235,2026-09-05 13:05:00,1505,37.13,37.107239253710816,75,2,1,Normal,OFF,75,,,75,11,step,2,Normal,,,,
1788584701236,2026-09-05 13:05:01,1510,37.01,37.13061981481337,75,2,1,Normal,OFF,75,,,75,11,step,2,Normal,,,,
1788584702237,2026-09-05 13:05:02,1506,37.11,37.13061981481337,75,2,1,Normal,OFF,75,,,75,11,step,2,Normal,,,,
1788584703239,2026-09-05 13:05:03,1508,37.06,37.13061981481337,75,2,1,Normal,OFF,75,,,75,11,step,2,Normal,,,,
1788584704239,2026-09-05 13:05:04,1507,37.08,37.13061981481337,75,2,1,Normal,OFF,75,,,75,11,step,2,Normal,,,,
1788584705241,2026-09-05 13:05:05,1507,37.08,37.13061981481337,75,2,1,Normal,OFF,75,,,75,11,step,2,Normal,,,,
1788584706241,2026-09-05 13:05:06,1510,37.01,37.13061981481337,75,2,1,Normal,OFF,75,,,75,11,step,2,Normal,,,,
1788584707242,2026-09-05 13:05:07,1507,37.08,37.13061981481337,75,2,1,Normal,OFF,75,,,75,11,step,2,Normal,,,,
1788584708243,2026-09-05 13:05:08,1507,37.08,37.13061981481337,75,2,1,Normal,OFF,75,,,75,11,step,2,Normal,,,,
1788584709244,2026-09-05 13:05:09,1508,37.06,37.13061981481337,75,2,1,Normal,OFF,75,,,75,11,step,2,Normal,,,,
1788584710246,2026-09-05 13:05:10,1509,37.04,37.13061981481337,75,2,1,Normal,OFF,75,,,75,11,step,2,Normal,,,,
1788584711247,2026-09-05 13:05:11,1509,37.04,37.13061981481337,75,2,1,Normal,OFF,75,,,75,11,step,2,Normal,,,,
1788584712247,2026-09-05 13:05:12,1506,37.11,37.13061981481337,75,2,1,Normal,OFF,75,,,75,11,step,2,Normal,,,,
1788584713249,2026-09-05 13:05:13,1507,37.08,37.13061981481337,75,2,1,Normal,OFF,75,,,75,11,step,2,Normal,,,,
1788584714250,2026-09-05 13:05:14,1507,37.08,37.13061981481337,75,2,1,Normal,OFF,75,,,75,11,step,2,Normal,,,,
1788584715251,2026-09-05 13:05:15,1506,37.11,37.13061981481337,75,2,1,Normal,OFF,75,,,75,11,step,2,Normal,,,,
1788584716251,2026-09-05 13:05:16,1508,37.06,37.107239253710816,75,2,1,Normal,OFF,75,,,75,11,step,2,Normal,,,,
1788584717252,2026-09-05 13:05:17,1512,36.97,37.107239253710816,75,2,1,Normal,OFF,75,,,75,11,step,2,Normal,,,,
1788584718253,2026-09-05 13:05:18,1507,37.08,37.107239253710816,75,2,1,Normal,OFF,75,,,75,11,step,2,Normal,,,,
1788584719253,2026-09-05 13:05:19,1506,37.11,37.107239253710816,75,2,1,Normal,OFF,75,,,75,11,step,2,Normal,,,,
1788584720254,2026-09-05 13:05:20,1507,37.08,37.107239253710816,75,2,1,Normal,OFF,75,,,75,11,step,2,Normal,,,,
1788584721255,2026-09-05 13:05:21,1508,37.06,37.107239253710816,75,2,1,Normal,OFF,75,,,75,11,step,2,Normal,,,,
1788584722256,2026-09-05 13:05:22,1507,37.08,37.107239253710816,75,2,1,Normal,OFF,75,,,75,11,step,2,Normal,,,,
1788584723257,2026-09-05 13:05:23,1505,37.13,37.107239253710816,75,2,1,Normal,OFF,75,,,75,11,step,2,Normal,,,,
1788584724258,2026-09-05 13:05:24,1508,37.06,37.107239253710816,75,2,1,Normal,OFF,75,,,75,11,step,2,Normal,,,,
1788584725259,2026-09-05 13:05:25,1508,37.06,37.107239253710816,75,2,1,Normal,OFF,75,,,75,11,step,2,Normal,,,,
1788584726260,2026-09-05 13:05:26,1509,37.04,37.107239253710816,75,2,1,Normal,OFF,75,,,75,11,step,2,Normal,,,,
1788584727261,2026-09-05 13:05:27,1508,37.06,37.107239253710816,75,2,1,Normal,OFF,75,,,75,11,step,2,Normal,,,,
1788584728261,2026-09-05 13:05:28,1508,37.06,37.107239253710816,75,2,1,Normal,OFF,75,,,75,11,step,2,Normal,,,,
1788584729262,2026-09-05 13:05:29,1510,37.01,37.107239253710816,75,2,1,Normal,OFF,75,,,75,11,step,2,Normal,,,,
1788584730264,2026-09-05 13:05:30,1510,37.01,37.107239253710816,75,2,1,Normal,OFF,75,,,75,11,step,2,Normal,,,,
1788584731264,2026-09-05 13:05:31,1510,37.01,37.013817024784146,75,2,1,Normal,OFF,75,,,75,11,step,2,Normal,,,,
1788584732266,2026-09-05 13:05:32,1508,37.06,37.013817024784146,75,2,1,Normal,OFF,75,,,75,11,step,2,Normal,,,,
1788584733266,2026-09-05 13:05:33,1508,37.06,37.013817024784146,75,2,1,Normal,OFF,75,,,75,11,step,2,Normal,,,,
1788584734267,2026-09-05 13:05:34,1508,37.06,37.013817024784146,75,2,1,Normal,OFF,75,,,75,11,step,2,Normal,,,,
1788584735269,2026-09-05 13:05:35,1508,37.06,37.013817024784146,75,2,1,Normal,OFF,75,,,75,11,step,2,Normal,,,,
1788584736269,2026-09-05 13:05:36,1507,37.08,37.013817024784146,75,2,1,Normal,OFF,75,,,75,11,step,2,Normal,,,,
1788584737270,2026-09-05 13:05:37,1508,37.06,37.013817024784146,75,2,1,Normal,OFF,75,,,75,11,step,2,Normal,,,,
1788584738271,2026-09-05 13:05:38,1509,37.04,37.013817024784146,75,2,1,Normal,OFF,75,,,75,11,step,2,Normal,,,,
1788584739272,2026-09-05 13:05:39,1509,37.04,37.013817024784146,75,2,1,Normal,OFF,75,,,75,11,step,2,Normal,,,,
1788584740273,2026-09-05 13:05:40,1510,37.01,37.013817024784146,75,2,1,Normal,OFF,75,,,75,11,step,2,Normal,,,,
1788584741274,2026-09-05 13:05:41,1509,37.04,37.013817024784146,75,2,1,Normal,OFF,75,,,75,11,step,2,Normal,,,,
1788584742275,2026-09-05 13:05:42,1510,37.01,37.013817024784146,75,2,1,Normal,OFF,75,,,75,11,step,2,Normal,,,,
1788584743277,2026-09-05 13:05:43,1509,37.04,37.013817024784146,75,2,1,Normal,OFF,75,,,75,11,step,2,Normal,,,,
1788584744278,2026-09-05 13:05:44,1509,37.04,37.013817024784146,75,2,1,Normal,OFF,75,,,75,11,step,2,Normal,,,,
1788584745280,2026-09-05 13:05:45,1510,37.01,37.013817024784146,75,2,1,Normal,OFF,75,,,75,11,step,2,Normal,,,,
1788584746280,2026-09-05 13:05:46,1509,37.04,37.013817024784146,75,2,1,Normal,OFF,75,,,75,11,step,2,Normal,,,,
1788584747282,2026-09-05 13:05:47,1508,37.06,37.013817024784146,75,2,1,Normal,OFF,75,,,75,11,step,2,Normal,,,,
1788584748282,2026-09-05 13:05:48,1508,37.06,37.013817024784146,75,2,1,Normal,OFF,75,,,75,11,step,2,Normal,,,,
1788584749283,2026-09-05 13:05:49,1511,36.99,37.013817024784146,75,2,1,Normal,OFF,75,,,75,11,step,2,Normal,,,,
1788584750284,2026-09-05 13:05:50,1509,37.04,37.013817024784146,75,2,1,Normal,OFF,75,,,75,11,step,2,Normal,,,,
1788584751285,2026-09-05 13:05:51,1507,37.08,37.013817024784146,75,2,1,Normal,OFF,75,,,75,11,step,2,Normal,,,,
1788584752285,2026-09-05 13:05:52,1510,37.01,37.013817024784146,75,2,1,Normal,OFF,75,,,75,11,step,2,Normal,,,,
1788584753285,2026-09-05 13:05:53,1510,37.01,37.013817024784146,75,2,1,Normal,OFF,75,,,75,11,step,2,Normal,,,,
1788584754285,2026-09-05 13:05:54,1509,37.04,37.013817024784146,75,2,1,Normal,OFF,75,,,75,11,step,2,Normal,,,,
1788584755287,2026-09-05 13:05:55,1510,37.01,37.013817024784146,75,2,1,Normal,OFF,75,,,75,11,step,2,Normal,,,,
1788584756288,2026-09-05 13:05:56,1508,37.06,37.013817024784146,75,2,1,Normal,OFF,75,,,75,11,step,2,Normal,,,,
1788584757290,2026-09-05 13:05:57,1511,36.99,37.013817024784146,75,2,1,Normal,OFF,75,,,75,11,step,2,Normal,,,,
1788584758290,2026-09-05 13:05:58,1510,37.01,37.013817024784146,75,2,1,Normal,OFF,75,,,75,11,step,2,Normal,,,,
1788584759291,2026-09-05 13:05:59,1507,37.08,37.013817024784146,75,2,1,Normal,OFF,75,,,75,11,step,2,Normal,,,,
1788584760293,2026-09-05 13:06:00,1509,37.04,37.013817024784146,75,2,1,Normal,OFF,75,,,75,11,step,2,Normal,,,,
1788584761293,2026-09-05 13:06:01,1508,37.06,37.013817024784146,75,2,1,Normal,OFF,75,,,75,11,step,2,Normal,,,,
1788584762294,2026-09-05 13:06:02,1512,36.97,37.013817024784146,75,2,1,Normal,OFF,75,,,75,11,step,2,Normal,,,,
1788584763295,2026-09-05 13:06:03,1509,37.04,37.013817024784146,75,2,1,Normal,OFF,75,,,75,11,step,2,Normal,,,,
1788584764295,2026-09-05 13:06:04,1511,36.99,37.013817024784146,75,2,1,Normal,OFF,75,,,75,11,step,2,Normal,,,,
1788584765296,2026-09-05 13:06:05,1509,37.04,37.013817024784146,75,2,1,Normal,OFF,75,,,75,11,step,2,Normal,,,,
1788584766298,2026-09-05 13:06:06,1510,37.01,37.013817024784146,75,2,1,Normal,OFF,75,,,75,11,step,2,Normal,,,,
1788584767299,2026-09-05 13:06:07,1513,36.94,37.013817024784146,75,2,1,Normal,OFF,75,,,75,11,step,2,Normal,,,,
1788584768299,2026-09-05 13:06:08,1510,37.01,37.013817024784146,75,2,1,Normal,OFF,75,,,75,11,step,2,Normal,,,,
1788584769301,2026-09-05 13:06:09,1510,37.01,37.013817024784146,75,2,1,Normal,OFF,75,,,75,11,step,2,Normal,,,,
1788584770302,2026-09-05 13:06:10,1508,37.06,37.013817024784146,75,2,1,Normal,OFF,75,,,75,11,step,2,Normal,,,,
1788584771303,2026-09-05 13:06:11,1509,37.04,37.013817024784146,75,2,1,Normal,OFF,75,,,75,11,step,2,Normal,,,,
1788584772303,2026-09-05 13:06:12,1511,36.99,37.013817024784146,75,2,1,Normal,OFF,75,,,75,11,step,2,Normal,,,,
1788584773304,2026-09-05 13:06:13,1509,37.04,37.013817024784146,75,2,1,Normal,OFF,75,,,75,11,step,2,Normal,,,,
1788584774305,2026-09-05 13:06:14,1512,36.97,37.013817024784146,75,2,1,Normal,OFF,75,,,75,11,step,2,Normal,,,,
1788584775306,2026-09-05 13:06:15,1510,37.01,37.013817024784146,75,2,1,Normal,OFF,75,,,75,11,step,2,Normal,,,,
1788584776308,2026-09-05 13:06:16,1510,37.01,37.013817024784146,75,2,1,Normal,OFF,75,,,75,11,step,2,Normal,,,,
1788584777308,2026-09-05 13:06:17,1509,37.04,37.013817024784146,75,2,1,Normal,OFF,75,,,75,11,step,2,Normal,,,,
1788584778308,2026-09-05 13:06:18,1511,36.99,37.013817024784146,75,2,1,Normal,OFF,75,,,75,11,step,2,Normal,,,,
1788584779309,2026-09-05 13:06:19,1510,37.01,37.013817024784146,75,2,1,Normal,OFF,75,,,75,11,step,2,Normal,,,,
1788584780309,2026-09-05 13:06:20,1511,36.99,37.013817024784146,75,2,1,Normal,OFF,75,,,75,11,step,2,Normal,,,,
1788584781310,2026-09-05 13:06:21,1503,37.18,37.013817024784146,75,2,1,Normal,OFF,75,,,75,11,step,2,Normal,,,,
1788584782311,2026-09-05 13:06:22,1510,37.01,37.013817024784146,75,2,1,Normal,OFF,75,,,75,11,step,2,Normal,,,,
1788584783313,2026-09-05 13:06:23,1510,37.01,37.013817024784146,75,2,1,Normal,OFF,75,,,75,11,step,2,Normal,,,,
1788584784313,2026-09-05 13:06:24,1510,37.01,37.013817024784146,75,2,1,Normal,OFF,75,,,75,11,step,2,Normal,,,,
1788584785315,2026-09-05 13:06:25,1511,36.99,37.013817024784146,75,2,1,Normal,OFF,75,,,75,11,step,2,Normal,,,,
1788584786316,2026-09-05 13:06:26,1511,36.99,37.013817024784146,75,2,1,Normal,OFF,75,,,75,11,step,2,Normal,,,,
1788584787317,2026-09-05 13:06:27,1510,37.01,37.013817024784146,75,2,1,Normal,OFF,75,,,75,11,step,2,Normal,,,,
1788584788319,2026-09-05 13:06:28,1513,36.94,37.013817024784146,75,2,1,Normal,OFF,75,,,75,11,step,2,Normal,,,,
1788584789319,2026-09-05 13:06:29,1511,36.99,37.013817024784146,75,2,1,Normal,OFF,75,,,75,11,step,2,Normal,,,,
1788584790321,2026-09-05 13:06:30,1510,37.01,37.013817024784146,75,2,1,Normal,OFF,75,,,75,11,step,2,Normal,,,,
1788584791321,2026-09-05 13:06:31,1510,37.01,37.013817024784146,75,2,1,Normal,OFF,75,,,75,11,step,2,Normal,,,,
1788584792322,2026-09-05 13:06:32,1510,37.01,37.013817024784146,75,2,1,Normal,OFF,75,,,75,11,step,2,Normal,,,,
1788584793323,2026-09-05 13:06:33,1509,37.04,37.013817024784146,75,2,1,Normal,OFF,75,,,75,11,step,2,Normal,,,,
1788584794324,2026-09-05 13:06:34,1512,36.97,37.013817024784146,75,2,1,Normal,OFF,75,,,75,11,step,2,Normal,,,,
1788584795325,2026-09-05 13:06:35,1513,36.94,37.013817024784146,75,2,1,Normal,OFF,75,,,75,11,step,2,Normal,,,,
1788584796325,2026-09-05 13:06:36,1513,36.94,37.013817024784146,75,2,1,Normal,OFF,75,,,75,11,step,2,Normal,,,,
1788584797326,2026-09-05 13:06:37,1510,37.01,37.013817024784146,75,2,1,Normal,OFF,75,,,75,11,step,2,Normal,,,,
1788584798327,2026-09-05 13:06:38,1513,36.94,37.013817024784146,75,2,1,Normal,OFF,75,,,75,11,step,2,Normal,,,,
1788584799328,2026-09-05 13:06:39,1510,37.01,37.013817024784146,75,2,1,Normal,OFF,75,,,75,11,step,2,Normal,,,,
1788584800329,2026-09-05 13:06:40,1511,36.99,37.013817024784146,75,2,1,Normal,OFF,75,,,75,11,step,2,Normal,,,,
1788584801329,2026-09-05 13:06:41,1513,36.94,37.013817024784146,75,2,1,Normal,OFF,75,,,75,11,step,2,Normal,,,,
1788584802331,2026-09-05 13:06:42,1509,37.04,37.013817024784146,75,2,1,Normal,OFF,75,,,75,11,step,2,Normal,,,,
1788584803331,2026-09-05 13:06:43,1512,36.97,37.013817024784146,75,2,1,Normal,OFF,75,,,75,11,step,2,Normal,,,,
1788584804333,2026-09-05 13:06:44,1513,36.94,37.013817024784146,75,2,1,Normal,OFF,75,,,75,11,step,2,Normal,,,,
1788584805334,2026-09-05 13:06:45,1512,36.97,37.013817024784146,75,2,1,Normal,OFF,75,,,75,11,step,2,Normal,,,,
1788584806335,2026-09-05 13:06:46,1511,36.99,36.990486375090484,48,2,1,Normal,OFF,75,75,foreign_write 48 reassert(was 48),75,11,step,2,Normal,foreign_write:48,,,
1788584807337,2026-09-05 13:06:47,1512,36.97,36.990486375090484,75,2,1,Normal,OFF,75,,,75,11,step,2,Normal,,,,
1788584808339,2026-09-05 13:06:48,1510,37.01,36.990486375090484,75,2,1,Normal,OFF,75,,,75,11,step,2,Normal,,,,
1788584809340,2026-09-05 13:06:49,1510,37.01,36.990486375090484,75,2,1,Normal,OFF,75,,,75,11,step,2,Normal,,,,
1788584810342,2026-09-05 13:06:50,1512,36.97,36.990486375090484,75,2,1,Normal,OFF,75,,,75,11,step,2,Normal,,,,
1788584811343,2026-09-05 13:06:51,1511,36.99,36.990486375090484,75,2,1,Normal,OFF,75,,,75,11,step,2,Normal,,,,
1788584812343,2026-09-05 13:06:52,1509,37.04,36.990486375090484,75,2,1,Normal,OFF,75,,,75,11,step,2,Normal,,,,
1788584813345,2026-09-05 13:06:53,1515,36.90,36.990486375090484,75,2,1,Normal,OFF,75,,,75,11,step,2,Normal,,,,
1788584814345,2026-09-05 13:06:54,1511,36.99,36.990486375090484,75,2,1,Normal,OFF,75,,,75,11,step,2,Normal,,,,
1788584815347,2026-09-05 13:06:55,1513,36.94,36.990486375090484,75,2,1,Normal,OFF,75,,,75,11,step,2,Normal,,,,
1788584816348,2026-09-05 13:06:56,1512,36.97,36.990486375090484,75,2,1,Normal,OFF,75,,,75,11,step,2,Normal,,,,
1788584817350,2026-09-05 13:06:57,1510,37.01,36.990486375090484,75,2,1,Normal,OFF,75,,,75,11,step,2,Normal,,,,
1788584818351,2026-09-05 13:06:58,1509,37.04,36.990486375090484,75,2,1,Normal,OFF,75,,,75,11,step,2,Normal,,,,
1788584819352,2026-09-05 13:06:59,1510,37.01,36.990486375090484,75,2,1,Normal,OFF,75,,,75,11,step,2,Normal,,,,
1788584820353,2026-09-05 13:07:00,1510,37.01,36.990486375090484,75,2,1,Normal,OFF,75,,,75,11,step,2,Normal,,,,
1788584821353,2026-09-05 13:07:01,1512,36.97,37.013817024784146,48,2,1,Normal,OFF,75,75,foreign_write 48 reassert(was 48),75,11,step,2,Normal,foreign_write:48,,,
1788584822355,2026-09-05 13:07:02,1509,37.04,37.013817024784146,75,2,1,Normal,OFF,75,,,75,11,step,2,Normal,,,,
1788584823356,2026-09-05 13:07:03,1506,37.11,37.013817024784146,75,2,1,Normal,OFF,75,,,75,11,step,2,Normal,,,,
1788584824357,2026-09-05 13:07:04,1510,37.01,37.013817024784146,75,2,1,Normal,OFF,75,,,75,11,step,2,Normal,,,,
1788584825358,2026-09-05 13:07:05,1509,37.04,37.013817024784146,75,2,1,Normal,OFF,75,,,75,11,step,2,Normal,,,,
1788584826359,2026-09-05 13:07:06,1512,36.97,37.013817024784146,75,2,1,Normal,OFF,75,,,75,11,step,2,Normal,,,,
1788584827360,2026-09-05 13:07:07,1512,36.97,37.013817024784146,75,2,1,Normal,OFF,75,,,75,11,step,2,Normal,,,,
1788584828361,2026-09-05 13:07:08,1509,37.04,37.013817024784146,75,2,1,Normal,OFF,75,,,75,11,step,2,Normal,,,,
1788584829362,2026-09-05 13:07:09,1510,37.01,37.013817024784146,75,2,1,Normal,OFF,75,,,75,11,step,2,Normal,,,,
1788584830363,2026-09-05 13:07:10,1510,37.01,37.013817024784146,75,2,1,Normal,OFF,70,70,DLPC temp UNAVAILABLE,70,12,step,2,Normal,step_end:settled;step_start duty=70 mode=Normal;dlpc_unavailable,,,unavailable
1788584831364,2026-09-05 13:07:11,1519,36.80,37.013817024784146,70,2,1,Normal,OFF,70,,,70,12,step,2,Normal,,,,
1788584832364,2026-09-05 13:07:12,1509,37.04,37.013817024784146,70,2,1,Normal,OFF,70,,,70,12,step,2,Normal,,,,
1788584833366,2026-09-05 13:07:13,1509,37.04,37.013817024784146,70,2,1,Normal,OFF,70,,,70,12,step,2,Normal,,,,
1788584834367,2026-09-05 13:07:14,1510,37.01,37.013817024784146,70,2,1,Normal,OFF,70,,,70,12,step,2,Normal,,,,
1788584835369,2026-09-05 13:07:15,1511,36.99,36.990486375090484,70,2,1,Normal,OFF,70,,,70,12,step,2,Normal,,,,
1788584836371,2026-09-05 13:07:16,1512,36.97,36.990486375090484,48,2,1,Normal,OFF,70,70,foreign_write 48 reassert(was 48),70,12,step,2,Normal,foreign_write:48,,,
1788584837373,2026-09-05 13:07:17,1511,36.99,36.990486375090484,70,2,1,Normal,OFF,70,,,70,12,step,2,Normal,,,,
1788584838375,2026-09-05 13:07:18,1516,36.87,36.990486375090484,70,2,1,Normal,OFF,70,,,70,12,step,2,Normal,,,,
1788584839376,2026-09-05 13:07:19,1509,37.04,36.990486375090484,70,2,1,Normal,OFF,70,,,70,12,step,2,Normal,,,,
1788584840377,2026-09-05 13:07:20,1510,37.01,36.990486375090484,70,2,1,Normal,OFF,70,,,70,12,step,2,Normal,,,,
1788584841378,2026-09-05 13:07:21,1508,37.06,36.990486375090484,70,2,1,Normal,OFF,70,,,70,12,step,2,Normal,,,,
1788584842379,2026-09-05 13:07:22,1509,37.04,36.990486375090484,70,2,1,Normal,OFF,70,,,70,12,step,2,Normal,,,,
1788584843381,2026-09-05 13:07:23,1509,37.04,36.990486375090484,70,2,1,Normal,OFF,70,,,70,12,step,2,Normal,,,,
1788584844382,2026-09-05 13:07:24,1506,37.11,36.990486375090484,70,2,1,Normal,OFF,70,,,70,12,step,2,Normal,,,,
1788584845384,2026-09-05 13:07:25,1510,37.01,36.990486375090484,70,2,1,Normal,OFF,70,,,70,12,step,2,Normal,,,,
1788584846385,2026-09-05 13:07:26,1510,37.01,36.990486375090484,70,2,1,Normal,OFF,70,,,70,12,step,2,Normal,,,,
1788584847386,2026-09-05 13:07:27,1508,37.06,36.990486375090484,70,2,1,Normal,OFF,70,,,70,12,step,2,Normal,,,,
1788584848387,2026-09-05 13:07:28,1510,37.01,36.990486375090484,70,2,1,Normal,OFF,70,,,70,12,step,2,Normal,,,,
1788584849390,2026-09-05 13:07:29,1510,37.01,36.990486375090484,70,2,1,Normal,OFF,70,,,70,12,step,2,Normal,,,,
1788584850391,2026-09-05 13:07:30,1510,37.01,36.990486375090484,70,2,1,Normal,OFF,70,,,70,12,step,2,Normal,,,,
1788584851392,2026-09-05 13:07:31,1509,37.04,37.013817024784146,48,2,1,Normal,OFF,70,70,foreign_write 48 reassert(was 48),70,12,step,2,Normal,foreign_write:48,,,
1788584852393,2026-09-05 13:07:32,1510,37.01,37.013817024784146,70,2,1,Normal,OFF,70,,,70,12,step,2,Normal,,,,
1788584853393,2026-09-05 13:07:33,1507,37.08,37.013817024784146,70,2,1,Normal,OFF,70,,,70,12,step,2,Normal,,,,
1788584854395,2026-09-05 13:07:34,1510,37.01,37.013817024784146,70,2,1,Normal,OFF,70,,,70,12,step,2,Normal,,,,
1788584855397,2026-09-05 13:07:35,1508,37.06,37.013817024784146,70,2,1,Normal,OFF,70,,,70,12,step,2,Normal,,,,
1788584856399,2026-09-05 13:07:36,1507,37.08,37.013817024784146,70,2,1,Normal,OFF,70,,,70,12,step,2,Normal,,,,
1788584857399,2026-09-05 13:07:37,1507,37.08,37.013817024784146,70,2,1,Normal,OFF,70,,,70,12,step,2,Normal,,,,
1788584858401,2026-09-05 13:07:38,1509,37.04,37.013817024784146,70,2,1,Normal,OFF,70,,,70,12,step,2,Normal,,,,
1788584859401,2026-09-05 13:07:39,1507,37.08,37.013817024784146,70,2,1,Normal,OFF,70,,,70,12,step,2,Normal,,,,
1788584860403,2026-09-05 13:07:40,1510,37.01,37.013817024784146,70,2,1,Normal,OFF,70,,,70,12,step,2,Normal,,,,
1788584861403,2026-09-05 13:07:41,1509,37.04,37.013817024784146,70,2,1,Normal,OFF,70,,,70,12,step,2,Normal,,,,
1788584862405,2026-09-05 13:07:42,1507,37.08,37.013817024784146,70,2,1,Normal,OFF,70,,,70,12,step,2,Normal,,,,
1788584863406,2026-09-05 13:07:43,1508,37.06,37.013817024784146,70,2,1,Normal,OFF,70,,,70,12,step,2,Normal,,,,
1788584864407,2026-09-05 13:07:44,1509,37.04,37.013817024784146,70,2,1,Normal,OFF,70,,,70,12,step,2,Normal,,,,
1788584865407,2026-09-05 13:07:45,1506,37.11,37.013817024784146,70,2,1,Normal,OFF,70,,,70,12,step,2,Normal,,,,
1788584866409,2026-09-05 13:07:46,1508,37.06,37.107239253710816,70,2,1,Normal,OFF,70,,,70,12,step,2,Normal,,,,
1788584867410,2026-09-05 13:07:47,1508,37.06,37.107239253710816,70,2,1,Normal,OFF,70,,,70,12,step,2,Normal,,,,
1788584868411,2026-09-05 13:07:48,1507,37.08,37.107239253710816,70,2,1,Normal,OFF,70,,,70,12,step,2,Normal,,,,
1788584869411,2026-09-05 13:07:49,1509,37.04,37.107239253710816,70,2,1,Normal,OFF,70,,,70,12,step,2,Normal,,,,
1788584870412,2026-09-05 13:07:50,1507,37.08,37.107239253710816,70,2,1,Normal,OFF,70,,,70,12,step,2,Normal,,,,
1788584871413,2026-09-05 13:07:51,1508,37.06,37.107239253710816,70,2,1,Normal,OFF,70,,,70,12,step,2,Normal,,,,
1788584872414,2026-09-05 13:07:52,1509,37.04,37.107239253710816,70,2,1,Normal,OFF,70,,,70,12,step,2,Normal,,,,
1788584873415,2026-09-05 13:07:53,1507,37.08,37.107239253710816,70,2,1,Normal,OFF,70,,,70,12,step,2,Normal,,,,
1788584874415,2026-09-05 13:07:54,1509,37.04,37.107239253710816,70,2,1,Normal,OFF,70,,,70,12,step,2,Normal,,,,
1788584875417,2026-09-05 13:07:55,1508,37.06,37.107239253710816,70,2,1,Normal,OFF,70,,,70,12,step,2,Normal,,,,
1788584876418,2026-09-05 13:07:56,1506,37.11,37.107239253710816,70,2,1,Normal,OFF,70,,,70,12,step,2,Normal,,,,
1788584877419,2026-09-05 13:07:57,1509,37.04,37.107239253710816,70,2,1,Normal,OFF,70,,,70,12,step,2,Normal,,,,
1788584878423,2026-09-05 13:07:58,1509,37.04,37.107239253710816,70,2,1,Normal,OFF,70,,,70,12,step,2,Normal,,,,
1788584879423,2026-09-05 13:07:59,1505,37.13,37.107239253710816,70,2,1,Normal,OFF,70,,,70,12,step,2,Normal,,,,
1788584880425,2026-09-05 13:08:00,1508,37.06,37.107239253710816,70,2,1,Normal,OFF,70,,,70,12,step,2,Normal,,,,
1788584881426,2026-09-05 13:08:01,1507,37.08,37.060508174735844,70,2,1,Normal,OFF,70,,,70,12,step,2,Normal,,,,
1788584882427,2026-09-05 13:08:02,1508,37.06,37.060508174735844,70,2,1,Normal,OFF,70,,,70,12,step,2,Normal,,,,
1788584883428,2026-09-05 13:08:03,1505,37.13,37.060508174735844,70,2,1,Normal,OFF,70,,,70,12,step,2,Normal,,,,
1788584884429,2026-09-05 13:08:04,1507,37.08,37.060508174735844,70,2,1,Normal,OFF,70,,,70,12,step,2,Normal,,,,
1788584885429,2026-09-05 13:08:05,1508,37.06,37.060508174735844,70,2,1,Normal,OFF,70,,,70,12,step,2,Normal,,,,
1788584886431,2026-09-05 13:08:06,1506,37.11,37.060508174735844,70,2,1,Normal,OFF,70,,,70,12,step,2,Normal,,,,
1788584887432,2026-09-05 13:08:07,1509,37.04,37.060508174735844,70,2,1,Normal,OFF,70,,,70,12,step,2,Normal,,,,
1788584888434,2026-09-05 13:08:08,1507,37.08,37.060508174735844,70,2,1,Normal,OFF,70,,,70,12,step,2,Normal,,,,
1788584889435,2026-09-05 13:08:09,1500,37.25,37.060508174735844,70,2,1,Normal,OFF,70,,,70,12,step,2,Normal,,,,
1788584890436,2026-09-05 13:08:10,1505,37.13,37.060508174735844,70,2,1,Normal,OFF,70,,,70,12,step,2,Normal,,,,
1788584891437,2026-09-05 13:08:11,1505,37.13,37.060508174735844,70,2,1,Normal,OFF,70,,,70,12,step,2,Normal,,,,
1788584892438,2026-09-05 13:08:12,1508,37.06,37.060508174735844,70,2,1,Normal,OFF,70,,,70,12,step,2,Normal,,,,
1788584893438,2026-09-05 13:08:13,1508,37.06,37.060508174735844,70,2,1,Normal,OFF,70,,,70,12,step,2,Normal,,,,
1788584894440,2026-09-05 13:08:14,1504,37.15,37.060508174735844,70,2,1,Normal,OFF,70,,,70,12,step,2,Normal,,,,
1788584895442,2026-09-05 13:08:15,1505,37.13,37.060508174735844,70,2,1,Normal,OFF,70,,,70,12,step,2,Normal,,,,
1788584896443,2026-09-05 13:08:16,1509,37.04,37.13061981481337,70,2,1,Normal,OFF,70,,,70,12,step,2,Normal,,,,
1788584897444,2026-09-05 13:08:17,1506,37.11,37.13061981481337,70,2,1,Normal,OFF,70,,,70,12,step,2,Normal,,,,
1788584898446,2026-09-05 13:08:18,1508,37.06,37.13061981481337,70,2,1,Normal,OFF,70,,,70,12,step,2,Normal,,,,
1788584899446,2026-09-05 13:08:19,1499,37.27,37.13061981481337,70,2,1,Normal,OFF,70,,,70,12,step,2,Normal,,,,
1788584900447,2026-09-05 13:08:20,1509,37.04,37.13061981481337,70,2,1,Normal,OFF,70,,,70,12,step,2,Normal,,,,
1788584901449,2026-09-05 13:08:21,1508,37.06,37.13061981481337,70,2,1,Normal,OFF,70,,,70,12,step,2,Normal,,,,
1788584902450,2026-09-05 13:08:22,1503,37.18,37.13061981481337,70,2,1,Normal,OFF,70,,,70,12,step,2,Normal,,,,
1788584903451,2026-09-05 13:08:23,1509,37.04,37.13061981481337,70,2,1,Normal,OFF,70,,,70,12,step,2,Normal,,,,
1788584904453,2026-09-05 13:08:24,1508,37.06,37.13061981481337,70,2,1,Normal,OFF,70,,,70,12,step,2,Normal,,,,
1788584905454,2026-09-05 13:08:25,1506,37.11,37.13061981481337,70,2,1,Normal,OFF,70,,,70,12,step,2,Normal,,,,
1788584906455,2026-09-05 13:08:26,1506,37.11,37.13061981481337,70,2,1,Normal,OFF,70,,,70,12,step,2,Normal,,,,
1788584907457,2026-09-05 13:08:27,1506,37.11,37.13061981481337,70,2,1,Normal,OFF,70,,,70,12,step,2,Normal,,,,
1788584908457,2026-09-05 13:08:28,1506,37.11,37.13061981481337,70,2,1,Normal,OFF,70,,,70,12,step,2,Normal,,,,
1788584909459,2026-09-05 13:08:29,1505,37.13,37.13061981481337,70,2,1,Normal,OFF,70,,,70,12,step,2,Normal,,,,
1788584910459,2026-09-05 13:08:30,1508,37.06,37.13061981481337,70,2,1,Normal,OFF,70,,,70,12,step,2,Normal,,,,
1788584911460,2026-09-05 13:08:31,1506,37.11,37.060508174735844,70,2,1,Normal,OFF,70,,,70,12,step,2,Normal,,,,
1788584912461,2026-09-05 13:08:32,1508,37.06,37.060508174735844,70,2,1,Normal,OFF,70,,,70,12,step,2,Normal,,,,
1788584913462,2026-09-05 13:08:33,1509,37.04,37.060508174735844,70,2,1,Normal,OFF,70,,,70,12,step,2,Normal,,,,
1788584914463,2026-09-05 13:08:34,1508,37.06,37.060508174735844,70,2,1,Normal,OFF,70,,,70,12,step,2,Normal,,,,
1788584915463,2026-09-05 13:08:35,1507,37.08,37.060508174735844,70,2,1,Normal,OFF,70,,,70,12,step,2,Normal,,,,
1788584916465,2026-09-05 13:08:36,1508,37.06,37.060508174735844,70,2,1,Normal,OFF,70,,,70,12,step,2,Normal,,,,
1788584917466,2026-09-05 13:08:37,1508,37.06,37.060508174735844,70,2,1,Normal,OFF,70,,,70,12,step,2,Normal,,,,
1788584918467,2026-09-05 13:08:38,1510,37.01,37.060508174735844,70,2,1,Normal,OFF,70,,,70,12,step,2,Normal,,,,
1788584919467,2026-09-05 13:08:39,1505,37.13,37.060508174735844,70,2,1,Normal,OFF,70,,,70,12,step,2,Normal,,,,
1788584920469,2026-09-05 13:08:40,1506,37.11,37.060508174735844,70,2,1,Normal,OFF,70,,,70,12,step,2,Normal,,,,
1788584921469,2026-09-05 13:08:41,1507,37.08,37.060508174735844,70,2,1,Normal,OFF,70,,,70,12,step,2,Normal,,,,
1788584922471,2026-09-05 13:08:42,1506,37.11,37.060508174735844,70,2,1,Normal,OFF,70,,,70,12,step,2,Normal,,,,
1788584923471,2026-09-05 13:08:43,1507,37.08,37.060508174735844,70,2,1,Normal,OFF,70,,,70,12,step,2,Normal,,,,
1788584924473,2026-09-05 13:08:44,1507,37.08,37.060508174735844,70,2,1,Normal,OFF,70,,,70,12,step,2,Normal,,,,
1788584925473,2026-09-05 13:08:45,1507,37.08,37.060508174735844,70,2,1,Normal,OFF,70,,,70,12,step,2,Normal,,,,
1788584926474,2026-09-05 13:08:46,1506,37.11,37.08386871345783,70,2,1,Normal,OFF,70,,,70,12,step,2,Normal,,,,
1788584927475,2026-09-05 13:08:47,1506,37.11,37.08386871345783,70,2,1,Normal,OFF,70,,,70,12,step,2,Normal,,,,
1788584928477,2026-09-05 13:08:48,1506,37.11,37.08386871345783,70,2,1,Normal,OFF,70,,,70,12,step,2,Normal,,,,
1788584929477,2026-09-05 13:08:49,1508,37.06,37.08386871345783,70,2,1,Normal,OFF,70,,,70,12,step,2,Normal,,,,
1788584930477,2026-09-05 13:08:50,1505,37.13,37.08386871345783,70,2,1,Normal,OFF,70,,,70,12,step,2,Normal,,,,
1788584931477,2026-09-05 13:08:51,1507,37.08,37.08386871345783,70,2,1,Normal,OFF,70,,,70,12,step,2,Normal,,,,
1788584932478,2026-09-05 13:08:52,1505,37.13,37.08386871345783,70,2,1,Normal,OFF,70,,,70,12,step,2,Normal,,,,
1788584933479,2026-09-05 13:08:53,1511,36.99,37.08386871345783,70,2,1,Normal,OFF,70,,,70,12,step,2,Normal,,,,
1788584934480,2026-09-05 13:08:54,1506,37.11,37.08386871345783,70,2,1,Normal,OFF,70,,,70,12,step,2,Normal,,,,
1788584935480,2026-09-05 13:08:55,1509,37.04,37.08386871345783,70,2,1,Normal,OFF,70,,,70,12,step,2,Normal,,,,
1788584936481,2026-09-05 13:08:56,1507,37.08,37.08386871345783,70,2,1,Normal,OFF,70,,,70,12,step,2,Normal,,,,
1788584937481,2026-09-05 13:08:57,1508,37.06,37.08386871345783,70,2,1,Normal,OFF,70,,,70,12,step,2,Normal,,,,
1788584938481,2026-09-05 13:08:58,1508,37.06,37.08386871345783,70,2,1,Normal,OFF,70,,,70,12,step,2,Normal,,,,
1788584939481,2026-09-05 13:08:59,1509,37.04,37.08386871345783,70,2,1,Normal,OFF,70,,,70,12,step,2,Normal,,,,
1788584940483,2026-09-05 13:09:00,1506,37.11,37.08386871345783,70,2,1,Normal,OFF,70,,,70,12,step,2,Normal,,,,
1788584941485,2026-09-05 13:09:01,1507,37.08,37.107239253710816,70,2,1,Normal,OFF,70,,,70,12,step,2,Normal,,,,
1788584942485,2026-09-05 13:09:02,1507,37.08,37.107239253710816,70,2,1,Normal,OFF,70,,,70,12,step,2,Normal,,,,
1788584943486,2026-09-05 13:09:03,1507,37.08,37.107239253710816,70,2,1,Normal,OFF,70,,,70,12,step,2,Normal,,,,
1788584944487,2026-09-05 13:09:04,1509,37.04,37.107239253710816,70,2,1,Normal,OFF,70,,,70,12,step,2,Normal,,,,
1788584945488,2026-09-05 13:09:05,1506,37.11,37.107239253710816,70,2,1,Normal,OFF,70,,,70,12,step,2,Normal,,,,
1788584946490,2026-09-05 13:09:06,1507,37.08,37.107239253710816,70,2,1,Normal,OFF,70,,,70,12,step,2,Normal,,,,
1788584947491,2026-09-05 13:09:07,1506,37.11,37.107239253710816,70,2,1,Normal,OFF,70,,,70,12,step,2,Normal,,,,
1788584948491,2026-09-05 13:09:08,1507,37.08,37.107239253710816,70,2,1,Normal,OFF,70,,,70,12,step,2,Normal,,,,
1788584949493,2026-09-05 13:09:09,1508,37.06,37.107239253710816,70,2,1,Normal,OFF,70,,,70,12,step,2,Normal,,,,
1788584950493,2026-09-05 13:09:10,1509,37.04,37.107239253710816,70,2,1,Normal,OFF,70,,,70,12,step,2,Normal,,,,
1788584951494,2026-09-05 13:09:11,1509,37.04,37.107239253710816,70,2,1,Normal,OFF,70,,,70,12,step,2,Normal,,,,
1788584952495,2026-09-05 13:09:12,1507,37.08,37.107239253710816,70,2,1,Normal,OFF,70,,,70,12,step,2,Normal,,,,
1788584953497,2026-09-05 13:09:13,1506,37.11,37.107239253710816,70,2,1,Normal,OFF,70,,,70,12,step,2,Normal,,,,
1788584954497,2026-09-05 13:09:14,1506,37.11,37.107239253710816,70,2,1,Normal,OFF,70,,,70,12,step,2,Normal,,,,
1788584955498,2026-09-05 13:09:15,1505,37.13,37.107239253710816,70,2,1,Normal,OFF,70,,,70,12,step,2,Normal,,,,
1788584956499,2026-09-05 13:09:16,1505,37.13,37.13061981481337,70,2,1,Normal,OFF,70,,,70,12,step,2,Normal,,,,
1788584957500,2026-09-05 13:09:17,1508,37.06,37.13061981481337,70,2,1,Normal,OFF,70,,,70,12,step,2,Normal,,,,
1788584958500,2026-09-05 13:09:18,1506,37.11,37.13061981481337,70,2,1,Normal,OFF,70,,,70,12,step,2,Normal,,,,
1788584959502,2026-09-05 13:09:19,1509,37.04,37.13061981481337,70,2,1,Normal,OFF,70,,,70,12,step,2,Normal,,,,
1788584960503,2026-09-05 13:09:20,1507,37.08,37.13061981481337,70,2,1,Normal,OFF,70,,,70,12,step,2,Normal,,,,
1788584961504,2026-09-05 13:09:21,1509,37.04,37.13061981481337,70,2,1,Normal,OFF,70,,,70,12,step,2,Normal,,,,
1788584962505,2026-09-05 13:09:22,1507,37.08,37.13061981481337,70,2,1,Normal,OFF,70,,,70,12,step,2,Normal,,,,
1788584963505,2026-09-05 13:09:23,1508,37.06,37.13061981481337,70,2,1,Normal,OFF,70,,,70,12,step,2,Normal,,,,
1788584964507,2026-09-05 13:09:24,1508,37.06,37.13061981481337,70,2,1,Normal,OFF,70,,,70,12,step,2,Normal,,,,
1788584965508,2026-09-05 13:09:25,1506,37.11,37.13061981481337,70,2,1,Normal,OFF,70,,,70,12,step,2,Normal,,,,
1788584966509,2026-09-05 13:09:26,1506,37.11,37.13061981481337,70,2,1,Normal,OFF,70,,,70,12,step,2,Normal,,,,
1788584967510,2026-09-05 13:09:27,1508,37.06,37.13061981481337,70,2,1,Normal,OFF,70,,,70,12,step,2,Normal,,,,
1788584968511,2026-09-05 13:09:28,1508,37.06,37.13061981481337,70,2,1,Normal,OFF,70,,,70,12,step,2,Normal,,,,
1788584969512,2026-09-05 13:09:29,1507,37.08,37.13061981481337,70,2,1,Normal,OFF,70,,,70,12,step,2,Normal,,,,
1788584970514,2026-09-05 13:09:30,1508,37.06,37.13061981481337,70,2,1,Normal,OFF,70,,,70,12,step,2,Normal,,,,
1788584971515,2026-09-05 13:09:31,1507,37.08,37.060508174735844,70,2,1,Normal,OFF,70,,,70,12,step,2,Normal,,,,
1788584972515,2026-09-05 13:09:32,1507,37.08,37.060508174735844,70,2,1,Normal,OFF,70,,,70,12,step,2,Normal,,,,
1788584973516,2026-09-05 13:09:33,1508,37.06,37.060508174735844,70,2,1,Normal,OFF,70,,,70,12,step,2,Normal,,,,
1788584974516,2026-09-05 13:09:34,1506,37.11,37.060508174735844,70,2,1,Normal,OFF,70,,,70,12,step,2,Normal,,,,
1788584975516,2026-09-05 13:09:35,1507,37.08,37.060508174735844,70,2,1,Normal,OFF,70,,,70,12,step,2,Normal,,,,
1788584976517,2026-09-05 13:09:36,1509,37.04,37.060508174735844,70,2,1,Normal,OFF,70,,,70,12,step,2,Normal,,,,
1788584977517,2026-09-05 13:09:37,1508,37.06,37.060508174735844,70,2,1,Normal,OFF,70,,,70,12,step,2,Normal,,,,
1788584978518,2026-09-05 13:09:38,1507,37.08,37.060508174735844,70,2,1,Normal,OFF,70,,,70,12,step,2,Normal,,,,
1788584979518,2026-09-05 13:09:39,1508,37.06,37.060508174735844,70,2,1,Normal,OFF,70,,,70,12,step,2,Normal,,,,
1788584980519,2026-09-05 13:09:40,1507,37.08,37.060508174735844,70,2,1,Normal,OFF,70,,,70,12,step,2,Normal,,,,
1788584981520,2026-09-05 13:09:41,1510,37.01,37.060508174735844,70,2,1,Normal,OFF,70,,,70,12,step,2,Normal,,,,
1788584982521,2026-09-05 13:09:42,1507,37.08,37.060508174735844,70,2,1,Normal,OFF,70,,,70,12,step,2,Normal,,,,
1788584983521,2026-09-05 13:09:43,1509,37.04,37.060508174735844,70,2,1,Normal,OFF,70,,,70,12,step,2,Normal,,,,
1788584984522,2026-09-05 13:09:44,1509,37.04,37.060508174735844,70,2,1,Normal,OFF,70,,,70,12,step,2,Normal,,,,
1788584985522,2026-09-05 13:09:45,1509,37.04,37.060508174735844,70,2,1,Normal,OFF,70,,,70,12,step,2,Normal,,,,
1788584986523,2026-09-05 13:09:46,1509,37.04,37.060508174735844,70,2,1,Normal,OFF,70,,,70,12,step,2,Normal,,,,
1788584987523,2026-09-05 13:09:47,1507,37.08,37.060508174735844,70,2,1,Normal,OFF,70,,,70,12,step,2,Normal,,,,
1788584988525,2026-09-05 13:09:48,1507,37.08,37.060508174735844,70,2,1,Normal,OFF,70,,,70,12,step,2,Normal,,,,
1788584989525,2026-09-05 13:09:49,1508,37.06,37.060508174735844,70,2,1,Normal,OFF,70,,,70,12,step,2,Normal,,,,
1788584990526,2026-09-05 13:09:50,1507,37.08,37.060508174735844,70,2,1,Normal,OFF,70,,,70,12,step,2,Normal,,,,
1788584991526,2026-09-05 13:09:51,1508,37.06,37.060508174735844,70,2,1,Normal,OFF,70,,,70,12,step,2,Normal,,,,
1788584992527,2026-09-05 13:09:52,1507,37.08,37.060508174735844,70,2,1,Normal,OFF,70,,,70,12,step,2,Normal,,,,
1788584993527,2026-09-05 13:09:53,1510,37.01,37.060508174735844,70,2,1,Normal,OFF,70,,,70,12,step,2,Normal,,,,
1788584994528,2026-09-05 13:09:54,1507,37.08,37.060508174735844,70,2,1,Normal,OFF,70,,,70,12,step,2,Normal,,,,
1788584995529,2026-09-05 13:09:55,1507,37.08,37.060508174735844,70,2,1,Normal,OFF,70,,,70,12,step,2,Normal,,,,
1788584996529,2026-09-05 13:09:56,1509,37.04,37.060508174735844,70,2,1,Normal,OFF,70,,,70,12,step,2,Normal,,,,
1788584997529,2026-09-05 13:09:57,1506,37.11,37.060508174735844,70,2,1,Normal,OFF,70,,,70,12,step,2,Normal,,,,
1788584998529,2026-09-05 13:09:58,1504,37.15,37.060508174735844,70,2,1,Normal,OFF,70,,,70,12,step,2,Normal,,,,
1788584999529,2026-09-05 13:09:59,1507,37.08,37.060508174735844,70,2,1,Normal,OFF,70,,,70,12,step,2,Normal,,,,
1788585000530,2026-09-05 13:10:00,1508,37.06,37.060508174735844,70,2,1,Normal,OFF,70,,,70,12,step,2,Normal,,,,
1788585001531,2026-09-05 13:10:01,1507,37.08,37.060508174735844,70,2,1,Normal,OFF,70,,,70,12,step,2,Normal,,,,
1788585002532,2026-09-05 13:10:02,1507,37.08,37.060508174735844,70,2,1,Normal,OFF,70,,,70,12,step,2,Normal,,,,
1788585003533,2026-09-05 13:10:03,1505,37.13,37.060508174735844,70,2,1,Normal,OFF,70,,,70,12,step,2,Normal,,,,
1788585004534,2026-09-05 13:10:04,1506,37.11,37.060508174735844,70,2,1,Normal,OFF,70,,,70,12,step,2,Normal,,,,
1788585005534,2026-09-05 13:10:05,1507,37.08,37.060508174735844,70,2,1,Normal,OFF,70,,,70,12,step,2,Normal,,,,
1788585006535,2026-09-05 13:10:06,1508,37.06,37.060508174735844,70,2,1,Normal,OFF,70,,,70,12,step,2,Normal,,,,
1788585007537,2026-09-05 13:10:07,1507,37.08,37.060508174735844,70,2,1,Normal,OFF,70,,,70,12,step,2,Normal,,,,
1788585008538,2026-09-05 13:10:08,1504,37.15,37.060508174735844,70,2,1,Normal,OFF,70,,,70,12,step,2,Normal,,,,
1788585009539,2026-09-05 13:10:09,1507,37.08,37.060508174735844,70,2,1,Normal,OFF,70,,,70,12,step,2,Normal,,,,
1788585010539,2026-09-05 13:10:10,1508,37.06,37.060508174735844,70,2,1,Normal,OFF,65,65,DLPC temp UNAVAILABLE,65,13,step,2,Normal,step_end:settled;step_start duty=65 mode=Normal;dlpc_unavailable,,,unavailable
1788585011540,2026-09-05 13:10:11,1506,37.11,37.060508174735844,65,2,1,Normal,OFF,65,,,65,13,step,2,Normal,,,,
1788585012542,2026-09-05 13:10:12,1507,37.08,37.060508174735844,65,2,1,Normal,OFF,65,,,65,13,step,2,Normal,,,,
1788585013543,2026-09-05 13:10:13,1506,37.11,37.060508174735844,65,2,1,Normal,OFF,65,,,65,13,step,2,Normal,,,,
1788585014544,2026-09-05 13:10:14,1506,37.11,37.060508174735844,65,2,1,Normal,OFF,65,,,65,13,step,2,Normal,,,,
1788585015546,2026-09-05 13:10:15,1510,37.01,37.060508174735844,65,2,1,Normal,OFF,65,,,65,13,step,2,Normal,,,,
1788585016547,2026-09-05 13:10:16,1509,37.04,37.013817024784146,65,2,1,Normal,OFF,65,,,65,13,step,2,Normal,,,,
1788585017549,2026-09-05 13:10:17,1507,37.08,37.013817024784146,65,2,1,Normal,OFF,65,,,65,13,step,2,Normal,,,,
1788585018549,2026-09-05 13:10:18,1507,37.08,37.013817024784146,65,2,1,Normal,OFF,65,,,65,13,step,2,Normal,,,,
1788585019551,2026-09-05 13:10:19,1507,37.08,37.013817024784146,65,2,1,Normal,OFF,65,,,65,13,step,2,Normal,,,,
1788585020552,2026-09-05 13:10:20,1505,37.13,37.013817024784146,65,2,1,Normal,OFF,65,,,65,13,step,2,Normal,,,,
1788585021554,2026-09-05 13:10:21,1508,37.06,37.013817024784146,65,2,1,Normal,OFF,65,,,65,13,step,2,Normal,,,,
1788585022555,2026-09-05 13:10:22,1508,37.06,37.013817024784146,65,2,1,Normal,OFF,65,,,65,13,step,2,Normal,,,,
1788585023557,2026-09-05 13:10:23,1504,37.15,37.013817024784146,65,2,1,Normal,OFF,65,,,65,13,step,2,Normal,,,,
1788585024558,2026-09-05 13:10:24,1505,37.13,37.013817024784146,65,2,1,Normal,OFF,65,,,65,13,step,2,Normal,,,,
1788585025560,2026-09-05 13:10:25,1503,37.18,37.013817024784146,65,2,1,Normal,OFF,65,,,65,13,step,2,Normal,,,,
1788585026562,2026-09-05 13:10:26,1507,37.08,37.013817024784146,65,2,1,Normal,OFF,65,,,65,13,step,2,Normal,,,,
1788585027563,2026-09-05 13:10:27,1505,37.13,37.013817024784146,65,2,1,Normal,OFF,65,,,65,13,step,2,Normal,,,,
1788585028564,2026-09-05 13:10:28,1507,37.08,37.013817024784146,65,2,1,Normal,OFF,65,,,65,13,step,2,Normal,,,,
1788585029566,2026-09-05 13:10:29,1507,37.08,37.013817024784146,65,2,1,Normal,OFF,65,,,65,13,step,2,Normal,,,,
1788585030567,2026-09-05 13:10:30,1505,37.13,37.013817024784146,65,2,1,Normal,OFF,65,,,65,13,step,2,Normal,,,,
1788585031568,2026-09-05 13:10:31,1501,37.22,37.13061981481337,65,2,1,Normal,OFF,65,,,65,13,step,2,Normal,,,,
1788585032570,2026-09-05 13:10:32,1505,37.13,37.13061981481337,65,2,1,Normal,OFF,65,,,65,13,step,2,Normal,,,,
1788585033570,2026-09-05 13:10:33,1503,37.18,37.13061981481337,65,2,1,Normal,OFF,65,,,65,13,step,2,Normal,,,,
1788585034572,2026-09-05 13:10:34,1505,37.13,37.13061981481337,65,2,1,Normal,OFF,65,,,65,13,step,2,Normal,,,,
1788585035574,2026-09-05 13:10:35,1505,37.13,37.13061981481337,65,2,1,Normal,OFF,65,,,65,13,step,2,Normal,,,,
1788585036575,2026-09-05 13:10:36,1503,37.18,37.13061981481337,65,2,1,Normal,OFF,65,,,65,13,step,2,Normal,,,,
1788585037576,2026-09-05 13:10:37,1502,37.20,37.13061981481337,65,2,1,Normal,OFF,65,,,65,13,step,2,Normal,,,,
1788585038576,2026-09-05 13:10:38,1502,37.20,37.13061981481337,65,2,1,Normal,OFF,65,,,65,13,step,2,Normal,,,,
1788585039578,2026-09-05 13:10:39,1502,37.20,37.13061981481337,65,2,1,Normal,OFF,65,,,65,13,step,2,Normal,,,,
1788585040579,2026-09-05 13:10:40,1501,37.22,37.13061981481337,65,2,1,Normal,OFF,65,,,65,13,step,2,Normal,,,,
1788585041580,2026-09-05 13:10:41,1502,37.20,37.13061981481337,65,2,1,Normal,OFF,65,,,65,13,step,2,Normal,,,,
1788585042581,2026-09-05 13:10:42,1502,37.20,37.13061981481337,65,2,1,Normal,OFF,65,,,65,13,step,2,Normal,,,,
1788585043583,2026-09-05 13:10:43,1505,37.13,37.13061981481337,65,2,1,Normal,OFF,65,,,65,13,step,2,Normal,,,,
1788585044584,2026-09-05 13:10:44,1501,37.22,37.13061981481337,65,2,1,Normal,OFF,65,,,65,13,step,2,Normal,,,,
1788585045586,2026-09-05 13:10:45,1502,37.20,37.13061981481337,65,2,1,Normal,OFF,65,,,65,13,step,2,Normal,,,,
1788585046587,2026-09-05 13:10:46,1505,37.13,37.20082181692629,65,2,1,Normal,OFF,65,,,65,13,step,2,Normal,,,,
1788585047589,2026-09-05 13:10:47,1502,37.20,37.20082181692629,65,2,1,Normal,OFF,65,,,65,13,step,2,Normal,,,,
1788585048590,2026-09-05 13:10:48,1501,37.22,37.20082181692629,65,2,1,Normal,OFF,65,,,65,13,step,2,Normal,,,,
1788585049591,2026-09-05 13:10:49,1502,37.20,37.20082181692629,65,2,1,Normal,OFF,65,,,65,13,step,2,Normal,,,,
1788585050592,2026-09-05 13:10:50,1504,37.15,37.20082181692629,65,2,1,Normal,OFF,65,,,65,13,step,2,Normal,,,,
1788585051594,2026-09-05 13:10:51,1499,37.27,37.20082181692629,65,2,1,Normal,OFF,65,,,65,13,step,2,Normal,,,,
1788585052594,2026-09-05 13:10:52,1501,37.22,37.20082181692629,65,2,1,Normal,OFF,65,,,65,13,step,2,Normal,,,,
1788585053596,2026-09-05 13:10:53,1501,37.22,37.20082181692629,65,2,1,Normal,OFF,65,,,65,13,step,2,Normal,,,,
1788585054596,2026-09-05 13:10:54,1500,37.25,37.20082181692629,65,2,1,Normal,OFF,65,,,65,13,step,2,Normal,,,,
1788585055598,2026-09-05 13:10:55,1502,37.20,37.20082181692629,65,2,1,Normal,OFF,65,,,65,13,step,2,Normal,,,,
1788585056599,2026-09-05 13:10:56,1501,37.22,37.20082181692629,65,2,1,Normal,OFF,65,,,65,13,step,2,Normal,,,,
1788585057600,2026-09-05 13:10:57,1502,37.20,37.20082181692629,65,2,1,Normal,OFF,65,,,65,13,step,2,Normal,,,,
1788585058602,2026-09-05 13:10:58,1501,37.22,37.20082181692629,65,2,1,Normal,OFF,65,,,65,13,step,2,Normal,,,,
1788585059604,2026-09-05 13:10:59,1501,37.22,37.20082181692629,65,2,1,Normal,OFF,65,,,65,13,step,2,Normal,,,,
1788585060605,2026-09-05 13:11:00,1501,37.22,37.20082181692629,65,2,1,Normal,OFF,65,,,65,13,step,2,Normal,,,,
1788585061606,2026-09-05 13:11:01,1500,37.25,37.224242655309865,65,2,1,Normal,OFF,65,,,65,13,step,2,Normal,,,,
1788585062607,2026-09-05 13:11:02,1502,37.20,37.224242655309865,65,2,1,Normal,OFF,65,,,65,13,step,2,Normal,,,,
1788585063607,2026-09-05 13:11:03,1500,37.25,37.224242655309865,65,2,1,Normal,OFF,65,,,65,13,step,2,Normal,,,,
1788585064609,2026-09-05 13:11:04,1500,37.25,37.224242655309865,65,2,1,Normal,OFF,65,,,65,13,step,2,Normal,,,,
1788585065609,2026-09-05 13:11:05,1499,37.27,37.224242655309865,65,2,1,Normal,OFF,65,,,65,13,step,2,Normal,,,,
1788585066611,2026-09-05 13:11:06,1501,37.22,37.224242655309865,65,2,1,Normal,OFF,65,,,65,13,step,2,Normal,,,,
1788585067612,2026-09-05 13:11:07,1500,37.25,37.224242655309865,65,2,1,Normal,OFF,65,,,65,13,step,2,Normal,,,,
1788585068614,2026-09-05 13:11:08,1500,37.25,37.224242655309865,65,2,1,Normal,OFF,65,,,65,13,step,2,Normal,,,,
1788585069615,2026-09-05 13:11:09,1502,37.20,37.224242655309865,65,2,1,Normal,OFF,65,,,65,13,step,2,Normal,,,,
1788585070616,2026-09-05 13:11:10,1505,37.13,37.224242655309865,65,2,1,Normal,OFF,65,,,65,13,step,2,Normal,,,,
1788585071617,2026-09-05 13:11:11,1500,37.25,37.224242655309865,65,2,1,Normal,OFF,65,,,65,13,step,2,Normal,,,,
1788585072619,2026-09-05 13:11:12,1499,37.27,37.224242655309865,65,2,1,Normal,OFF,65,,,65,13,step,2,Normal,,,,
1788585073620,2026-09-05 13:11:13,1501,37.22,37.224242655309865,65,2,1,Normal,OFF,65,,,65,13,step,2,Normal,,,,
1788585074622,2026-09-05 13:11:14,1500,37.25,37.224242655309865,65,2,1,Normal,OFF,65,,,65,13,step,2,Normal,,,,
1788585075624,2026-09-05 13:11:15,1500,37.25,37.24767361165965,65,2,1,Normal,OFF,65,,,65,13,step,2,Normal,,,,
1788585076625,2026-09-05 13:11:16,1501,37.22,37.24767361165965,65,2,1,Normal,OFF,65,,,65,13,step,2,Normal,,,,
1788585077627,2026-09-05 13:11:17,1500,37.25,37.24767361165965,65,2,1,Normal,OFF,65,,,65,13,step,2,Normal,,,,
1788585078627,2026-09-05 13:11:18,1501,37.22,37.24767361165965,65,2,1,Normal,OFF,65,,,65,13,step,2,Normal,,,,
1788585079629,2026-09-05 13:11:19,1500,37.25,37.24767361165965,65,2,1,Normal,OFF,65,,,65,13,step,2,Normal,,,,
1788585080629,2026-09-05 13:11:20,1500,37.25,37.24767361165965,65,2,1,Normal,OFF,65,,,65,13,step,2,Normal,,,,
1788585081631,2026-09-05 13:11:21,1499,37.27,37.24767361165965,65,2,1,Normal,OFF,65,,,65,13,step,2,Normal,,,,
1788585082631,2026-09-05 13:11:22,1502,37.20,37.24767361165965,65,2,1,Normal,OFF,65,,,65,13,step,2,Normal,,,,
1788585083633,2026-09-05 13:11:23,1501,37.22,37.24767361165965,65,2,1,Normal,OFF,65,,,65,13,step,2,Normal,,,,
1788585084633,2026-09-05 13:11:24,1498,37.29,37.24767361165965,65,2,1,Normal,OFF,65,,,65,13,step,2,Normal,,,,
1788585085635,2026-09-05 13:11:25,1501,37.22,37.24767361165965,65,2,1,Normal,OFF,65,,,65,13,step,2,Normal,,,,
1788585086636,2026-09-05 13:11:26,1498,37.29,37.24767361165965,65,2,1,Normal,OFF,65,,,65,13,step,2,Normal,,,,
1788585087639,2026-09-05 13:11:27,1501,37.22,37.24767361165965,65,2,1,Normal,OFF,65,,,65,13,step,2,Normal,,,,
1788585088639,2026-09-05 13:11:28,1502,37.20,37.24767361165965,65,2,1,Normal,OFF,65,,,65,13,step,2,Normal,,,,
1788585089643,2026-09-05 13:11:29,1500,37.25,37.24767361165965,65,2,1,Normal,OFF,65,,,65,13,step,2,Normal,,,,
1788585090645,2026-09-05 13:11:30,1498,37.29,37.294565956408746,65,2,1,Normal,OFF,65,,,65,13,step,2,Normal,,,,
1788585091646,2026-09-05 13:11:31,1502,37.20,37.294565956408746,65,2,1,Normal,OFF,65,,,65,13,step,2,Normal,,,,
1788585092646,2026-09-05 13:11:32,1501,37.22,37.294565956408746,65,2,1,Normal,OFF,65,,,65,13,step,2,Normal,,,,
1788585093647,2026-09-05 13:11:33,1500,37.25,37.294565956408746,65,2,1,Normal,OFF,65,,,65,13,step,2,Normal,,,,
1788585094649,2026-09-05 13:11:34,1497,37.32,37.294565956408746,65,2,1,Normal,OFF,65,,,65,13,step,2,Normal,,,,
1788585095649,2026-09-05 13:11:35,1499,37.27,37.294565956408746,65,2,1,Normal,OFF,65,,,65,13,step,2,Normal,,,,
1788585096651,2026-09-05 13:11:36,1499,37.27,37.294565956408746,65,2,1,Normal,OFF,65,,,65,13,step,2,Normal,,,,
1788585097653,2026-09-05 13:11:37,1499,37.27,37.294565956408746,65,2,1,Normal,OFF,65,,,65,13,step,2,Normal,,,,
1788585098655,2026-09-05 13:11:38,1499,37.27,37.294565956408746,65,2,1,Normal,OFF,65,,,65,13,step,2,Normal,,,,
1788585099656,2026-09-05 13:11:39,1499,37.27,37.294565956408746,65,2,1,Normal,OFF,65,,,65,13,step,2,Normal,,,,
1788585100657,2026-09-05 13:11:40,1499,37.27,37.294565956408746,65,2,1,Normal,OFF,65,,,65,13,step,2,Normal,,,,
1788585101659,2026-09-05 13:11:41,1498,37.29,37.294565956408746,65,2,1,Normal,OFF,65,,,65,13,step,2,Normal,,,,
1788585102661,2026-09-05 13:11:42,1499,37.27,37.294565956408746,65,2,1,Normal,OFF,65,,,65,13,step,2,Normal,,,,
1788585103662,2026-09-05 13:11:43,1498,37.29,37.294565956408746,65,2,1,Normal,OFF,65,,,65,13,step,2,Normal,,,,
1788585104662,2026-09-05 13:11:44,1491,37.46,37.294565956408746,65,2,1,Normal,OFF,65,,,65,13,step,2,Normal,,,,
1788585105664,2026-09-05 13:11:45,1500,37.25,37.294565956408746,65,2,1,Normal,OFF,65,,,65,13,step,2,Normal,,,,
1788585106664,2026-09-05 13:11:46,1499,37.27,37.24767361165965,65,2,1,Normal,OFF,65,,,65,13,step,2,Normal,,,,
1788585107665,2026-09-05 13:11:47,1499,37.27,37.24767361165965,65,2,1,Normal,OFF,65,,,65,13,step,2,Normal,,,,
1788585108666,2026-09-05 13:11:48,1499,37.27,37.24767361165965,65,2,1,Normal,OFF,65,,,65,13,step,2,Normal,,,,
1788585109667,2026-09-05 13:11:49,1498,37.29,37.24767361165965,65,2,1,Normal,OFF,65,,,65,13,step,2,Normal,,,,
1788585110668,2026-09-05 13:11:50,1499,37.27,37.24767361165965,65,2,1,Normal,OFF,65,,,65,13,step,2,Normal,,,,
1788585111670,2026-09-05 13:11:51,1499,37.27,37.24767361165965,65,2,1,Normal,OFF,65,,,65,13,step,2,Normal,,,,
1788585112671,2026-09-05 13:11:52,1499,37.27,37.24767361165965,65,2,1,Normal,OFF,65,,,65,13,step,2,Normal,,,,
1788585113673,2026-09-05 13:11:53,1500,37.25,37.24767361165965,65,2,1,Normal,OFF,65,,,65,13,step,2,Normal,,,,
1788585114674,2026-09-05 13:11:54,1499,37.27,37.24767361165965,65,2,1,Normal,OFF,65,,,65,13,step,2,Normal,,,,
1788585115674,2026-09-05 13:11:55,1498,37.29,37.24767361165965,65,2,1,Normal,OFF,65,,,65,13,step,2,Normal,,,,
1788585116676,2026-09-05 13:11:56,1497,37.32,37.24767361165965,65,2,1,Normal,OFF,65,,,65,13,step,2,Normal,,,,
1788585117677,2026-09-05 13:11:57,1499,37.27,37.24767361165965,65,2,1,Normal,OFF,65,,,65,13,step,2,Normal,,,,
1788585118677,2026-09-05 13:11:58,1498,37.29,37.24767361165965,65,2,1,Normal,OFF,65,,,65,13,step,2,Normal,,,,
1788585119679,2026-09-05 13:11:59,1495,37.36,37.24767361165965,65,2,1,Normal,OFF,65,,,65,13,step,2,Normal,,,,
1788585120681,2026-09-05 13:12:00,1497,37.32,37.24767361165965,65,2,1,Normal,OFF,65,,,65,13,step,2,Normal,,,,
1788585121682,2026-09-05 13:12:01,1496,37.34,37.31802738397215,65,2,1,Normal,OFF,65,,,65,13,step,2,Normal,,,,
1788585122683,2026-09-05 13:12:02,1497,37.32,37.31802738397215,65,2,1,Normal,OFF,65,,,65,13,step,2,Normal,,,,
1788585123683,2026-09-05 13:12:03,1496,37.34,37.31802738397215,65,2,1,Normal,OFF,65,,,65,13,step,2,Normal,,,,
1788585124685,2026-09-05 13:12:04,1499,37.27,37.31802738397215,65,2,1,Normal,OFF,65,,,65,13,step,2,Normal,,,,
1788585125686,2026-09-05 13:12:05,1497,37.32,37.31802738397215,65,2,1,Normal,OFF,65,,,65,13,step,2,Normal,,,,
1788585126686,2026-09-05 13:12:06,1497,37.32,37.31802738397215,65,2,1,Normal,OFF,65,,,65,13,step,2,Normal,,,,
1788585127687,2026-09-05 13:12:07,1498,37.29,37.31802738397215,65,2,1,Normal,OFF,65,,,65,13,step,2,Normal,,,,
1788585128689,2026-09-05 13:12:08,1495,37.36,37.31802738397215,65,2,1,Normal,OFF,65,,,65,13,step,2,Normal,,,,
1788585129690,2026-09-05 13:12:09,1488,37.53,37.31802738397215,65,2,1,Normal,OFF,65,,,65,13,step,2,Normal,,,,
1788585130692,2026-09-05 13:12:10,1499,37.27,37.31802738397215,65,2,1,Normal,OFF,65,,,65,13,step,2,Normal,,,,
1788585131692,2026-09-05 13:12:11,1501,37.22,37.31802738397215,65,2,1,Normal,OFF,65,,,65,13,step,2,Normal,,,,
1788585132692,2026-09-05 13:12:12,1498,37.29,37.31802738397215,65,2,1,Normal,OFF,65,,,65,13,step,2,Normal,,,,
1788585133694,2026-09-05 13:12:13,1498,37.29,37.31802738397215,65,2,1,Normal,OFF,65,,,65,13,step,2,Normal,,,,
1788585134694,2026-09-05 13:12:14,1497,37.32,37.31802738397215,65,2,1,Normal,OFF,65,,,65,13,step,2,Normal,,,,
1788585135696,2026-09-05 13:12:15,1496,37.34,37.31802738397215,65,2,1,Normal,OFF,65,,,65,13,step,2,Normal,,,,
1788585136696,2026-09-05 13:12:16,1499,37.27,37.34149900783024,65,2,1,Normal,OFF,65,,,65,13,step,2,Normal,,,,
1788585137697,2026-09-05 13:12:17,1499,37.27,37.34149900783024,65,2,1,Normal,OFF,65,,,65,13,step,2,Normal,,,,
1788585138698,2026-09-05 13:12:18,1497,37.32,37.34149900783024,65,2,1,Normal,OFF,65,,,65,13,step,2,Normal,,,,
1788585139698,2026-09-05 13:12:19,1496,37.34,37.34149900783024,65,2,1,Normal,OFF,65,,,65,13,step,2,Normal,,,,
1788585140699,2026-09-05 13:12:20,1496,37.34,37.34149900783024,65,2,1,Normal,OFF,65,,,65,13,step,2,Normal,,,,
1788585141703,2026-09-05 13:12:21,1497,37.32,37.34149900783024,65,2,1,Normal,OFF,65,,,65,13,step,2,Normal,,,,
1788585142704,2026-09-05 13:12:22,1497,37.32,37.34149900783024,65,2,1,Normal,OFF,65,,,65,13,step,2,Normal,,,,
1788585143705,2026-09-05 13:12:23,1498,37.29,37.34149900783024,65,2,1,Normal,OFF,65,,,65,13,step,2,Normal,,,,
1788585144706,2026-09-05 13:12:24,1497,37.32,37.34149900783024,65,2,1,Normal,OFF,65,,,65,13,step,2,Normal,,,,
1788585145708,2026-09-05 13:12:25,1499,37.27,37.34149900783024,65,2,1,Normal,OFF,65,,,65,13,step,2,Normal,,,,
1788585146708,2026-09-05 13:12:26,1498,37.29,37.34149900783024,65,2,1,Normal,OFF,65,,,65,13,step,2,Normal,,,,
1788585147710,2026-09-05 13:12:27,1497,37.32,37.34149900783024,65,2,1,Normal,OFF,65,,,65,13,step,2,Normal,,,,
1788585148710,2026-09-05 13:12:28,1496,37.34,37.34149900783024,65,2,1,Normal,OFF,65,,,65,13,step,2,Normal,,,,
1788585149711,2026-09-05 13:12:29,1498,37.29,37.34149900783024,65,2,1,Normal,OFF,65,,,65,13,step,2,Normal,,,,
1788585150712,2026-09-05 13:12:30,1497,37.32,37.34149900783024,65,2,1,Normal,OFF,65,,,65,13,step,2,Normal,,,,
1788585151713,2026-09-05 13:12:31,1499,37.27,37.34149900783024,65,2,1,Normal,OFF,65,,,65,13,step,2,Normal,,,,
1788585152714,2026-09-05 13:12:32,1492,37.44,37.34149900783024,65,2,1,Normal,OFF,65,,,65,13,step,2,Normal,,,,
1788585153715,2026-09-05 13:12:33,1497,37.32,37.34149900783024,65,2,1,Normal,OFF,65,,,65,13,step,2,Normal,,,,
1788585154715,2026-09-05 13:12:34,1497,37.32,37.34149900783024,65,2,1,Normal,OFF,65,,,65,13,step,2,Normal,,,,
1788585155716,2026-09-05 13:12:35,1496,37.34,37.34149900783024,65,2,1,Normal,OFF,65,,,65,13,step,2,Normal,,,,
1788585156717,2026-09-05 13:12:36,1496,37.34,37.34149900783024,65,2,1,Normal,OFF,65,,,65,13,step,2,Normal,,,,
1788585157718,2026-09-05 13:12:37,1498,37.29,37.34149900783024,65,2,1,Normal,OFF,65,,,65,13,step,2,Normal,,,,
1788585158719,2026-09-05 13:12:38,1496,37.34,37.34149900783024,65,2,1,Normal,OFF,65,,,65,13,step,2,Normal,,,,
1788585159720,2026-09-05 13:12:39,1496,37.34,37.34149900783024,65,2,1,Normal,OFF,65,,,65,13,step,2,Normal,,,,
1788585160722,2026-09-05 13:12:40,1496,37.34,37.34149900783024,65,2,1,Normal,OFF,65,,,65,13,step,2,Normal,,,,
1788585161726,2026-09-05 13:12:41,1496,37.34,37.34149900783024,65,2,1,Normal,OFF,65,,,65,13,step,2,Normal,,,,
1788585162726,2026-09-05 13:12:42,1496,37.34,37.34149900783024,65,2,1,Normal,OFF,65,,,65,13,step,2,Normal,,,,
1788585163727,2026-09-05 13:12:43,1496,37.34,37.34149900783024,65,2,1,Normal,OFF,65,,,65,13,step,2,Normal,,,,
1788585164729,2026-09-05 13:12:44,1496,37.34,37.34149900783024,65,2,1,Normal,OFF,65,,,65,13,step,2,Normal,,,,
1788585165729,2026-09-05 13:12:45,1495,37.36,37.34149900783024,65,2,1,Normal,OFF,65,,,65,13,step,2,Normal,,,,
1788585166730,2026-09-05 13:12:46,1498,37.29,37.36498084765424,65,2,1,Normal,OFF,65,,,65,13,step,2,Normal,,,,
1788585167732,2026-09-05 13:12:47,1496,37.34,37.36498084765424,65,2,1,Normal,OFF,65,,,65,13,step,2,Normal,,,,
1788585168733,2026-09-05 13:12:48,1496,37.34,37.36498084765424,65,2,1,Normal,OFF,65,,,65,13,step,2,Normal,,,,
1788585169734,2026-09-05 13:12:49,1497,37.32,37.36498084765424,65,2,1,Normal,OFF,65,,,65,13,step,2,Normal,,,,
1788585170734,2026-09-05 13:12:50,1497,37.32,37.36498084765424,65,2,1,Normal,OFF,65,,,65,13,step,2,Normal,,,,
1788585171735,2026-09-05 13:12:51,1497,37.32,37.36498084765424,65,2,1,Normal,OFF,65,,,65,13,step,2,Normal,,,,
1788585172736,2026-09-05 13:12:52,1499,37.27,37.36498084765424,65,2,1,Normal,OFF,65,,,65,13,step,2,Normal,,,,
1788585173736,2026-09-05 13:12:53,1495,37.36,37.36498084765424,65,2,1,Normal,OFF,65,,,65,13,step,2,Normal,,,,
1788585174737,2026-09-05 13:12:54,1499,37.27,37.36498084765424,65,2,1,Normal,OFF,65,,,65,13,step,2,Normal,,,,
1788585175738,2026-09-05 13:12:55,1495,37.36,37.36498084765424,65,2,1,Normal,OFF,65,,,65,13,step,2,Normal,,,,
1788585176738,2026-09-05 13:12:56,1495,37.36,37.36498084765424,65,2,1,Normal,OFF,65,,,65,13,step,2,Normal,,,,
1788585177739,2026-09-05 13:12:57,1496,37.34,37.36498084765424,65,2,1,Normal,OFF,65,,,65,13,step,2,Normal,,,,
1788585178740,2026-09-05 13:12:58,1498,37.29,37.36498084765424,65,2,1,Normal,OFF,65,,,65,13,step,2,Normal,,,,
1788585179742,2026-09-05 13:12:59,1495,37.36,37.36498084765424,65,2,1,Normal,OFF,65,,,65,13,step,2,Normal,,,,
1788585180742,2026-09-05 13:13:00,1496,37.34,37.36498084765424,65,2,1,Normal,OFF,65,,,65,13,step,2,Normal,,,,
1788585181743,2026-09-05 13:13:01,1499,37.27,37.34149900783024,65,2,1,Normal,OFF,65,,,65,13,step,2,Normal,,,,
1788585182745,2026-09-05 13:13:02,1500,37.25,37.34149900783024,65,2,1,Normal,OFF,65,,,65,13,step,2,Normal,,,,
1788585183746,2026-09-05 13:13:03,1496,37.34,37.34149900783024,65,2,1,Normal,OFF,65,,,65,13,step,2,Normal,,,,
1788585184748,2026-09-05 13:13:04,1496,37.34,37.34149900783024,65,2,1,Normal,OFF,65,,,65,13,step,2,Normal,,,,
1788585185749,2026-09-05 13:13:05,1496,37.34,37.34149900783024,65,2,1,Normal,OFF,65,,,65,13,step,2,Normal,,,,
1788585186750,2026-09-05 13:13:06,1499,37.27,37.34149900783024,65,2,1,Normal,OFF,65,,,65,13,step,2,Normal,,,,
1788585187752,2026-09-05 13:13:07,1497,37.32,37.34149900783024,65,2,1,Normal,OFF,65,,,65,13,step,2,Normal,,,,
1788585188753,2026-09-05 13:13:08,1495,37.36,37.34149900783024,65,2,1,Normal,OFF,65,,,65,13,step,2,Normal,,,,
1788585189755,2026-09-05 13:13:09,1495,37.36,37.34149900783024,65,2,1,Normal,OFF,65,,,65,13,step,2,Normal,,,,
1788585190756,2026-09-05 13:13:10,1496,37.34,37.34149900783024,65,2,1,Normal,OFF,60,60,DLPC temp UNAVAILABLE,60,14,step,2,Normal,step_end:settled;step_start duty=60 mode=Normal;dlpc_unavailable,,,unavailable
1788585191756,2026-09-05 13:13:11,1495,37.36,37.34149900783024,60,2,1,Normal,OFF,60,,,60,14,step,2,Normal,,,,
1788585192757,2026-09-05 13:13:12,1495,37.36,37.34149900783024,60,2,1,Normal,OFF,60,,,60,14,step,2,Normal,,,,
1788585193759,2026-09-05 13:13:13,1496,37.34,37.34149900783024,60,2,1,Normal,OFF,60,,,60,14,step,2,Normal,,,,
1788585194759,2026-09-05 13:13:14,1494,37.39,37.34149900783024,60,2,1,Normal,OFF,60,,,60,14,step,2,Normal,,,,
1788585195761,2026-09-05 13:13:15,1495,37.36,37.34149900783024,60,2,1,Normal,OFF,60,,,60,14,step,2,Normal,,,,
1788585196762,2026-09-05 13:13:16,1496,37.34,37.36498084765424,60,2,1,Normal,OFF,60,,,60,14,step,2,Normal,,,,
1788585197763,2026-09-05 13:13:17,1497,37.32,37.36498084765424,60,2,1,Normal,OFF,60,,,60,14,step,2,Normal,,,,
1788585198764,2026-09-05 13:13:18,1494,37.39,37.36498084765424,60,2,1,Normal,OFF,60,,,60,14,step,2,Normal,,,,
1788585199765,2026-09-05 13:13:19,1494,37.39,37.36498084765424,60,2,1,Normal,OFF,60,,,60,14,step,2,Normal,,,,
1788585200765,2026-09-05 13:13:20,1492,37.44,37.36498084765424,60,2,1,Normal,OFF,60,,,60,14,step,2,Normal,,,,
1788585201767,2026-09-05 13:13:21,1494,37.39,37.36498084765424,60,2,1,Normal,OFF,60,,,60,14,step,2,Normal,,,,
1788585202767,2026-09-05 13:13:22,1495,37.36,37.36498084765424,60,2,1,Normal,OFF,60,,,60,14,step,2,Normal,,,,
1788585203768,2026-09-05 13:13:23,1493,37.41,37.36498084765424,60,2,1,Normal,OFF,60,,,60,14,step,2,Normal,,,,
1788585204768,2026-09-05 13:13:24,1492,37.44,37.36498084765424,60,2,1,Normal,OFF,60,,,60,14,step,2,Normal,,,,
1788585205769,2026-09-05 13:13:25,1492,37.44,37.36498084765424,60,2,1,Normal,OFF,60,,,60,14,step,2,Normal,,,,
1788585206770,2026-09-05 13:13:26,1489,37.51,37.36498084765424,60,2,1,Normal,OFF,60,,,60,14,step,2,Normal,,,,
1788585207770,2026-09-05 13:13:27,1493,37.41,37.36498084765424,60,2,1,Normal,OFF,60,,,60,14,step,2,Normal,,,,
1788585208771,2026-09-05 13:13:28,1492,37.44,37.36498084765424,60,2,1,Normal,OFF,60,,,60,14,step,2,Normal,,,,
1788585209772,2026-09-05 13:13:29,1495,37.36,37.36498084765424,60,2,1,Normal,OFF,60,,,60,14,step,2,Normal,,,,
1788585210772,2026-09-05 13:13:30,1494,37.39,37.36498084765424,60,2,1,Normal,OFF,60,,,60,14,step,2,Normal,,,,
1788585211773,2026-09-05 13:13:31,1492,37.44,37.38847292315114,60,2,1,Normal,OFF,60,,,60,14,step,2,Normal,,,,
1788585212774,2026-09-05 13:13:32,1493,37.41,37.38847292315114,60,2,1,Normal,OFF,60,,,60,14,step,2,Normal,,,,
1788585213775,2026-09-05 13:13:33,1491,37.46,37.38847292315114,60,2,1,Normal,OFF,60,,,60,14,step,2,Normal,,,,
1788585214777,2026-09-05 13:13:34,1491,37.46,37.38847292315114,60,2,1,Normal,OFF,60,,,60,14,step,2,Normal,,,,
1788585215777,2026-09-05 13:13:35,1491,37.46,37.38847292315114,60,2,1,Normal,OFF,60,,,60,14,step,2,Normal,,,,
1788585216778,2026-09-05 13:13:36,1494,37.39,37.38847292315114,60,2,1,Normal,OFF,60,,,60,14,step,2,Normal,,,,
1788585217778,2026-09-05 13:13:37,1492,37.44,37.38847292315114,60,2,1,Normal,OFF,60,,,60,14,step,2,Normal,,,,
1788585218778,2026-09-05 13:13:38,1491,37.46,37.38847292315114,60,2,1,Normal,OFF,60,,,60,14,step,2,Normal,,,,
1788585219778,2026-09-05 13:13:39,1491,37.46,37.38847292315114,60,2,1,Normal,OFF,60,,,60,14,step,2,Normal,,,,
1788585220779,2026-09-05 13:13:40,1493,37.41,37.38847292315114,60,2,1,Normal,OFF,60,,,60,14,step,2,Normal,,,,
1788585221780,2026-09-05 13:13:41,1494,37.39,37.38847292315114,60,2,1,Normal,OFF,60,,,60,14,step,2,Normal,,,,
1788585222782,2026-09-05 13:13:42,1490,37.48,37.38847292315114,60,2,1,Normal,OFF,60,,,60,14,step,2,Normal,,,,
1788585223783,2026-09-05 13:13:43,1489,37.51,37.38847292315114,60,2,1,Normal,OFF,60,,,60,14,step,2,Normal,,,,
1788585224785,2026-09-05 13:13:44,1490,37.48,37.38847292315114,60,2,1,Normal,OFF,60,,,60,14,step,2,Normal,,,,
1788585225786,2026-09-05 13:13:45,1491,37.46,37.38847292315114,60,2,1,Normal,OFF,60,,,60,14,step,2,Normal,,,,
1788585226787,2026-09-05 13:13:46,1489,37.51,37.45901076129053,60,2,1,Normal,OFF,60,,,60,14,step,2,Normal,,,,
1788585227789,2026-09-05 13:13:47,1490,37.48,37.45901076129053,60,2,1,Normal,OFF,60,,,60,14,step,2,Normal,,,,
1788585228790,2026-09-05 13:13:48,1489,37.51,37.45901076129053,60,2,1,Normal,OFF,60,,,60,14,step,2,Normal,,,,
1788585229791,2026-09-05 13:13:49,1490,37.48,37.45901076129053,60,2,1,Normal,OFF,60,,,60,14,step,2,Normal,,,,
1788585230792,2026-09-05 13:13:50,1489,37.51,37.45901076129053,60,2,1,Normal,OFF,60,,,60,14,step,2,Normal,,,,
1788585231793,2026-09-05 13:13:51,1489,37.51,37.45901076129053,60,2,1,Normal,OFF,60,,,60,14,step,2,Normal,,,,
1788585232795,2026-09-05 13:13:52,1491,37.46,37.45901076129053,60,2,1,Normal,OFF,60,,,60,14,step,2,Normal,,,,
1788585233796,2026-09-05 13:13:53,1490,37.48,37.45901076129053,60,2,1,Normal,OFF,60,,,60,14,step,2,Normal,,,,
1788585234798,2026-09-05 13:13:54,1490,37.48,37.45901076129053,60,2,1,Normal,OFF,60,,,60,14,step,2,Normal,,,,
1788585235798,2026-09-05 13:13:55,1486,37.58,37.45901076129053,60,2,1,Normal,OFF,60,,,60,14,step,2,Normal,,,,
1788585236799,2026-09-05 13:13:56,1489,37.51,37.45901076129053,60,2,1,Normal,OFF,60,,,60,14,step,2,Normal,,,,
1788585237800,2026-09-05 13:13:57,1489,37.51,37.45901076129053,60,2,1,Normal,OFF,60,,,60,14,step,2,Normal,,,,
1788585238801,2026-09-05 13:13:58,1487,37.55,37.45901076129053,60,2,1,Normal,OFF,60,,,60,14,step,2,Normal,,,,
1788585239803,2026-09-05 13:13:59,1486,37.58,37.45901076129053,60,2,1,Normal,OFF,60,,,60,14,step,2,Normal,,,,
1788585240803,2026-09-05 13:14:00,1489,37.51,37.45901076129053,60,2,1,Normal,OFF,60,,,60,14,step,2,Normal,,,,
1788585241805,2026-09-05 13:14:01,1491,37.46,37.50608752800116,60,2,1,Normal,OFF,60,,,60,14,step,2,Normal,,,,
1788585242805,2026-09-05 13:14:02,1489,37.51,37.50608752800116,60,2,1,Normal,OFF,60,,,60,14,step,2,Normal,,,,
1788585243805,2026-09-05 13:14:03,1487,37.55,37.50608752800116,60,2,1,Normal,OFF,60,,,60,14,step,2,Normal,,,,
1788585244806,2026-09-05 13:14:04,1487,37.55,37.50608752800116,60,2,1,Normal,OFF,60,,,60,14,step,2,Normal,,,,
1788585245806,2026-09-05 13:14:05,1487,37.55,37.50608752800116,60,2,1,Normal,OFF,60,,,60,14,step,2,Normal,,,,
1788585246807,2026-09-05 13:14:06,1487,37.55,37.50608752800116,60,2,1,Normal,OFF,60,,,60,14,step,2,Normal,,,,
1788585247807,2026-09-05 13:14:07,1493,37.41,37.50608752800116,60,2,1,Normal,OFF,60,,,60,14,step,2,Normal,,,,
1788585248809,2026-09-05 13:14:08,1490,37.48,37.50608752800116,60,2,1,Normal,OFF,60,,,60,14,step,2,Normal,,,,
1788585249810,2026-09-05 13:14:09,1489,37.51,37.50608752800116,60,2,1,Normal,OFF,60,,,60,14,step,2,Normal,,,,
1788585250812,2026-09-05 13:14:10,1488,37.53,37.50608752800116,60,2,1,Normal,OFF,60,,,60,14,step,2,Normal,,,,
1788585251812,2026-09-05 13:14:11,1488,37.53,37.50608752800116,60,2,1,Normal,OFF,60,,,60,14,step,2,Normal,,,,
1788585252813,2026-09-05 13:14:12,1488,37.53,37.50608752800116,60,2,1,Normal,OFF,60,,,60,14,step,2,Normal,,,,
1788585253814,2026-09-05 13:14:13,1484,37.62,37.50608752800116,60,2,1,Normal,OFF,60,,,60,14,step,2,Normal,,,,
1788585254815,2026-09-05 13:14:14,1486,37.58,37.50608752800116,60,2,1,Normal,OFF,60,,,60,14,step,2,Normal,,,,
1788585255817,2026-09-05 13:14:15,1489,37.51,37.50608752800116,60,2,1,Normal,OFF,60,,,60,14,step,2,Normal,,,,
1788585256818,2026-09-05 13:14:16,1485,37.60,37.50608752800116,60,2,1,Normal,OFF,60,,,60,14,step,2,Normal,,,,
1788585257819,2026-09-05 13:14:17,1487,37.55,37.50608752800116,60,2,1,Normal,OFF,60,,,60,14,step,2,Normal,,,,
1788585258821,2026-09-05 13:14:18,1489,37.51,37.50608752800116,60,2,1,Normal,OFF,60,,,60,14,step,2,Normal,,,,
1788585259821,2026-09-05 13:14:19,1486,37.58,37.50608752800116,60,2,1,Normal,OFF,60,,,60,14,step,2,Normal,,,,
1788585260823,2026-09-05 13:14:20,1488,37.53,37.50608752800116,60,2,1,Normal,OFF,60,,,60,14,step,2,Normal,,,,
1788585261823,2026-09-05 13:14:21,1487,37.55,37.50608752800116,60,2,1,Normal,OFF,60,,,60,14,step,2,Normal,,,,
1788585262824,2026-09-05 13:14:22,1486,37.58,37.50608752800116,60,2,1,Normal,OFF,60,,,60,14,step,2,Normal,,,,
1788585263825,2026-09-05 13:14:23,1487,37.55,37.50608752800116,60,2,1,Normal,OFF,60,,,60,14,step,2,Normal,,,,
1788585264826,2026-09-05 13:14:24,1486,37.58,37.50608752800116,60,2,1,Normal,OFF,60,,,60,14,step,2,Normal,,,,
1788585265827,2026-09-05 13:14:25,1486,37.58,37.50608752800116,60,2,1,Normal,OFF,60,,,60,14,step,2,Normal,,,,
1788585266828,2026-09-05 13:14:26,1487,37.55,37.50608752800116,60,2,1,Normal,OFF,60,,,60,14,step,2,Normal,,,,
1788585267829,2026-09-05 13:14:27,1486,37.58,37.50608752800116,60,2,1,Normal,OFF,60,,,60,14,step,2,Normal,,,,
1788585268830,2026-09-05 13:14:28,1485,37.60,37.50608752800116,60,2,1,Normal,OFF,60,,,60,14,step,2,Normal,,,,
1788585269831,2026-09-05 13:14:29,1486,37.58,37.50608752800116,60,2,1,Normal,OFF,60,,,60,14,step,2,Normal,,,,
1788585270833,2026-09-05 13:14:30,1488,37.53,37.50608752800116,60,2,1,Normal,OFF,60,,,60,14,step,2,Normal,,,,
1788585271833,2026-09-05 13:14:31,1485,37.60,37.529641433405914,60,2,1,Normal,OFF,60,,,60,14,step,2,Normal,,,,
1788585272835,2026-09-05 13:14:32,1486,37.58,37.529641433405914,60,2,1,Normal,OFF,60,,,60,14,step,2,Normal,,,,
1788585273836,2026-09-05 13:14:33,1486,37.58,37.529641433405914,60,2,1,Normal,OFF,60,,,60,14,step,2,Normal,,,,
1788585274837,2026-09-05 13:14:34,1485,37.60,37.529641433405914,60,2,1,Normal,OFF,60,,,60,14,step,2,Normal,,,,
1788585275838,2026-09-05 13:14:35,1486,37.58,37.529641433405914,60,2,1,Normal,OFF,60,,,60,14,step,2,Normal,,,,
1788585276839,2026-09-05 13:14:36,1483,37.65,37.529641433405914,60,2,1,Normal,OFF,60,,,60,14,step,2,Normal,,,,
1788585277839,2026-09-05 13:14:37,1486,37.58,37.529641433405914,60,2,1,Normal,OFF,60,,,60,14,step,2,Normal,,,,
1788585278840,2026-09-05 13:14:38,1486,37.58,37.529641433405914,60,2,1,Normal,OFF,60,,,60,14,step,2,Normal,,,,
1788585279842,2026-09-05 13:14:39,1485,37.60,37.529641433405914,60,2,1,Normal,OFF,60,,,60,14,step,2,Normal,,,,
1788585280842,2026-09-05 13:14:40,1483,37.65,37.529641433405914,60,2,1,Normal,OFF,60,,,60,14,step,2,Normal,,,,
1788585281843,2026-09-05 13:14:41,1484,37.62,37.529641433405914,60,2,1,Normal,OFF,60,,,60,14,step,2,Normal,,,,
1788585282845,2026-09-05 13:14:42,1486,37.58,37.529641433405914,60,2,1,Normal,OFF,60,,,60,14,step,2,Normal,,,,
1788585283845,2026-09-05 13:14:43,1486,37.58,37.529641433405914,60,2,1,Normal,OFF,60,,,60,14,step,2,Normal,,,,
1788585284846,2026-09-05 13:14:44,1485,37.60,37.529641433405914,60,2,1,Normal,OFF,60,,,60,14,step,2,Normal,,,,
1788585285847,2026-09-05 13:14:45,1482,37.67,37.529641433405914,60,2,1,Normal,OFF,60,,,60,14,step,2,Normal,,,,
1788585286849,2026-09-05 13:14:46,1487,37.55,37.67118343439631,60,2,1,Normal,OFF,60,,,60,14,step,2,Normal,,,,
1788585287849,2026-09-05 13:14:47,1484,37.62,37.67118343439631,60,2,1,Normal,OFF,60,,,60,14,step,2,Normal,,,,
1788585288851,2026-09-05 13:14:48,1486,37.58,37.67118343439631,60,2,1,Normal,OFF,60,,,60,14,step,2,Normal,,,,
1788585289852,2026-09-05 13:14:49,1487,37.55,37.67118343439631,60,2,1,Normal,OFF,60,,,60,14,step,2,Normal,,,,
1788585290853,2026-09-05 13:14:50,1485,37.60,37.67118343439631,60,2,1,Normal,OFF,60,,,60,14,step,2,Normal,,,,
1788585291854,2026-09-05 13:14:51,1484,37.62,37.67118343439631,60,2,1,Normal,OFF,60,,,60,14,step,2,Normal,,,,
1788585292855,2026-09-05 13:14:52,1485,37.60,37.67118343439631,60,2,1,Normal,OFF,60,,,60,14,step,2,Normal,,,,
1788585293856,2026-09-05 13:14:53,1484,37.62,37.67118343439631,60,2,1,Normal,OFF,60,,,60,14,step,2,Normal,,,,
1788585294857,2026-09-05 13:14:54,1487,37.55,37.67118343439631,60,2,1,Normal,OFF,60,,,60,14,step,2,Normal,,,,
1788585295857,2026-09-05 13:14:55,1485,37.60,37.67118343439631,60,2,1,Normal,OFF,60,,,60,14,step,2,Normal,,,,
1788585296859,2026-09-05 13:14:56,1485,37.60,37.67118343439631,60,2,1,Normal,OFF,60,,,60,14,step,2,Normal,,,,
1788585297859,2026-09-05 13:14:57,1483,37.65,37.67118343439631,60,2,1,Normal,OFF,60,,,60,14,step,2,Normal,,,,
1788585298861,2026-09-05 13:14:58,1483,37.65,37.67118343439631,60,2,1,Normal,OFF,60,,,60,14,step,2,Normal,,,,
1788585299862,2026-09-05 13:14:59,1486,37.58,37.67118343439631,60,2,1,Normal,OFF,60,,,60,14,step,2,Normal,,,,
1788585300862,2026-09-05 13:15:00,1485,37.60,37.67118343439631,60,2,1,Normal,OFF,60,,,60,14,step,2,Normal,,,,
1788585301864,2026-09-05 13:15:01,1487,37.55,37.60036547746137,60,2,1,Normal,OFF,60,,,60,14,step,2,Normal,,,,
1788585302865,2026-09-05 13:15:02,1484,37.62,37.60036547746137,60,2,1,Normal,OFF,60,,,60,14,step,2,Normal,,,,
1788585303866,2026-09-05 13:15:03,1481,37.69,37.60036547746137,60,2,1,Normal,OFF,60,,,60,14,step,2,Normal,,,,
1788585304866,2026-09-05 13:15:04,1484,37.62,37.60036547746137,60,2,1,Normal,OFF,60,,,60,14,step,2,Normal,,,,
1788585305867,2026-09-05 13:15:05,1479,37.74,37.60036547746137,60,2,1,Normal,OFF,60,,,60,14,step,2,Normal,,,,
1788585306869,2026-09-05 13:15:06,1482,37.67,37.60036547746137,60,2,1,Normal,OFF,60,,,60,14,step,2,Normal,,,,
1788585307869,2026-09-05 13:15:07,1484,37.62,37.60036547746137,60,2,1,Normal,OFF,60,,,60,14,step,2,Normal,,,,
1788585308870,2026-09-05 13:15:08,1482,37.67,37.60036547746137,60,2,1,Normal,OFF,60,,,60,14,step,2,Normal,,,,
1788585309872,2026-09-05 13:15:09,1482,37.67,37.60036547746137,60,2,1,Normal,OFF,60,,,60,14,step,2,Normal,,,,
1788585310874,2026-09-05 13:15:10,1480,37.72,37.60036547746137,60,2,1,Normal,OFF,60,,,60,14,step,2,Normal,,,,
1788585311875,2026-09-05 13:15:11,1481,37.69,37.60036547746137,60,2,1,Normal,OFF,60,,,60,14,step,2,Normal,,,,
1788585312877,2026-09-05 13:15:12,1485,37.60,37.60036547746137,60,2,1,Normal,OFF,60,,,60,14,step,2,Normal,,,,
1788585313877,2026-09-05 13:15:13,1484,37.62,37.60036547746137,60,2,1,Normal,OFF,60,,,60,14,step,2,Normal,,,,
1788585314879,2026-09-05 13:15:14,1486,37.58,37.60036547746137,60,2,1,Normal,OFF,60,,,60,14,step,2,Normal,,,,
1788585315881,2026-09-05 13:15:15,1484,37.62,37.60036547746137,60,2,1,Normal,OFF,60,,,60,14,step,2,Normal,,,,
1788585316882,2026-09-05 13:15:16,1481,37.69,37.62396100154268,60,2,1,Normal,OFF,60,,,60,14,step,2,Normal,,,,
1788585317883,2026-09-05 13:15:17,1482,37.67,37.62396100154268,60,2,1,Normal,OFF,60,,,60,14,step,2,Normal,,,,
1788585318883,2026-09-05 13:15:18,1486,37.58,37.62396100154268,60,2,1,Normal,OFF,60,,,60,14,step,2,Normal,,,,
1788585319885,2026-09-05 13:15:19,1482,37.67,37.62396100154268,60,2,1,Normal,OFF,60,,,60,14,step,2,Normal,,,,
1788585320886,2026-09-05 13:15:20,1482,37.67,37.62396100154268,60,2,1,Normal,OFF,60,,,60,14,step,2,Normal,,,,
1788585321888,2026-09-05 13:15:21,1482,37.67,37.62396100154268,60,2,1,Normal,OFF,60,,,60,14,step,2,Normal,,,,
1788585322889,2026-09-05 13:15:22,1483,37.65,37.62396100154268,60,2,1,Normal,OFF,60,,,60,14,step,2,Normal,,,,
1788585323889,2026-09-05 13:15:23,1484,37.62,37.62396100154268,60,2,1,Normal,OFF,60,,,60,14,step,2,Normal,,,,
1788585324891,2026-09-05 13:15:24,1482,37.67,37.62396100154268,60,2,1,Normal,OFF,60,,,60,14,step,2,Normal,,,,
1788585325892,2026-09-05 13:15:25,1485,37.60,37.62396100154268,60,2,1,Normal,OFF,60,,,60,14,step,2,Normal,,,,
1788585326893,2026-09-05 13:15:26,1483,37.65,37.62396100154268,60,2,1,Normal,OFF,60,,,60,14,step,2,Normal,,,,
1788585327894,2026-09-05 13:15:27,1482,37.67,37.62396100154268,60,2,1,Normal,OFF,60,,,60,14,step,2,Normal,,,,
1788585328895,2026-09-05 13:15:28,1481,37.69,37.62396100154268,60,2,1,Normal,OFF,60,,,60,14,step,2,Normal,,,,
1788585329897,2026-09-05 13:15:29,1483,37.65,37.62396100154268,60,2,1,Normal,OFF,60,,,60,14,step,2,Normal,,,,
1788585330898,2026-09-05 13:15:30,1482,37.67,37.62396100154268,60,2,1,Normal,OFF,60,,,60,14,step,2,Normal,,,,
1788585331899,2026-09-05 13:15:31,1482,37.67,37.67118343439631,60,2,1,Normal,OFF,60,,,60,14,step,2,Normal,,,,
1788585332899,2026-09-05 13:15:32,1482,37.67,37.67118343439631,60,2,1,Normal,OFF,60,,,60,14,step,2,Normal,,,,
1788585333901,2026-09-05 13:15:33,1480,37.72,37.67118343439631,60,2,1,Normal,OFF,60,,,60,14,step,2,Normal,,,,
1788585334902,2026-09-05 13:15:34,1481,37.69,37.67118343439631,60,2,1,Normal,OFF,60,,,60,14,step,2,Normal,,,,
1788585335903,2026-09-05 13:15:35,1482,37.67,37.67118343439631,60,2,1,Normal,OFF,60,,,60,14,step,2,Normal,,,,
1788585336903,2026-09-05 13:15:36,1482,37.67,37.67118343439631,60,2,1,Normal,OFF,60,,,60,14,step,2,Normal,,,,
1788585337905,2026-09-05 13:15:37,1481,37.69,37.67118343439631,60,2,1,Normal,OFF,60,,,60,14,step,2,Normal,,,,
1788585338906,2026-09-05 13:15:38,1483,37.65,37.67118343439631,60,2,1,Normal,OFF,60,,,60,14,step,2,Normal,,,,
1788585339908,2026-09-05 13:15:39,1481,37.69,37.67118343439631,60,2,1,Normal,OFF,60,,,60,14,step,2,Normal,,,,
1788585340909,2026-09-05 13:15:40,1485,37.60,37.67118343439631,60,2,1,Normal,OFF,60,,,60,14,step,2,Normal,,,,
1788585341911,2026-09-05 13:15:41,1482,37.67,37.67118343439631,60,2,1,Normal,OFF,60,,,60,14,step,2,Normal,,,,
1788585342911,2026-09-05 13:15:42,1484,37.62,37.67118343439631,60,2,1,Normal,OFF,60,,,60,14,step,2,Normal,,,,
1788585343913,2026-09-05 13:15:43,1484,37.62,37.67118343439631,60,2,1,Normal,OFF,60,,,60,14,step,2,Normal,,,,
1788585344914,2026-09-05 13:15:44,1481,37.69,37.67118343439631,60,2,1,Normal,OFF,60,,,60,14,step,2,Normal,,,,
1788585345915,2026-09-05 13:15:45,1481,37.69,37.67118343439631,60,2,1,Normal,OFF,60,,,60,14,step,2,Normal,,,,
1788585346915,2026-09-05 13:15:46,1481,37.69,37.62396100154268,60,2,1,Normal,OFF,60,,,60,14,step,2,Normal,,,,
1788585347917,2026-09-05 13:15:47,1481,37.69,37.62396100154268,60,2,1,Normal,OFF,60,,,60,14,step,2,Normal,,,,
1788585348919,2026-09-05 13:15:48,1482,37.67,37.62396100154268,60,2,1,Normal,OFF,60,,,60,14,step,2,Normal,,,,
1788585349920,2026-09-05 13:15:49,1481,37.69,37.62396100154268,60,2,1,Normal,OFF,60,,,60,14,step,2,Normal,,,,
1788585350921,2026-09-05 13:15:50,1481,37.69,37.62396100154268,60,2,1,Normal,OFF,60,,,60,14,step,2,Normal,,,,
1788585351923,2026-09-05 13:15:51,1479,37.74,37.62396100154268,60,2,1,Normal,OFF,60,,,60,14,step,2,Normal,,,,
1788585352924,2026-09-05 13:15:52,1479,37.74,37.62396100154268,60,2,1,Normal,OFF,60,,,60,14,step,2,Normal,,,,
1788585353925,2026-09-05 13:15:53,1479,37.74,37.62396100154268,60,2,1,Normal,OFF,60,,,60,14,step,2,Normal,,,,
1788585354926,2026-09-05 13:15:54,1480,37.72,37.62396100154268,60,2,1,Normal,OFF,60,,,60,14,step,2,Normal,,,,
1788585355927,2026-09-05 13:15:55,1482,37.67,37.62396100154268,60,2,1,Normal,OFF,60,,,60,14,step,2,Normal,,,,
1788585356928,2026-09-05 13:15:56,1485,37.60,37.62396100154268,60,2,1,Normal,OFF,60,,,60,14,step,2,Normal,,,,
1788585357929,2026-09-05 13:15:57,1483,37.65,37.62396100154268,60,2,1,Normal,OFF,60,,,60,14,step,2,Normal,,,,
1788585358930,2026-09-05 13:15:58,1479,37.74,37.62396100154268,60,2,1,Normal,OFF,60,,,60,14,step,2,Normal,,,,
1788585359931,2026-09-05 13:15:59,1478,37.77,37.62396100154268,60,2,1,Normal,OFF,60,,,60,14,step,2,Normal,,,,
1788585360934,2026-09-05 13:16:00,1481,37.69,37.69481038349767,60,2,1,Normal,OFF,60,,,60,14,step,2,Normal,,,,
1788585361935,2026-09-05 13:16:01,1481,37.69,37.69481038349767,60,2,1,Normal,OFF,60,,,60,14,step,2,Normal,,,,
1788585362936,2026-09-05 13:16:02,1480,37.72,37.69481038349767,60,2,1,Normal,OFF,60,,,60,14,step,2,Normal,,,,
1788585363938,2026-09-05 13:16:03,1481,37.69,37.69481038349767,60,2,1,Normal,OFF,60,,,60,14,step,2,Normal,,,,
1788585364938,2026-09-05 13:16:04,1481,37.69,37.69481038349767,60,2,1,Normal,OFF,60,,,60,14,step,2,Normal,,,,
1788585365939,2026-09-05 13:16:05,1482,37.67,37.69481038349767,60,2,1,Normal,OFF,60,,,60,14,step,2,Normal,,,,
1788585366941,2026-09-05 13:16:06,1482,37.67,37.69481038349767,60,2,1,Normal,OFF,60,,,60,14,step,2,Normal,,,,
1788585367942,2026-09-05 13:16:07,1481,37.69,37.69481038349767,60,2,1,Normal,OFF,60,,,60,14,step,2,Normal,,,,
1788585368943,2026-09-05 13:16:08,1479,37.74,37.69481038349767,60,2,1,Normal,OFF,60,,,60,14,step,2,Normal,,,,
1788585369943,2026-09-05 13:16:09,1479,37.74,37.69481038349767,60,2,1,Normal,OFF,60,,,60,14,step,2,Normal,,,,
1788585370945,2026-09-05 13:16:10,1481,37.69,37.69481038349767,60,2,1,Normal,OFF,55,55,DLPC temp UNAVAILABLE,55,15,step,2,Normal,step_end:settled;step_start duty=55 mode=Normal;dlpc_unavailable,,,unavailable
1788585371946,2026-09-05 13:16:11,1481,37.69,37.69481038349767,55,2,1,Normal,OFF,55,,,55,15,step,2,Normal,,,,
1788585372947,2026-09-05 13:16:12,1477,37.79,37.69481038349767,55,2,1,Normal,OFF,55,,,55,15,step,2,Normal,,,,
1788585373947,2026-09-05 13:16:13,1487,37.55,37.69481038349767,55,2,1,Normal,OFF,55,,,55,15,step,2,Normal,,,,
1788585374949,2026-09-05 13:16:14,1482,37.67,37.69481038349767,55,2,1,Normal,OFF,55,,,55,15,step,2,Normal,,,,
1788585375950,2026-09-05 13:16:15,1479,37.74,37.742095848152246,55,2,1,Normal,OFF,55,,,55,15,step,2,Normal,,,,
1788585376952,2026-09-05 13:16:16,1483,37.65,37.742095848152246,55,2,1,Normal,OFF,55,,,55,15,step,2,Normal,,,,
1788585377953,2026-09-05 13:16:17,1479,37.74,37.742095848152246,55,2,1,Normal,OFF,55,,,55,15,step,2,Normal,,,,
1788585378955,2026-09-05 13:16:18,1479,37.74,37.742095848152246,55,2,1,Normal,OFF,55,,,55,15,step,2,Normal,,,,
1788585379956,2026-09-05 13:16:19,1481,37.69,37.742095848152246,55,2,1,Normal,OFF,55,,,55,15,step,2,Normal,,,,
1788585380958,2026-09-05 13:16:20,1479,37.74,37.742095848152246,55,2,1,Normal,OFF,55,,,55,15,step,2,Normal,,,,
1788585381959,2026-09-05 13:16:21,1479,37.74,37.742095848152246,55,2,1,Normal,OFF,55,,,55,15,step,2,Normal,,,,
1788585382960,2026-09-05 13:16:22,1477,37.79,37.742095848152246,55,2,1,Normal,OFF,55,,,55,15,step,2,Normal,,,,
1788585383961,2026-09-05 13:16:23,1478,37.77,37.742095848152246,55,2,1,Normal,OFF,55,,,55,15,step,2,Normal,,,,
1788585384962,2026-09-05 13:16:24,1480,37.72,37.742095848152246,55,2,1,Normal,OFF,55,,,55,15,step,2,Normal,,,,
1788585385964,2026-09-05 13:16:25,1479,37.74,37.742095848152246,55,2,1,Normal,OFF,55,,,55,15,step,2,Normal,,,,
1788585386965,2026-09-05 13:16:26,1477,37.79,37.742095848152246,55,2,1,Normal,OFF,55,,,55,15,step,2,Normal,,,,
1788585387966,2026-09-05 13:16:27,1477,37.79,37.742095848152246,55,2,1,Normal,OFF,55,,,55,15,step,2,Normal,,,,
1788585388967,2026-09-05 13:16:28,1478,37.77,37.742095848152246,55,2,1,Normal,OFF,55,,,55,15,step,2,Normal,,,,
1788585389968,2026-09-05 13:16:29,1476,37.81,37.742095848152246,55,2,1,Normal,OFF,55,,,55,15,step,2,Normal,,,,
1788585390970,2026-09-05 13:16:30,1478,37.77,37.76575440425938,55,2,1,Normal,OFF,55,,,55,15,step,2,Normal,,,,
1788585391971,2026-09-05 13:16:31,1477,37.79,37.76575440425938,55,2,1,Normal,OFF,55,,,55,15,step,2,Normal,,,,
1788585392973,2026-09-05 13:16:32,1476,37.81,37.76575440425938,55,2,1,Normal,OFF,55,,,55,15,step,2,Normal,,,,
1788585393974,2026-09-05 13:16:33,1477,37.79,37.76575440425938,55,2,1,Normal,OFF,55,,,55,15,step,2,Normal,,,,
1788585394975,2026-09-05 13:16:34,1476,37.81,37.76575440425938,55,2,1,Normal,OFF,55,,,55,15,step,2,Normal,,,,
1788585395976,2026-09-05 13:16:35,1466,38.05,37.76575440425938,55,2,1,Normal,OFF,55,,,55,15,step,2,Normal,,,,
1788585396978,2026-09-05 13:16:36,1477,37.79,37.76575440425938,55,2,1,Normal,OFF,55,,,55,15,step,2,Normal,,,,
1788585397979,2026-09-05 13:16:37,1475,37.84,37.76575440425938,55,2,1,Normal,OFF,55,,,55,15,step,2,Normal,,,,
1788585398980,2026-09-05 13:16:38,1474,37.86,37.76575440425938,55,2,1,Normal,OFF,55,,,55,15,step,2,Normal,,,,
1788585399981,2026-09-05 13:16:39,1476,37.81,37.76575440425938,55,2,1,Normal,OFF,55,,,55,15,step,2,Normal,,,,
1788585400982,2026-09-05 13:16:40,1474,37.86,37.76575440425938,55,2,1,Normal,OFF,55,,,55,15,step,2,Normal,,,,
1788585401983,2026-09-05 13:16:41,1473,37.88,37.76575440425938,55,2,1,Normal,OFF,55,,,55,15,step,2,Normal,,,,
1788585402983,2026-09-05 13:16:42,1476,37.81,37.76575440425938,55,2,1,Normal,OFF,55,,,55,15,step,2,Normal,,,,
1788585403985,2026-09-05 13:16:43,1471,37.93,37.76575440425938,55,2,1,Normal,OFF,55,,,55,15,step,2,Normal,,,,
1788585404986,2026-09-05 13:16:44,1475,37.84,37.76575440425938,55,2,1,Normal,OFF,55,,,55,15,step,2,Normal,,,,
1788585405986,2026-09-05 13:16:45,1475,37.84,37.8367936118151,55,2,1,Normal,OFF,55,,,55,15,step,2,Normal,,,,
1788585406987,2026-09-05 13:16:46,1472,37.91,37.8367936118151,55,2,1,Normal,OFF,55,,,55,15,step,2,Normal,,,,
1788585407989,2026-09-05 13:16:47,1470,37.96,37.8367936118151,55,2,1,Normal,OFF,55,,,55,15,step,2,Normal,,,,
1788585408989,2026-09-05 13:16:48,1473,37.88,37.8367936118151,55,2,1,Normal,OFF,55,,,55,15,step,2,Normal,,,,
1788585409991,2026-09-05 13:16:49,1474,37.86,37.8367936118151,55,2,1,Normal,OFF,55,,,55,15,step,2,Normal,,,,
1788585410992,2026-09-05 13:16:50,1470,37.96,37.8367936118151,55,2,1,Normal,OFF,55,,,55,15,step,2,Normal,,,,
1788585411993,2026-09-05 13:16:51,1474,37.86,37.8367936118151,55,2,1,Normal,OFF,55,,,55,15,step,2,Normal,,,,
1788585412995,2026-09-05 13:16:52,1471,37.93,37.8367936118151,55,2,1,Normal,OFF,55,,,55,15,step,2,Normal,,,,
1788585413995,2026-09-05 13:16:53,1470,37.96,37.8367936118151,55,2,1,Normal,OFF,55,,,55,15,step,2,Normal,,,,
1788585414997,2026-09-05 13:16:54,1469,37.98,37.8367936118151,55,2,1,Normal,OFF,55,,,55,15,step,2,Normal,,,,
1788585415999,2026-09-05 13:16:55,1469,37.98,37.8367936118151,55,2,1,Normal,OFF,55,,,55,15,step,2,Normal,,,,
1788585416999,2026-09-05 13:16:56,1468,38.00,37.8367936118151,55,2,1,Normal,OFF,55,,,55,15,step,2,Normal,,,,
1788585418000,2026-09-05 13:16:58,1470,37.96,37.8367936118151,55,2,1,Normal,OFF,55,,,55,15,step,2,Normal,,,,
1788585419002,2026-09-05 13:16:59,1470,37.96,37.8367936118151,55,2,1,Normal,OFF,55,,,55,15,step,2,Normal,,,,
1788585420004,2026-09-05 13:17:00,1469,37.98,37.8367936118151,55,2,1,Normal,OFF,55,,,55,15,step,2,Normal,,,,
1788585421005,2026-09-05 13:17:01,1473,37.88,37.88420623706935,55,2,1,Normal,OFF,55,,,55,15,step,2,Normal,,,,
1788585422007,2026-09-05 13:17:02,1467,38.03,37.88420623706935,55,2,1,Normal,OFF,55,,,55,15,step,2,Normal,,,,
1788585423008,2026-09-05 13:17:03,1467,38.03,37.88420623706935,55,2,1,Normal,OFF,55,,,55,15,step,2,Normal,,,,
1788585424009,2026-09-05 13:17:04,1467,38.03,37.88420623706935,55,2,1,Normal,OFF,55,,,55,15,step,2,Normal,,,,
1788585425010,2026-09-05 13:17:05,1467,38.03,37.88420623706935,55,2,1,Normal,OFF,55,,,55,15,step,2,Normal,,,,
1788585426011,2026-09-05 13:17:06,1468,38.00,37.88420623706935,55,2,1,Normal,OFF,55,,,55,15,step,2,Normal,,,,
1788585427013,2026-09-05 13:17:07,1470,37.96,37.88420623706935,55,2,1,Normal,OFF,55,,,55,15,step,2,Normal,,,,
1788585428014,2026-09-05 13:17:08,1467,38.03,37.88420623706935,55,2,1,Normal,OFF,55,,,55,15,step,2,Normal,,,,
1788585429015,2026-09-05 13:17:09,1467,38.03,37.88420623706935,55,2,1,Normal,OFF,55,,,55,15,step,2,Normal,,,,
1788585430015,2026-09-05 13:17:10,1469,37.98,37.88420623706935,55,2,1,Normal,OFF,55,,,55,15,step,2,Normal,,,,
1788585431017,2026-09-05 13:17:11,1467,38.03,37.88420623706935,55,2,1,Normal,OFF,55,,,55,15,step,2,Normal,,,,
1788585432018,2026-09-05 13:17:12,1467,38.03,37.88420623706935,55,2,1,Normal,OFF,55,,,55,15,step,2,Normal,,,,
1788585433019,2026-09-05 13:17:13,1467,38.03,37.88420623706935,55,2,1,Normal,OFF,55,,,55,15,step,2,Normal,,,,
1788585434021,2026-09-05 13:17:14,1467,38.03,37.88420623706935,55,2,1,Normal,OFF,55,,,55,15,step,2,Normal,,,,
1788585435022,2026-09-05 13:17:15,1469,37.98,37.88420623706935,55,2,1,Normal,OFF,55,,,55,15,step,2,Normal,,,,
1788585436022,2026-09-05 13:17:16,1465,38.07,38.07428552900416,55,2,1,Normal,OFF,55,,,55,15,step,2,Normal,,,,
1788585437024,2026-09-05 13:17:17,1467,38.03,38.07428552900416,48,2,1,Normal,OFF,55,55,foreign_write 48 reassert(was 48),55,15,step,2,Normal,foreign_write:48,,,
1788585438025,2026-09-05 13:17:18,1466,38.05,38.07428552900416,55,2,1,Normal,OFF,55,,,55,15,step,2,Normal,,,,
1788585439026,2026-09-05 13:17:19,1468,38.00,38.07428552900416,55,2,1,Normal,OFF,55,,,55,15,step,2,Normal,,,,
1788585440026,2026-09-05 13:17:20,1468,38.00,38.07428552900416,55,2,1,Normal,OFF,55,,,55,15,step,2,Normal,,,,
1788585441028,2026-09-05 13:17:21,1468,38.00,38.07428552900416,55,2,1,Normal,OFF,55,,,55,15,step,2,Normal,,,,
1788585442028,2026-09-05 13:17:22,1466,38.05,38.07428552900416,55,2,1,Normal,OFF,55,,,55,15,step,2,Normal,,,,
1788585443030,2026-09-05 13:17:23,1468,38.00,38.07428552900416,55,2,1,Normal,OFF,55,,,55,15,step,2,Normal,,,,
1788585444030,2026-09-05 13:17:24,1465,38.07,38.07428552900416,55,2,1,Normal,OFF,55,,,55,15,step,2,Normal,,,,
1788585445032,2026-09-05 13:17:25,1466,38.05,38.07428552900416,55,2,1,Normal,OFF,55,,,55,15,step,2,Normal,,,,
1788585446033,2026-09-05 13:17:26,1468,38.00,38.07428552900416,55,2,1,Normal,OFF,55,,,55,15,step,2,Normal,,,,
1788585447034,2026-09-05 13:17:27,1464,38.10,38.07428552900416,55,2,1,Normal,OFF,55,,,55,15,step,2,Normal,,,,
1788585448035,2026-09-05 13:17:28,1466,38.05,38.07428552900416,55,2,1,Normal,OFF,55,,,55,15,step,2,Normal,,,,
1788585449035,2026-09-05 13:17:29,1465,38.07,38.07428552900416,55,2,1,Normal,OFF,55,,,55,15,step,2,Normal,,,,
1788585450037,2026-09-05 13:17:30,1464,38.10,38.07428552900416,55,2,1,Normal,OFF,55,,,55,15,step,2,Normal,,,,
1788585451039,2026-09-05 13:17:31,1467,38.03,38.02670105683694,55,2,1,Normal,OFF,55,,,55,15,step,2,Normal,,,,
1788585452040,2026-09-05 13:17:32,1466,38.05,38.02670105683694,55,2,1,Normal,OFF,55,,,55,15,step,2,Normal,,,,
1788585453042,2026-09-05 13:17:33,1465,38.07,38.02670105683694,55,2,1,Normal,OFF,55,,,55,15,step,2,Normal,,,,
1788585454043,2026-09-05 13:17:34,1464,38.10,38.02670105683694,55,2,1,Normal,OFF,55,,,55,15,step,2,Normal,,,,
1788585455043,2026-09-05 13:17:35,1464,38.10,38.02670105683694,55,2,1,Normal,OFF,55,,,55,15,step,2,Normal,,,,
1788585456045,2026-09-05 13:17:36,1467,38.03,38.02670105683694,55,2,1,Normal,OFF,55,,,55,15,step,2,Normal,,,,
1788585457045,2026-09-05 13:17:37,1464,38.10,38.02670105683694,55,2,1,Normal,OFF,55,,,55,15,step,2,Normal,,,,
1788585458047,2026-09-05 13:17:38,1466,38.05,38.02670105683694,55,2,1,Normal,OFF,55,,,55,15,step,2,Normal,,,,
1788585459049,2026-09-05 13:17:39,1464,38.10,38.02670105683694,55,2,1,Normal,OFF,55,,,55,15,step,2,Normal,,,,
1788585460050,2026-09-05 13:17:40,1463,38.12,38.02670105683694,55,2,1,Normal,OFF,55,,,55,15,step,2,Normal,,,,
1788585461051,2026-09-05 13:17:41,1463,38.12,38.02670105683694,55,2,1,Normal,OFF,55,,,55,15,step,2,Normal,,,,
1788585462051,2026-09-05 13:17:42,1465,38.07,38.02670105683694,55,2,1,Normal,OFF,55,,,55,15,step,2,Normal,,,,
1788585463052,2026-09-05 13:17:43,1463,38.12,38.02670105683694,55,2,1,Normal,OFF,55,,,55,15,step,2,Normal,,,,
1788585464054,2026-09-05 13:17:44,1465,38.07,38.02670105683694,55,2,1,Normal,OFF,55,,,55,15,step,2,Normal,,,,
1788585465055,2026-09-05 13:17:45,1463,38.12,38.02670105683694,55,2,1,Normal,OFF,55,,,55,15,step,2,Normal,,,,
1788585466055,2026-09-05 13:17:46,1464,38.10,38.098094020831354,55,2,1,Normal,OFF,55,,,55,15,step,2,Normal,,,,
1788585467056,2026-09-05 13:17:47,1456,38.29,38.098094020831354,55,2,1,Normal,OFF,55,,,55,15,step,2,Normal,,,,
1788585468058,2026-09-05 13:17:48,1464,38.10,38.098094020831354,55,2,1,Normal,OFF,55,,,55,15,step,2,Normal,,,,
1788585469058,2026-09-05 13:17:49,1463,38.12,38.098094020831354,55,2,1,Normal,OFF,55,,,55,15,step,2,Normal,,,,
1788585470059,2026-09-05 13:17:50,1464,38.10,38.098094020831354,55,2,1,Normal,OFF,55,,,55,15,step,2,Normal,,,,
1788585471061,2026-09-05 13:17:51,1463,38.12,38.098094020831354,55,2,1,Normal,OFF,55,,,55,15,step,2,Normal,,,,
1788585472062,2026-09-05 13:17:52,1463,38.12,38.098094020831354,55,2,1,Normal,OFF,55,,,55,15,step,2,Normal,,,,
1788585473064,2026-09-05 13:17:53,1463,38.12,38.098094020831354,55,2,1,Normal,OFF,55,,,55,15,step,2,Normal,,,,
1788585474066,2026-09-05 13:17:54,1465,38.07,38.098094020831354,55,2,1,Normal,OFF,55,,,55,15,step,2,Normal,,,,
1788585475067,2026-09-05 13:17:55,1464,38.10,38.098094020831354,55,2,1,Normal,OFF,55,,,55,15,step,2,Normal,,,,
1788585476067,2026-09-05 13:17:56,1464,38.10,38.098094020831354,55,2,1,Normal,OFF,55,,,55,15,step,2,Normal,,,,
1788585477069,2026-09-05 13:17:57,1459,38.22,38.098094020831354,55,2,1,Normal,OFF,55,,,55,15,step,2,Normal,,,,
1788585478070,2026-09-05 13:17:58,1463,38.12,38.098094020831354,55,2,1,Normal,OFF,55,,,55,15,step,2,Normal,,,,
1788585479071,2026-09-05 13:17:59,1464,38.10,38.098094020831354,55,2,1,Normal,OFF,55,,,55,15,step,2,Normal,,,,
1788585480073,2026-09-05 13:18:00,1462,38.15,38.098094020831354,55,2,1,Normal,OFF,55,,,55,15,step,2,Normal,,,,
1788585481073,2026-09-05 13:18:01,1463,38.12,38.169584769894925,55,2,1,Normal,OFF,55,,,55,15,step,2,Normal,,,,
1788585482075,2026-09-05 13:18:02,1462,38.15,38.169584769894925,55,2,1,Normal,OFF,55,,,55,15,step,2,Normal,,,,
1788585483077,2026-09-05 13:18:03,1463,38.12,38.169584769894925,55,2,1,Normal,OFF,55,,,55,15,step,2,Normal,,,,
1788585484078,2026-09-05 13:18:04,1461,38.17,38.169584769894925,55,2,1,Normal,OFF,55,,,55,15,step,2,Normal,,,,
1788585485078,2026-09-05 13:18:05,1461,38.17,38.169584769894925,55,2,1,Normal,OFF,55,,,55,15,step,2,Normal,,,,
1788585486079,2026-09-05 13:18:06,1463,38.12,38.169584769894925,55,2,1,Normal,OFF,55,,,55,15,step,2,Normal,,,,
1788585487081,2026-09-05 13:18:07,1461,38.17,38.169584769894925,55,2,1,Normal,OFF,55,,,55,15,step,2,Normal,,,,
1788585488083,2026-09-05 13:18:08,1461,38.17,38.169584769894925,55,2,1,Normal,OFF,55,,,55,15,step,2,Normal,,,,
1788585489083,2026-09-05 13:18:09,1461,38.17,38.169584769894925,55,2,1,Normal,OFF,55,,,55,15,step,2,Normal,,,,
1788585490085,2026-09-05 13:18:10,1461,38.17,38.169584769894925,55,2,1,Normal,OFF,55,,,55,15,step,2,Normal,,,,
1788585491086,2026-09-05 13:18:11,1462,38.15,38.169584769894925,55,2,1,Normal,OFF,55,,,55,15,step,2,Normal,,,,
1788585492086,2026-09-05 13:18:12,1464,38.10,38.169584769894925,55,2,1,Normal,OFF,55,,,55,15,step,2,Normal,,,,
1788585493087,2026-09-05 13:18:13,1463,38.12,38.169584769894925,55,2,1,Normal,OFF,55,,,55,15,step,2,Normal,,,,
1788585494089,2026-09-05 13:18:14,1461,38.17,38.169584769894925,55,2,1,Normal,OFF,55,,,55,15,step,2,Normal,,,,
1788585495090,2026-09-05 13:18:15,1462,38.15,38.169584769894925,55,2,1,Normal,OFF,55,,,55,15,step,2,Normal,,,,
1788585496090,2026-09-05 13:18:16,1461,38.17,38.169584769894925,55,2,1,Normal,OFF,55,,,55,15,step,2,Normal,,,,
1788585497091,2026-09-05 13:18:17,1459,38.22,38.169584769894925,55,2,1,Normal,OFF,55,,,55,15,step,2,Normal,,,,
1788585498092,2026-09-05 13:18:18,1461,38.17,38.169584769894925,55,2,1,Normal,OFF,55,,,55,15,step,2,Normal,,,,
1788585499094,2026-09-05 13:18:19,1463,38.12,38.169584769894925,55,2,1,Normal,OFF,55,,,55,15,step,2,Normal,,,,
1788585500095,2026-09-05 13:18:20,1462,38.15,38.169584769894925,55,2,1,Normal,OFF,55,,,55,15,step,2,Normal,,,,
1788585501096,2026-09-05 13:18:21,1458,38.24,38.169584769894925,55,2,1,Normal,OFF,55,,,55,15,step,2,Normal,,,,
1788585502098,2026-09-05 13:18:22,1467,38.03,38.169584769894925,55,2,1,Normal,OFF,55,,,55,15,step,2,Normal,,,,
1788585503099,2026-09-05 13:18:23,1461,38.17,38.169584769894925,55,2,1,Normal,OFF,55,,,55,15,step,2,Normal,,,,
1788585504101,2026-09-05 13:18:24,1460,38.19,38.169584769894925,55,2,1,Normal,OFF,55,,,55,15,step,2,Normal,,,,
1788585505102,2026-09-05 13:18:25,1461,38.17,38.169584769894925,55,2,1,Normal,OFF,55,,,55,15,step,2,Normal,,,,
1788585506103,2026-09-05 13:18:26,1462,38.15,38.169584769894925,55,2,1,Normal,OFF,55,,,55,15,step,2,Normal,,,,
1788585507105,2026-09-05 13:18:27,1459,38.22,38.169584769894925,55,2,1,Normal,OFF,55,,,55,15,step,2,Normal,,,,
1788585508106,2026-09-05 13:18:28,1455,38.31,38.169584769894925,55,2,1,Normal,OFF,55,,,55,15,step,2,Normal,,,,
1788585509106,2026-09-05 13:18:29,1460,38.19,38.169584769894925,55,2,1,Normal,OFF,55,,,55,15,step,2,Normal,,,,
1788585510106,2026-09-05 13:18:30,1459,38.22,38.169584769894925,55,2,1,Normal,OFF,55,,,55,15,step,2,Normal,,,,
1788585511108,2026-09-05 13:18:31,1462,38.15,38.14574362034335,55,2,1,Normal,OFF,55,,,55,15,step,2,Normal,,,,
1788585512108,2026-09-05 13:18:32,1459,38.22,38.14574362034335,55,2,1,Normal,OFF,55,,,55,15,step,2,Normal,,,,
1788585513109,2026-09-05 13:18:33,1459,38.22,38.14574362034335,55,2,1,Normal,OFF,55,,,55,15,step,2,Normal,,,,
1788585514110,2026-09-05 13:18:34,1461,38.17,38.14574362034335,55,2,1,Normal,OFF,55,,,55,15,step,2,Normal,,,,
1788585515111,2026-09-05 13:18:35,1459,38.22,38.14574362034335,55,2,1,Normal,OFF,55,,,55,15,step,2,Normal,,,,
1788585516112,2026-09-05 13:18:36,1461,38.17,38.14574362034335,55,2,1,Normal,OFF,55,,,55,15,step,2,Normal,,,,
1788585517112,2026-09-05 13:18:37,1458,38.24,38.14574362034335,55,2,1,Normal,OFF,55,,,55,15,step,2,Normal,,,,
1788585518113,2026-09-05 13:18:38,1459,38.22,38.14574362034335,55,2,1,Normal,OFF,55,,,55,15,step,2,Normal,,,,
1788585519115,2026-09-05 13:18:39,1459,38.22,38.14574362034335,55,2,1,Normal,OFF,55,,,55,15,step,2,Normal,,,,
1788585520116,2026-09-05 13:18:40,1460,38.19,38.14574362034335,55,2,1,Normal,OFF,55,,,55,15,step,2,Normal,,,,
1788585521116,2026-09-05 13:18:41,1459,38.22,38.14574362034335,55,2,1,Normal,OFF,55,,,55,15,step,2,Normal,,,,
1788585522117,2026-09-05 13:18:42,1461,38.17,38.14574362034335,55,2,1,Normal,OFF,55,,,55,15,step,2,Normal,,,,
1788585523117,2026-09-05 13:18:43,1461,38.17,38.14574362034335,55,2,1,Normal,OFF,55,,,55,15,step,2,Normal,,,,
1788585524119,2026-09-05 13:18:44,1454,38.34,38.14574362034335,55,2,1,Normal,OFF,55,,,55,15,step,2,Normal,,,,
1788585525120,2026-09-05 13:18:45,1461,38.17,38.14574362034335,55,2,1,Normal,OFF,55,,,55,15,step,2,Normal,,,,
1788585526121,2026-09-05 13:18:46,1457,38.27,38.21729987355371,55,2,1,Normal,OFF,55,,,55,15,step,2,Normal,,,,
1788585527122,2026-09-05 13:18:47,1458,38.24,38.21729987355371,55,2,1,Normal,OFF,55,,,55,15,step,2,Normal,,,,
1788585528122,2026-09-05 13:18:48,1458,38.24,38.21729987355371,55,2,1,Normal,OFF,55,,,55,15,step,2,Normal,,,,
1788585529124,2026-09-05 13:18:49,1459,38.22,38.21729987355371,55,2,1,Normal,OFF,55,,,55,15,step,2,Normal,,,,
1788585530124,2026-09-05 13:18:50,1461,38.17,38.21729987355371,55,2,1,Normal,OFF,55,,,55,15,step,2,Normal,,,,
1788585531125,2026-09-05 13:18:51,1456,38.29,38.21729987355371,55,2,1,Normal,OFF,55,,,55,15,step,2,Normal,,,,
1788585532127,2026-09-05 13:18:52,1459,38.22,38.21729987355371,55,2,1,Normal,OFF,55,,,55,15,step,2,Normal,,,,
1788585533127,2026-09-05 13:18:53,1458,38.24,38.21729987355371,55,2,1,Normal,OFF,55,,,55,15,step,2,Normal,,,,
1788585534129,2026-09-05 13:18:54,1458,38.24,38.21729987355371,55,2,1,Normal,OFF,55,,,55,15,step,2,Normal,,,,
1788585535129,2026-09-05 13:18:55,1458,38.24,38.21729987355371,55,2,1,Normal,OFF,55,,,55,15,step,2,Normal,,,,
1788585536131,2026-09-05 13:18:56,1458,38.24,38.21729987355371,55,2,1,Normal,OFF,55,,,55,15,step,2,Normal,,,,
1788585537131,2026-09-05 13:18:57,1457,38.27,38.21729987355371,55,2,1,Normal,OFF,55,,,55,15,step,2,Normal,,,,
1788585538132,2026-09-05 13:18:58,1459,38.22,38.21729987355371,55,2,1,Normal,OFF,55,,,55,15,step,2,Normal,,,,
1788585539134,2026-09-05 13:18:59,1458,38.24,38.21729987355371,55,2,1,Normal,OFF,55,,,55,15,step,2,Normal,,,,
1788585540135,2026-09-05 13:19:00,1457,38.27,38.21729987355371,55,2,1,Normal,OFF,55,,,55,15,step,2,Normal,,,,
1788585541135,2026-09-05 13:19:01,1457,38.27,38.26505885703881,55,2,1,Normal,OFF,55,,,55,15,step,2,Normal,,,,
1788585542136,2026-09-05 13:19:02,1458,38.24,38.26505885703881,55,2,1,Normal,OFF,55,,,55,15,step,2,Normal,,,,
1788585543138,2026-09-05 13:19:03,1459,38.22,38.26505885703881,55,2,1,Normal,OFF,55,,,55,15,step,2,Normal,,,,
1788585544139,2026-09-05 13:19:04,1457,38.27,38.26505885703881,55,2,1,Normal,OFF,55,,,55,15,step,2,Normal,,,,
1788585545139,2026-09-05 13:19:05,1458,38.24,38.26505885703881,55,2,1,Normal,OFF,55,,,55,15,step,2,Normal,,,,
1788585546141,2026-09-05 13:19:06,1460,38.19,38.26505885703881,55,2,1,Normal,OFF,55,,,55,15,step,2,Normal,,,,
1788585547141,2026-09-05 13:19:07,1457,38.27,38.26505885703881,55,2,1,Normal,OFF,55,,,55,15,step,2,Normal,,,,
1788585548141,2026-09-05 13:19:08,1456,38.29,38.26505885703881,55,2,1,Normal,OFF,55,,,55,15,step,2,Normal,,,,
1788585549143,2026-09-05 13:19:09,1458,38.24,38.26505885703881,55,2,1,Normal,OFF,55,,,55,15,step,2,Normal,,,,
1788585550143,2026-09-05 13:19:10,1458,38.24,38.26505885703881,55,2,1,Normal,OFF,55,,,55,15,step,2,Normal,,,,
1788585551144,2026-09-05 13:19:11,1459,38.22,38.26505885703881,55,2,1,Normal,OFF,50,50,DLPC temp UNAVAILABLE,50,16,step,2,Normal,step_end:settled;step_start duty=50 mode=Normal;dlpc_unavailable,,,unavailable
1788585552145,2026-09-05 13:19:12,1458,38.24,38.26505885703881,50,2,1,Normal,OFF,50,,,50,16,step,2,Normal,,,,
1788585553147,2026-09-05 13:19:13,1459,38.22,38.26505885703881,50,2,1,Normal,OFF,50,,,50,16,step,2,Normal,,,,
1788585554147,2026-09-05 13:19:14,1456,38.29,38.26505885703881,50,2,1,Normal,OFF,50,,,50,16,step,2,Normal,,,,
1788585555149,2026-09-05 13:19:15,1456,38.29,38.26505885703881,50,2,1,Normal,OFF,50,,,50,16,step,2,Normal,,,,
1788585556151,2026-09-05 13:19:16,1458,38.24,38.241173869766556,50,2,1,Normal,OFF,50,,,50,16,step,2,Normal,,,,
1788585557152,2026-09-05 13:19:17,1457,38.27,38.241173869766556,50,2,1,Normal,OFF,50,,,50,16,step,2,Normal,,,,
1788585558152,2026-09-05 13:19:18,1462,38.15,38.241173869766556,50,2,1,Normal,OFF,50,,,50,16,step,2,Normal,,,,
1788585559154,2026-09-05 13:19:19,1455,38.31,38.241173869766556,50,2,1,Normal,OFF,50,,,50,16,step,2,Normal,,,,
1788585560155,2026-09-05 13:19:20,1455,38.31,38.241173869766556,50,2,1,Normal,OFF,50,,,50,16,step,2,Normal,,,,
1788585561157,2026-09-05 13:19:21,1456,38.29,38.241173869766556,50,2,1,Normal,OFF,50,,,50,16,step,2,Normal,,,,
1788585562158,2026-09-05 13:19:22,1454,38.34,38.241173869766556,50,2,1,Normal,OFF,50,,,50,16,step,2,Normal,,,,
1788585563158,2026-09-05 13:19:23,1454,38.34,38.241173869766556,50,2,1,Normal,OFF,50,,,50,16,step,2,Normal,,,,
1788585564160,2026-09-05 13:19:24,1455,38.31,38.241173869766556,50,2,1,Normal,OFF,50,,,50,16,step,2,Normal,,,,
1788585565161,2026-09-05 13:19:25,1456,38.29,38.241173869766556,50,2,1,Normal,OFF,50,,,50,16,step,2,Normal,,,,
1788585566161,2026-09-05 13:19:26,1455,38.31,38.241173869766556,50,2,1,Normal,OFF,50,,,50,16,step,2,Normal,,,,
1788585567163,2026-09-05 13:19:27,1454,38.34,38.241173869766556,50,2,1,Normal,OFF,50,,,50,16,step,2,Normal,,,,
1788585568164,2026-09-05 13:19:28,1455,38.31,38.241173869766556,50,2,1,Normal,OFF,50,,,50,16,step,2,Normal,,,,
1788585569165,2026-09-05 13:19:29,1453,38.36,38.241173869766556,50,2,1,Normal,OFF,50,,,50,16,step,2,Normal,,,,
1788585570166,2026-09-05 13:19:30,1452,38.38,38.241173869766556,50,2,1,Normal,OFF,50,,,50,16,step,2,Normal,,,,
1788585571167,2026-09-05 13:19:31,1451,38.41,38.241173869766556,50,2,1,Normal,OFF,50,,,50,16,step,2,Normal,,,,
1788585572169,2026-09-05 13:19:32,1453,38.36,38.408600780324605,50,2,1,Normal,OFF,50,,,50,16,step,2,Normal,,,,
1788585573170,2026-09-05 13:19:33,1452,38.38,38.408600780324605,50,2,1,Normal,OFF,50,,,50,16,step,2,Normal,,,,
1788585574170,2026-09-05 13:19:34,1452,38.38,38.408600780324605,50,2,1,Normal,OFF,50,,,50,16,step,2,Normal,,,,
1788585575172,2026-09-05 13:19:35,1449,38.46,38.408600780324605,50,2,1,Normal,OFF,50,,,50,16,step,2,Normal,,,,
1788585576173,2026-09-05 13:19:36,1453,38.36,38.408600780324605,50,2,1,Normal,OFF,50,,,50,16,step,2,Normal,,,,
1788585577174,2026-09-05 13:19:37,1450,38.43,38.408600780324605,50,2,1,Normal,OFF,50,,,50,16,step,2,Normal,,,,
1788585578174,2026-09-05 13:19:38,1450,38.43,38.408600780324605,50,2,1,Normal,OFF,50,,,50,16,step,2,Normal,,,,
1788585579176,2026-09-05 13:19:39,1451,38.41,38.408600780324605,50,2,1,Normal,OFF,50,,,50,16,step,2,Normal,,,,
1788585580178,2026-09-05 13:19:40,1449,38.46,38.408600780324605,50,2,1,Normal,OFF,50,,,50,16,step,2,Normal,,,,
1788585581180,2026-09-05 13:19:41,1450,38.43,38.408600780324605,50,2,1,Normal,OFF,50,,,50,16,step,2,Normal,,,,
1788585582181,2026-09-05 13:19:42,1450,38.43,38.408600780324605,50,2,1,Normal,OFF,50,,,50,16,step,2,Normal,,,,
1788585583183,2026-09-05 13:19:43,1451,38.41,38.408600780324605,50,2,1,Normal,OFF,50,,,50,16,step,2,Normal,,,,
1788585584184,2026-09-05 13:19:44,1450,38.43,38.408600780324605,50,2,1,Normal,OFF,50,,,50,16,step,2,Normal,,,,
1788585585186,2026-09-05 13:19:45,1447,38.50,38.408600780324605,50,2,1,Normal,OFF,50,,,50,16,step,2,Normal,,,,
1788585586188,2026-09-05 13:19:46,1449,38.46,38.45653698023182,50,2,1,Normal,OFF,50,,,50,16,step,2,Normal,,,,
1788585587189,2026-09-05 13:19:47,1441,38.65,38.45653698023182,50,2,1,Normal,OFF,50,,,50,16,step,2,Normal,,,,
1788585588190,2026-09-05 13:19:48,1447,38.50,38.45653698023182,50,2,1,Normal,OFF,50,,,50,16,step,2,Normal,,,,
1788585589192,2026-09-05 13:19:49,1446,38.53,38.45653698023182,50,2,1,Normal,OFF,50,,,50,16,step,2,Normal,,,,
1788585590192,2026-09-05 13:19:50,1449,38.46,38.45653698023182,50,2,1,Normal,OFF,50,,,50,16,step,2,Normal,,,,
1788585591194,2026-09-05 13:19:51,1447,38.50,38.45653698023182,50,2,1,Normal,OFF,50,,,50,16,step,2,Normal,,,,
1788585592195,2026-09-05 13:19:52,1448,38.48,38.45653698023182,50,2,1,Normal,OFF,50,,,50,16,step,2,Normal,,,,
1788585593196,2026-09-05 13:19:53,1446,38.53,38.45653698023182,50,2,1,Normal,OFF,50,,,50,16,step,2,Normal,,,,
1788585594196,2026-09-05 13:19:54,1446,38.53,38.45653698023182,50,2,1,Normal,OFF,50,,,50,16,step,2,Normal,,,,
1788585595197,2026-09-05 13:19:55,1446,38.53,38.45653698023182,50,2,1,Normal,OFF,50,,,50,16,step,2,Normal,,,,
1788585596199,2026-09-05 13:19:56,1446,38.53,38.45653698023182,50,2,1,Normal,OFF,50,,,50,16,step,2,Normal,,,,
1788585597200,2026-09-05 13:19:57,1445,38.55,38.45653698023182,50,2,1,Normal,OFF,50,,,50,16,step,2,Normal,,,,
1788585598200,2026-09-05 13:19:58,1444,38.58,38.45653698023182,50,2,1,Normal,OFF,50,,,50,16,step,2,Normal,,,,
1788585599202,2026-09-05 13:19:59,1446,38.53,38.45653698023182,50,2,1,Normal,OFF,50,,,50,16,step,2,Normal,,,,
1788585600202,2026-09-05 13:20:00,1445,38.55,38.45653698023182,50,2,1,Normal,OFF,50,,,50,16,step,2,Normal,,,,
1788585601204,2026-09-05 13:20:01,1446,38.53,38.52852520575078,50,2,1,Normal,OFF,50,,,50,16,step,2,Normal,,,,
1788585602204,2026-09-05 13:20:02,1446,38.53,38.52852520575078,50,2,1,Normal,OFF,50,,,50,16,step,2,Normal,,,,
1788585603205,2026-09-05 13:20:03,1446,38.53,38.52852520575078,50,2,1,Normal,OFF,50,,,50,16,step,2,Normal,,,,
1788585604205,2026-09-05 13:20:04,1445,38.55,38.52852520575078,50,2,1,Normal,OFF,50,,,50,16,step,2,Normal,,,,
1788585605205,2026-09-05 13:20:05,1446,38.53,38.52852520575078,50,2,1,Normal,OFF,50,,,50,16,step,2,Normal,,,,
1788585606207,2026-09-05 13:20:06,1445,38.55,38.52852520575078,50,2,1,Normal,OFF,50,,,50,16,step,2,Normal,,,,
1788585607207,2026-09-05 13:20:07,1445,38.55,38.52852520575078,50,2,1,Normal,OFF,50,,,50,16,step,2,Normal,,,,
1788585608208,2026-09-05 13:20:08,1445,38.55,38.52852520575078,50,2,1,Normal,OFF,50,,,50,16,step,2,Normal,,,,
1788585609208,2026-09-05 13:20:09,1446,38.53,38.52852520575078,50,2,1,Normal,OFF,50,,,50,16,step,2,Normal,,,,
1788585610208,2026-09-05 13:20:10,1444,38.58,38.52852520575078,50,2,1,Normal,OFF,50,,,50,16,step,2,Normal,,,,
1788585611209,2026-09-05 13:20:11,1442,38.62,38.52852520575078,50,2,1,Normal,OFF,50,,,50,16,step,2,Normal,,,,
1788585612209,2026-09-05 13:20:12,1441,38.65,38.52852520575078,50,2,1,Normal,OFF,50,,,50,16,step,2,Normal,,,,
1788585613209,2026-09-05 13:20:13,1442,38.62,38.52852520575078,50,2,1,Normal,OFF,50,,,50,16,step,2,Normal,,,,
1788585614210,2026-09-05 13:20:14,1445,38.55,38.52852520575078,50,2,1,Normal,OFF,50,,,50,16,step,2,Normal,,,,
1788585615211,2026-09-05 13:20:15,1442,38.62,38.52852520575078,50,2,1,Normal,OFF,50,,,50,16,step,2,Normal,,,,
1788585616214,2026-09-05 13:20:16,1443,38.60,38.52852520575078,50,2,1,Normal,OFF,50,,,50,16,step,2,Normal,,,,
1788585617215,2026-09-05 13:20:17,1441,38.65,38.60061465980448,50,2,1,Normal,OFF,50,,,50,16,step,2,Normal,,,,
1788585618216,2026-09-05 13:20:18,1438,38.72,38.60061465980448,50,2,1,Normal,OFF,50,,,50,16,step,2,Normal,,,,
1788585619218,2026-09-05 13:20:19,1443,38.60,38.60061465980448,50,2,1,Normal,OFF,50,,,50,16,step,2,Normal,,,,
1788585620218,2026-09-05 13:20:20,1442,38.62,38.60061465980448,50,2,1,Normal,OFF,50,,,50,16,step,2,Normal,,,,
1788585621219,2026-09-05 13:20:21,1441,38.65,38.60061465980448,50,2,1,Normal,OFF,50,,,50,16,step,2,Normal,,,,
1788585622221,2026-09-05 13:20:22,1439,38.70,38.60061465980448,50,2,1,Normal,OFF,50,,,50,16,step,2,Normal,,,,
1788585623221,2026-09-05 13:20:23,1442,38.62,38.60061465980448,50,2,1,Normal,OFF,50,,,50,16,step,2,Normal,,,,
1788585624222,2026-09-05 13:20:24,1439,38.70,38.60061465980448,50,2,1,Normal,OFF,50,,,50,16,step,2,Normal,,,,
1788585625222,2026-09-05 13:20:25,1441,38.65,38.60061465980448,50,2,1,Normal,OFF,50,,,50,16,step,2,Normal,,,,
1788585626224,2026-09-05 13:20:26,1442,38.62,38.60061465980448,50,2,1,Normal,OFF,50,,,50,16,step,2,Normal,,,,
1788585627225,2026-09-05 13:20:27,1440,38.67,38.60061465980448,50,2,1,Normal,OFF,50,,,50,16,step,2,Normal,,,,
1788585628225,2026-09-05 13:20:28,1439,38.70,38.60061465980448,50,2,1,Normal,OFF,50,,,50,16,step,2,Normal,,,,
1788585629227,2026-09-05 13:20:29,1441,38.65,38.60061465980448,50,2,1,Normal,OFF,50,,,50,16,step,2,Normal,,,,
1788585630228,2026-09-05 13:20:30,1438,38.72,38.60061465980448,50,2,1,Normal,OFF,50,,,50,16,step,2,Normal,,,,
1788585631229,2026-09-05 13:20:31,1441,38.65,38.60061465980448,50,2,1,Normal,OFF,50,,,50,16,step,2,Normal,,,,
1788585632230,2026-09-05 13:20:32,1440,38.67,38.6487308229423,50,2,1,Normal,OFF,50,,,50,16,step,2,Normal,,,,
1788585633230,2026-09-05 13:20:33,1438,38.72,38.6487308229423,50,2,1,Normal,OFF,50,,,50,16,step,2,Normal,,,,
1788585634231,2026-09-05 13:20:34,1437,38.75,38.6487308229423,50,2,1,Normal,OFF,50,,,50,16,step,2,Normal,,,,
1788585635233,2026-09-05 13:20:35,1437,38.75,38.6487308229423,50,2,1,Normal,OFF,50,,,50,16,step,2,Normal,,,,
1788585636234,2026-09-05 13:20:36,1437,38.75,38.6487308229423,50,2,1,Normal,OFF,50,,,50,16,step,2,Normal,,,,
1788585637235,2026-09-05 13:20:37,1436,38.77,38.6487308229423,50,2,1,Normal,OFF,50,,,50,16,step,2,Normal,,,,
1788585638237,2026-09-05 13:20:38,1438,38.72,38.6487308229423,50,2,1,Normal,OFF,50,,,50,16,step,2,Normal,,,,
1788585639238,2026-09-05 13:20:39,1438,38.72,38.6487308229423,50,2,1,Normal,OFF,50,,,50,16,step,2,Normal,,,,
1788585640239,2026-09-05 13:20:40,1441,38.65,38.6487308229423,50,2,1,Normal,OFF,50,,,50,16,step,2,Normal,,,,
1788585641241,2026-09-05 13:20:41,1437,38.75,38.6487308229423,50,2,1,Normal,OFF,50,,,50,16,step,2,Normal,,,,
1788585642242,2026-09-05 13:20:42,1439,38.70,38.6487308229423,50,2,1,Normal,OFF,50,,,50,16,step,2,Normal,,,,
1788585643242,2026-09-05 13:20:43,1437,38.75,38.6487308229423,50,2,1,Normal,OFF,50,,,50,16,step,2,Normal,,,,
1788585644243,2026-09-05 13:20:44,1437,38.75,38.6487308229423,50,2,1,Normal,OFF,50,,,50,16,step,2,Normal,,,,
1788585645245,2026-09-05 13:20:45,1437,38.75,38.6487308229423,50,2,1,Normal,OFF,50,,,50,16,step,2,Normal,,,,
1788585646245,2026-09-05 13:20:46,1436,38.77,38.6487308229423,50,2,1,Normal,OFF,50,,,50,16,step,2,Normal,,,,
1788585647246,2026-09-05 13:20:47,1435,38.79,38.76922034812287,50,2,1,Normal,OFF,50,,,50,16,step,2,Normal,,,,
1788585648247,2026-09-05 13:20:48,1437,38.75,38.76922034812287,50,2,1,Normal,OFF,50,,,50,16,step,2,Normal,,,,
1788585649247,2026-09-05 13:20:49,1438,38.72,38.76922034812287,50,2,1,Normal,OFF,50,,,50,16,step,2,Normal,,,,
1788585650249,2026-09-05 13:20:50,1435,38.79,38.76922034812287,50,2,1,Normal,OFF,50,,,50,16,step,2,Normal,,,,
1788585651250,2026-09-05 13:20:51,1439,38.70,38.76922034812287,50,2,1,Normal,OFF,50,,,50,16,step,2,Normal,,,,
1788585652251,2026-09-05 13:20:52,1442,38.62,38.76922034812287,50,2,1,Normal,OFF,50,,,50,16,step,2,Normal,,,,
1788585653253,2026-09-05 13:20:53,1437,38.75,38.76922034812287,50,2,1,Normal,OFF,50,,,50,16,step,2,Normal,,,,
1788585654254,2026-09-05 13:20:54,1437,38.75,38.76922034812287,50,2,1,Normal,OFF,50,,,50,16,step,2,Normal,,,,
1788585655255,2026-09-05 13:20:55,1438,38.72,38.76922034812287,50,2,1,Normal,OFF,50,,,50,16,step,2,Normal,,,,
1788585656256,2026-09-05 13:20:56,1440,38.67,38.76922034812287,50,2,1,Normal,OFF,50,,,50,16,step,2,Normal,,,,
1788585657257,2026-09-05 13:20:57,1444,38.58,38.76922034812287,50,2,1,Normal,OFF,50,,,50,16,step,2,Normal,,,,
1788585658258,2026-09-05 13:20:58,1435,38.79,38.76922034812287,50,2,1,Normal,OFF,50,,,50,16,step,2,Normal,,,,
1788585659259,2026-09-05 13:20:59,1436,38.77,38.76922034812287,50,2,1,Normal,OFF,50,,,50,16,step,2,Normal,,,,
1788585660261,2026-09-05 13:21:00,1435,38.79,38.76922034812287,50,2,1,Normal,OFF,50,,,50,16,step,2,Normal,,,,
1788585661262,2026-09-05 13:21:01,1431,38.89,38.76922034812287,50,2,1,Normal,OFF,50,,,50,16,step,2,Normal,,,,
1788585662263,2026-09-05 13:21:02,1436,38.77,38.889996524002925,50,2,1,Normal,OFF,50,,,50,16,step,2,Normal,,,,
1788585663263,2026-09-05 13:21:03,1435,38.79,38.889996524002925,50,2,1,Normal,OFF,50,,,50,16,step,2,Normal,,,,
1788585664264,2026-09-05 13:21:04,1435,38.79,38.889996524002925,50,2,1,Normal,OFF,50,,,50,16,step,2,Normal,,,,
1788585665266,2026-09-05 13:21:05,1435,38.79,38.889996524002925,50,2,1,Normal,OFF,50,,,50,16,step,2,Normal,,,,
1788585666267,2026-09-05 13:21:06,1434,38.82,38.889996524002925,50,2,1,Normal,OFF,50,,,50,16,step,2,Normal,,,,
1788585667269,2026-09-05 13:21:07,1432,38.87,38.889996524002925,50,2,1,Normal,OFF,50,,,50,16,step,2,Normal,,,,
1788585668270,2026-09-05 13:21:08,1435,38.79,38.889996524002925,50,2,1,Normal,OFF,50,,,50,16,step,2,Normal,,,,
1788585669271,2026-09-05 13:21:09,1434,38.82,38.889996524002925,50,2,1,Normal,OFF,50,,,50,16,step,2,Normal,,,,
1788585670273,2026-09-05 13:21:10,1434,38.82,38.889996524002925,50,2,1,Normal,OFF,50,,,50,16,step,2,Normal,,,,
1788585671274,2026-09-05 13:21:11,1433,38.84,38.889996524002925,50,2,1,Normal,OFF,50,,,50,16,step,2,Normal,,,,
1788585672276,2026-09-05 13:21:12,1434,38.82,38.889996524002925,50,2,1,Normal,OFF,50,,,50,16,step,2,Normal,,,,
1788585673277,2026-09-05 13:21:13,1436,38.77,38.889996524002925,50,2,1,Normal,OFF,50,,,50,16,step,2,Normal,,,,
1788585674278,2026-09-05 13:21:14,1434,38.82,38.889996524002925,50,2,1,Normal,OFF,50,,,50,16,step,2,Normal,,,,
1788585675279,2026-09-05 13:21:15,1435,38.79,38.889996524002925,50,2,1,Normal,OFF,50,,,50,16,step,2,Normal,,,,
1788585676280,2026-09-05 13:21:16,1437,38.75,38.889996524002925,50,2,1,Normal,OFF,50,,,50,16,step,2,Normal,,,,
1788585677280,2026-09-05 13:21:17,1436,38.77,38.7450995991822,50,2,1,Normal,OFF,50,,,50,16,step,2,Normal,,,,
1788585678281,2026-09-05 13:21:18,1433,38.84,38.7450995991822,50,2,1,Normal,OFF,50,,,50,16,step,2,Normal,,,,
1788585679283,2026-09-05 13:21:19,1432,38.87,38.7450995991822,50,2,1,Normal,OFF,50,,,50,16,step,2,Normal,,,,
1788585680284,2026-09-05 13:21:20,1434,38.82,38.7450995991822,50,2,1,Normal,OFF,50,,,50,16,step,2,Normal,,,,
1788585681285,2026-09-05 13:21:21,1435,38.79,38.7450995991822,50,2,1,Normal,OFF,50,,,50,16,step,2,Normal,,,,
1788585682286,2026-09-05 13:21:22,1434,38.82,38.7450995991822,50,2,1,Normal,OFF,50,,,50,16,step,2,Normal,,,,
1788585683286,2026-09-05 13:21:23,1431,38.89,38.7450995991822,50,2,1,Normal,OFF,50,,,50,16,step,2,Normal,,,,
1788585684288,2026-09-05 13:21:24,1433,38.84,38.7450995991822,50,2,1,Normal,OFF,50,,,50,16,step,2,Normal,,,,
1788585685288,2026-09-05 13:21:25,1434,38.82,38.7450995991822,50,2,1,Normal,OFF,50,,,50,16,step,2,Normal,,,,
1788585686290,2026-09-05 13:21:26,1433,38.84,38.7450995991822,50,2,1,Normal,OFF,50,,,50,16,step,2,Normal,,,,
1788585687291,2026-09-05 13:21:27,1436,38.77,38.7450995991822,50,2,1,Normal,OFF,50,,,50,16,step,2,Normal,,,,
1788585688292,2026-09-05 13:21:28,1431,38.89,38.7450995991822,50,2,1,Normal,OFF,50,,,50,16,step,2,Normal,,,,
1788585689293,2026-09-05 13:21:29,1431,38.89,38.7450995991822,50,2,1,Normal,OFF,50,,,50,16,step,2,Normal,,,,
1788585690294,2026-09-05 13:21:30,1433,38.84,38.7450995991822,50,2,1,Normal,OFF,50,,,50,16,step,2,Normal,,,,
1788585691296,2026-09-05 13:21:31,1430,38.91,38.7450995991822,50,2,1,Normal,OFF,50,,,50,16,step,2,Normal,,,,
1788585692297,2026-09-05 13:21:32,1435,38.79,38.91418640051023,50,2,1,Normal,OFF,50,,,50,16,step,2,Normal,,,,
1788585693298,2026-09-05 13:21:33,1431,38.89,38.91418640051023,50,2,1,Normal,OFF,50,,,50,16,step,2,Normal,,,,
1788585694298,2026-09-05 13:21:34,1431,38.89,38.91418640051023,50,2,1,Normal,OFF,50,,,50,16,step,2,Normal,,,,
1788585695300,2026-09-05 13:21:35,1432,38.87,38.91418640051023,50,2,1,Normal,OFF,50,,,50,16,step,2,Normal,,,,
1788585696300,2026-09-05 13:21:36,1431,38.89,38.91418640051023,50,2,1,Normal,OFF,50,,,50,16,step,2,Normal,,,,
1788585697302,2026-09-05 13:21:37,1430,38.91,38.91418640051023,50,2,1,Normal,OFF,50,,,50,16,step,2,Normal,,,,
1788585698303,2026-09-05 13:21:38,1433,38.84,38.91418640051023,50,2,1,Normal,OFF,50,,,50,16,step,2,Normal,,,,
1788585699304,2026-09-05 13:21:39,1432,38.87,38.91418640051023,50,2,1,Normal,OFF,50,,,50,16,step,2,Normal,,,,
1788585700305,2026-09-05 13:21:40,1431,38.89,38.91418640051023,50,2,1,Normal,OFF,50,,,50,16,step,2,Normal,,,,
1788585701306,2026-09-05 13:21:41,1430,38.91,38.91418640051023,50,2,1,Normal,OFF,50,,,50,16,step,2,Normal,,,,
1788585702306,2026-09-05 13:21:42,1433,38.84,38.91418640051023,50,2,1,Normal,OFF,50,,,50,16,step,2,Normal,,,,
1788585703308,2026-09-05 13:21:43,1435,38.79,38.91418640051023,50,2,1,Normal,OFF,50,,,50,16,step,2,Normal,,,,
1788585704310,2026-09-05 13:21:44,1431,38.89,38.91418640051023,50,2,1,Normal,OFF,50,,,50,16,step,2,Normal,,,,
1788585705311,2026-09-05 13:21:45,1430,38.91,38.91418640051023,50,2,1,Normal,OFF,50,,,50,16,step,2,Normal,,,,
1788585706313,2026-09-05 13:21:46,1432,38.87,38.91418640051023,50,2,1,Normal,OFF,50,,,50,16,step,2,Normal,,,,
1788585707314,2026-09-05 13:21:47,1433,38.84,38.86581822422045,50,2,1,Normal,OFF,50,,,50,16,step,2,Normal,,,,
1788585708314,2026-09-05 13:21:48,1430,38.91,38.86581822422045,50,2,1,Normal,OFF,50,,,50,16,step,2,Normal,,,,
1788585709315,2026-09-05 13:21:49,1429,38.94,38.86581822422045,50,2,1,Normal,OFF,50,,,50,16,step,2,Normal,,,,
1788585710317,2026-09-05 13:21:50,1431,38.89,38.86581822422045,50,2,1,Normal,OFF,50,,,50,16,step,2,Normal,,,,
1788585711318,2026-09-05 13:21:51,1430,38.91,38.86581822422045,50,2,1,Normal,OFF,50,,,50,16,step,2,Normal,,,,
1788585712319,2026-09-05 13:21:52,1430,38.91,38.86581822422045,50,2,1,Normal,OFF,50,,,50,16,step,2,Normal,,,,
1788585713320,2026-09-05 13:21:53,1430,38.91,38.86581822422045,50,2,1,Normal,OFF,50,,,50,16,step,2,Normal,,,,
1788585714322,2026-09-05 13:21:54,1432,38.87,38.86581822422045,50,2,1,Normal,OFF,50,,,50,16,step,2,Normal,,,,
1788585715323,2026-09-05 13:21:55,1429,38.94,38.86581822422045,50,2,1,Normal,OFF,50,,,50,16,step,2,Normal,,,,
1788585716325,2026-09-05 13:21:56,1429,38.94,38.86581822422045,50,2,1,Normal,OFF,50,,,50,16,step,2,Normal,,,,
1788585717326,2026-09-05 13:21:57,1430,38.91,38.86581822422045,50,2,1,Normal,OFF,50,,,50,16,step,2,Normal,,,,
1788585718327,2026-09-05 13:21:58,1431,38.89,38.86581822422045,50,2,1,Normal,OFF,50,,,50,16,step,2,Normal,,,,
1788585719329,2026-09-05 13:21:59,1430,38.91,38.86581822422045,50,2,1,Normal,OFF,50,,,50,16,step,2,Normal,,,,
1788585720330,2026-09-05 13:22:00,1431,38.89,38.86581822422045,50,2,1,Normal,OFF,50,,,50,16,step,2,Normal,,,,
1788585721331,2026-09-05 13:22:01,1430,38.91,38.86581822422045,50,2,1,Normal,OFF,50,,,50,16,step,2,Normal,,,,
1788585722333,2026-09-05 13:22:02,1432,38.87,38.91418640051023,50,2,1,Normal,OFF,50,,,50,16,step,2,Normal,,,,
1788585723334,2026-09-05 13:22:03,1427,38.99,38.91418640051023,50,2,1,Normal,OFF,50,,,50,16,step,2,Normal,,,,
1788585724335,2026-09-05 13:22:04,1430,38.91,38.91418640051023,50,2,1,Normal,OFF,50,,,50,16,step,2,Normal,,,,
1788585725336,2026-09-05 13:22:05,1430,38.91,38.91418640051023,50,2,1,Normal,OFF,50,,,50,16,step,2,Normal,,,,
1788585726338,2026-09-05 13:22:06,1430,38.91,38.91418640051023,50,2,1,Normal,OFF,50,,,50,16,step,2,Normal,,,,
1788585727339,2026-09-05 13:22:07,1432,38.87,38.91418640051023,50,2,1,Normal,OFF,50,,,50,16,step,2,Normal,,,,
1788585728340,2026-09-05 13:22:08,1429,38.94,38.91418640051023,50,2,1,Normal,OFF,50,,,50,16,step,2,Normal,,,,
1788585729342,2026-09-05 13:22:09,1428,38.96,38.91418640051023,50,2,1,Normal,OFF,50,,,50,16,step,2,Normal,,,,
1788585730343,2026-09-05 13:22:10,1429,38.94,38.91418640051023,50,2,1,Normal,OFF,50,,,50,16,step,2,Normal,,,,
1788585731345,2026-09-05 13:22:11,1430,38.91,38.91418640051023,50,2,1,Normal,OFF,45,45,DLPC temp UNAVAILABLE,45,17,step,2,Normal,step_end:settled;step_start duty=45 mode=Normal;dlpc_unavailable,,,unavailable
1788585732345,2026-09-05 13:22:12,1428,38.96,38.91418640051023,45,2,1,Normal,OFF,45,,,45,17,step,2,Normal,,,,
1788585733347,2026-09-05 13:22:13,1427,38.99,38.91418640051023,45,2,1,Normal,OFF,45,,,45,17,step,2,Normal,,,,
1788585734347,2026-09-05 13:22:14,1431,38.89,38.91418640051023,45,2,1,Normal,OFF,45,,,45,17,step,2,Normal,,,,
1788585735349,2026-09-05 13:22:15,1428,38.96,38.91418640051023,45,2,1,Normal,OFF,45,,,45,17,step,2,Normal,,,,
1788585736350,2026-09-05 13:22:16,1429,38.94,38.91418640051023,45,2,1,Normal,OFF,45,,,45,17,step,2,Normal,,,,
1788585737351,2026-09-05 13:22:17,1428,38.96,38.93838787602954,45,2,1,Normal,OFF,45,,,45,17,step,2,Normal,,,,
1788585738353,2026-09-05 13:22:18,1428,38.96,38.93838787602954,45,2,1,Normal,OFF,45,,,45,17,step,2,Normal,,,,
1788585739354,2026-09-05 13:22:19,1428,38.96,38.93838787602954,45,2,1,Normal,OFF,45,,,45,17,step,2,Normal,,,,
1788585740354,2026-09-05 13:22:20,1429,38.94,38.93838787602954,45,2,1,Normal,OFF,45,,,45,17,step,2,Normal,,,,
1788585741355,2026-09-05 13:22:21,1426,39.01,38.93838787602954,45,2,1,Normal,OFF,45,,,45,17,step,2,Normal,,,,
1788585742357,2026-09-05 13:22:22,1426,39.01,38.93838787602954,45,2,1,Normal,OFF,45,,,45,17,step,2,Normal,,,,
1788585743358,2026-09-05 13:22:23,1426,39.01,38.93838787602954,45,2,1,Normal,OFF,45,,,45,17,step,2,Normal,,,,
1788585744359,2026-09-05 13:22:24,1427,38.99,38.93838787602954,45,2,1,Normal,OFF,45,,,45,17,step,2,Normal,,,,
1788585745359,2026-09-05 13:22:25,1425,39.04,38.93838787602954,45,2,1,Normal,OFF,45,,,45,17,step,2,Normal,,,,
1788585746360,2026-09-05 13:22:26,1423,39.08,38.93838787602954,45,2,1,Normal,OFF,45,,,45,17,step,2,Normal,,,,
1788585747360,2026-09-05 13:22:27,1423,39.08,38.93838787602954,45,2,1,Normal,OFF,45,,,45,17,step,2,Normal,,,,
1788585748360,2026-09-05 13:22:28,1423,39.08,38.93838787602954,45,2,1,Normal,OFF,45,,,45,17,step,2,Normal,,,,
1788585749360,2026-09-05 13:22:29,1422,39.11,38.93838787602954,45,2,1,Normal,OFF,45,,,45,17,step,2,Normal,,,,
1788585750362,2026-09-05 13:22:30,1422,39.11,38.93838787602954,45,2,1,Normal,OFF,45,,,45,17,step,2,Normal,,,,
1788585751362,2026-09-05 13:22:31,1423,39.08,38.93838787602954,45,2,1,Normal,OFF,45,,,45,17,step,2,Normal,,,,
1788585752363,2026-09-05 13:22:32,1423,39.08,39.083841562018506,48,2,1,Normal,OFF,45,45,foreign_write 48 reassert(was 48),45,17,step,2,Normal,foreign_write:48,,,
1788585753365,2026-09-05 13:22:33,1421,39.13,39.083841562018506,45,2,1,Normal,OFF,45,,,45,17,step,2,Normal,,,,
1788585754365,2026-09-05 13:22:34,1422,39.11,39.083841562018506,45,2,1,Normal,OFF,45,,,45,17,step,2,Normal,,,,
1788585755367,2026-09-05 13:22:35,1423,39.08,39.083841562018506,45,2,1,Normal,OFF,45,,,45,17,step,2,Normal,,,,
1788585756367,2026-09-05 13:22:36,1424,39.06,39.083841562018506,45,2,1,Normal,OFF,45,,,45,17,step,2,Normal,,,,
1788585757369,2026-09-05 13:22:37,1421,39.13,39.083841562018506,45,2,1,Normal,OFF,45,,,45,17,step,2,Normal,,,,
1788585758370,2026-09-05 13:22:38,1420,39.16,39.083841562018506,45,2,1,Normal,OFF,45,,,45,17,step,2,Normal,,,,
1788585759370,2026-09-05 13:22:39,1421,39.13,39.083841562018506,45,2,1,Normal,OFF,45,,,45,17,step,2,Normal,,,,
1788585760371,2026-09-05 13:22:40,1422,39.11,39.083841562018506,45,2,1,Normal,OFF,45,,,45,17,step,2,Normal,,,,
1788585761372,2026-09-05 13:22:41,1422,39.11,39.083841562018506,45,2,1,Normal,OFF,45,,,45,17,step,2,Normal,,,,
1788585762373,2026-09-05 13:22:42,1417,39.23,39.083841562018506,45,2,1,Normal,OFF,45,,,45,17,step,2,Normal,,,,
1788585763374,2026-09-05 13:22:43,1419,39.18,39.083841562018506,45,2,1,Normal,OFF,45,,,45,17,step,2,Normal,,,,
1788585764374,2026-09-05 13:22:44,1419,39.18,39.083841562018506,45,2,1,Normal,OFF,45,,,45,17,step,2,Normal,,,,
1788585765375,2026-09-05 13:22:45,1419,39.18,39.083841562018506,45,2,1,Normal,OFF,45,,,45,17,step,2,Normal,,,,
1788585766375,2026-09-05 13:22:46,1420,39.16,39.083841562018506,45,2,1,Normal,OFF,45,,,45,17,step,2,Normal,,,,
1788585767376,2026-09-05 13:22:47,1419,39.18,39.15672681043009,45,2,1,Normal,OFF,45,,,45,17,step,2,Normal,,,,
1788585768376,2026-09-05 13:22:48,1419,39.18,39.15672681043009,45,2,1,Normal,OFF,45,,,45,17,step,2,Normal,,,,
1788585769377,2026-09-05 13:22:49,1417,39.23,39.15672681043009,45,2,1,Normal,OFF,45,,,45,17,step,2,Normal,,,,
1788585770379,2026-09-05 13:22:50,1416,39.25,39.15672681043009,45,2,1,Normal,OFF,45,,,45,17,step,2,Normal,,,,
1788585771379,2026-09-05 13:22:51,1417,39.23,39.15672681043009,45,2,1,Normal,OFF,45,,,45,17,step,2,Normal,,,,
1788585772380,2026-09-05 13:22:52,1417,39.23,39.15672681043009,45,2,1,Normal,OFF,45,,,45,17,step,2,Normal,,,,
1788585773381,2026-09-05 13:22:53,1418,39.21,39.15672681043009,45,2,1,Normal,OFF,45,,,45,17,step,2,Normal,,,,
1788585774383,2026-09-05 13:22:54,1420,39.16,39.15672681043009,45,2,1,Normal,OFF,45,,,45,17,step,2,Normal,,,,
1788585775383,2026-09-05 13:22:55,1420,39.16,39.15672681043009,45,2,1,Normal,OFF,45,,,45,17,step,2,Normal,,,,
1788585776385,2026-09-05 13:22:56,1406,39.50,39.15672681043009,45,2,1,Normal,OFF,45,,,45,17,step,2,Normal,,,,
1788585777386,2026-09-05 13:22:57,1420,39.16,39.15672681043009,45,2,1,Normal,OFF,45,,,45,17,step,2,Normal,,,,
1788585778387,2026-09-05 13:22:58,1416,39.25,39.15672681043009,45,2,1,Normal,OFF,45,,,45,17,step,2,Normal,,,,
1788585779387,2026-09-05 13:22:59,1415,39.28,39.15672681043009,45,2,1,Normal,OFF,45,,,45,17,step,2,Normal,,,,
1788585780388,2026-09-05 13:23:00,1416,39.25,39.15672681043009,45,2,1,Normal,OFF,45,,,45,17,step,2,Normal,,,,
1788585781389,2026-09-05 13:23:01,1413,39.33,39.15672681043009,45,2,1,Normal,OFF,45,,,45,17,step,2,Normal,,,,
1788585782390,2026-09-05 13:23:02,1417,39.23,39.32720730778124,45,2,1,Normal,OFF,45,,,45,17,step,2,Normal,,,,
1788585783390,2026-09-05 13:23:03,1415,39.28,39.32720730778124,45,2,1,Normal,OFF,45,,,45,17,step,2,Normal,,,,
1788585784391,2026-09-05 13:23:04,1415,39.28,39.32720730778124,45,2,1,Normal,OFF,45,,,45,17,step,2,Normal,,,,
1788585785392,2026-09-05 13:23:05,1413,39.33,39.32720730778124,45,2,1,Normal,OFF,45,,,45,17,step,2,Normal,,,,
1788585786394,2026-09-05 13:23:06,1415,39.28,39.32720730778124,45,2,1,Normal,OFF,45,,,45,17,step,2,Normal,,,,
1788585787394,2026-09-05 13:23:07,1415,39.28,39.32720730778124,45,2,1,Normal,OFF,45,,,45,17,step,2,Normal,,,,
1788585788394,2026-09-05 13:23:08,1413,39.33,39.32720730778124,45,2,1,Normal,OFF,45,,,45,17,step,2,Normal,,,,
1788585789395,2026-09-05 13:23:09,1413,39.33,39.32720730778124,45,2,1,Normal,OFF,45,,,45,17,step,2,Normal,,,,
1788585790395,2026-09-05 13:23:10,1412,39.35,39.32720730778124,45,2,1,Normal,OFF,45,,,45,17,step,2,Normal,,,,
1788585791396,2026-09-05 13:23:11,1413,39.33,39.32720730778124,45,2,1,Normal,OFF,45,,,45,17,step,2,Normal,,,,
1788585792397,2026-09-05 13:23:12,1414,39.30,39.32720730778124,45,2,1,Normal,OFF,45,,,45,17,step,2,Normal,,,,
1788585793398,2026-09-05 13:23:13,1414,39.30,39.32720730778124,45,2,1,Normal,OFF,45,,,45,17,step,2,Normal,,,,
1788585794399,2026-09-05 13:23:14,1410,39.40,39.32720730778124,45,2,1,Normal,OFF,45,,,45,17,step,2,Normal,,,,
1788585795400,2026-09-05 13:23:15,1412,39.35,39.32720730778124,45,2,1,Normal,OFF,45,,,45,17,step,2,Normal,,,,
1788585796401,2026-09-05 13:23:16,1413,39.33,39.32720730778124,45,2,1,Normal,OFF,45,,,45,17,step,2,Normal,,,,
1788585797401,2026-09-05 13:23:17,1413,39.33,39.32720730778124,45,2,1,Normal,OFF,45,,,45,17,step,2,Normal,,,,
1788585798401,2026-09-05 13:23:18,1410,39.40,39.32720730778124,45,2,1,Normal,OFF,45,,,45,17,step,2,Normal,,,,
1788585799401,2026-09-05 13:23:19,1407,39.47,39.32720730778124,45,2,1,Normal,OFF,45,,,45,17,step,2,Normal,,,,
1788585800402,2026-09-05 13:23:20,1417,39.23,39.32720730778124,45,2,1,Normal,OFF,45,,,45,17,step,2,Normal,,,,
1788585801402,2026-09-05 13:23:21,1408,39.45,39.32720730778124,45,2,1,Normal,OFF,45,,,45,17,step,2,Normal,,,,
1788585802404,2026-09-05 13:23:22,1410,39.40,39.32720730778124,45,2,1,Normal,OFF,45,,,45,17,step,2,Normal,,,,
1788585803404,2026-09-05 13:23:23,1409,39.42,39.32720730778124,45,2,1,Normal,OFF,45,,,45,17,step,2,Normal,,,,
1788585804404,2026-09-05 13:23:24,1413,39.33,39.32720730778124,45,2,1,Normal,OFF,45,,,45,17,step,2,Normal,,,,
1788585805406,2026-09-05 13:23:25,1413,39.33,39.32720730778124,45,2,1,Normal,OFF,45,,,45,17,step,2,Normal,,,,
1788585806408,2026-09-05 13:23:26,1410,39.40,39.32720730778124,45,2,1,Normal,OFF,45,,,45,17,step,2,Normal,,,,
1788585807408,2026-09-05 13:23:27,1410,39.40,39.32720730778124,45,2,1,Normal,OFF,45,,,45,17,step,2,Normal,,,,
1788585808410,2026-09-05 13:23:28,1409,39.42,39.32720730778124,45,2,1,Normal,OFF,45,,,45,17,step,2,Normal,,,,
1788585809410,2026-09-05 13:23:29,1411,39.38,39.32720730778124,45,2,1,Normal,OFF,45,,,45,17,step,2,Normal,,,,
1788585810410,2026-09-05 13:23:30,1410,39.40,39.32720730778124,45,2,1,Normal,OFF,45,,,45,17,step,2,Normal,,,,
1788585811412,2026-09-05 13:23:31,1404,39.55,39.32720730778124,45,2,1,Normal,OFF,45,,,45,17,step,2,Normal,,,,
1788585812412,2026-09-05 13:23:32,1410,39.40,39.54726054385179,45,2,1,Normal,OFF,45,,,45,17,step,2,Normal,,,,
1788585813414,2026-09-05 13:23:33,1409,39.42,39.54726054385179,45,2,1,Normal,OFF,45,,,45,17,step,2,Normal,,,,
1788585814414,2026-09-05 13:23:34,1409,39.42,39.54726054385179,45,2,1,Normal,OFF,45,,,45,17,step,2,Normal,,,,
1788585815415,2026-09-05 13:23:35,1409,39.42,39.54726054385179,45,2,1,Normal,OFF,45,,,45,17,step,2,Normal,,,,
1788585816416,2026-09-05 13:23:36,1408,39.45,39.54726054385179,45,2,1,Normal,OFF,45,,,45,17,step,2,Normal,,,,
1788585817418,2026-09-05 13:23:37,1407,39.47,39.54726054385179,45,2,1,Normal,OFF,45,,,45,17,step,2,Normal,,,,
1788585818420,2026-09-05 13:23:38,1409,39.42,39.54726054385179,45,2,1,Normal,OFF,45,,,45,17,step,2,Normal,,,,
1788585819422,2026-09-05 13:23:39,1406,39.50,39.54726054385179,45,2,1,Normal,OFF,45,,,45,17,step,2,Normal,,,,
1788585820423,2026-09-05 13:23:40,1405,39.52,39.54726054385179,45,2,1,Normal,OFF,45,,,45,17,step,2,Normal,,,,
1788585821423,2026-09-05 13:23:41,1410,39.40,39.54726054385179,45,2,1,Normal,OFF,45,,,45,17,step,2,Normal,,,,
1788585822425,2026-09-05 13:23:42,1409,39.42,39.54726054385179,45,2,1,Normal,OFF,45,,,45,17,step,2,Normal,,,,
1788585823425,2026-09-05 13:23:43,1405,39.52,39.54726054385179,45,2,1,Normal,OFF,45,,,45,17,step,2,Normal,,,,
1788585824425,2026-09-05 13:23:44,1406,39.50,39.54726054385179,45,2,1,Normal,OFF,45,,,45,17,step,2,Normal,,,,
1788585825426,2026-09-05 13:23:45,1404,39.55,39.54726054385179,45,2,1,Normal,OFF,45,,,45,17,step,2,Normal,,,,
1788585826428,2026-09-05 13:23:46,1409,39.42,39.54726054385179,45,2,1,Normal,OFF,45,,,45,17,step,2,Normal,,,,
1788585827428,2026-09-05 13:23:47,1405,39.52,39.424887893918424,45,2,1,Normal,OFF,45,,,45,17,step,2,Normal,,,,
1788585828429,2026-09-05 13:23:48,1405,39.52,39.424887893918424,45,2,1,Normal,OFF,45,,,45,17,step,2,Normal,,,,
1788585829431,2026-09-05 13:23:49,1404,39.55,39.424887893918424,45,2,1,Normal,OFF,45,,,45,17,step,2,Normal,,,,
1788585830431,2026-09-05 13:23:50,1405,39.52,39.424887893918424,45,2,1,Normal,OFF,45,,,45,17,step,2,Normal,,,,
1788585831432,2026-09-05 13:23:51,1404,39.55,39.424887893918424,45,2,1,Normal,OFF,45,,,45,17,step,2,Normal,,,,
1788585832432,2026-09-05 13:23:52,1404,39.55,39.424887893918424,45,2,1,Normal,OFF,45,,,45,17,step,2,Normal,,,,
1788585833432,2026-09-05 13:23:53,1406,39.50,39.424887893918424,45,2,1,Normal,OFF,45,,,45,17,step,2,Normal,,,,
1788585834432,2026-09-05 13:23:54,1405,39.52,39.424887893918424,45,2,1,Normal,OFF,45,,,45,17,step,2,Normal,,,,
1788585835432,2026-09-05 13:23:55,1404,39.55,39.424887893918424,45,2,1,Normal,OFF,45,,,45,17,step,2,Normal,,,,
1788585836432,2026-09-05 13:23:56,1404,39.55,39.424887893918424,45,2,1,Normal,OFF,45,,,45,17,step,2,Normal,,,,
1788585837434,2026-09-05 13:23:57,1404,39.55,39.424887893918424,45,2,1,Normal,OFF,45,,,45,17,step,2,Normal,,,,
1788585838434,2026-09-05 13:23:58,1402,39.60,39.424887893918424,45,2,1,Normal,OFF,45,,,45,17,step,2,Normal,,,,
1788585839435,2026-09-05 13:23:59,1403,39.57,39.424887893918424,45,2,1,Normal,OFF,45,,,45,17,step,2,Normal,,,,
1788585840437,2026-09-05 13:24:00,1405,39.52,39.424887893918424,45,2,1,Normal,OFF,45,,,45,17,step,2,Normal,,,,
1788585841437,2026-09-05 13:24:01,1401,39.62,39.424887893918424,45,2,1,Normal,OFF,45,,,45,17,step,2,Normal,,,,
1788585842439,2026-09-05 13:24:02,1404,39.55,39.62083027792255,45,2,1,Normal,OFF,45,,,45,17,step,2,Normal,,,,
1788585843440,2026-09-05 13:24:03,1403,39.57,39.62083027792255,45,2,1,Normal,OFF,45,,,45,17,step,2,Normal,,,,
1788585844440,2026-09-05 13:24:04,1403,39.57,39.62083027792255,45,2,1,Normal,OFF,45,,,45,17,step,2,Normal,,,,
1788585845442,2026-09-05 13:24:05,1402,39.60,39.62083027792255,45,2,1,Normal,OFF,45,,,45,17,step,2,Normal,,,,
1788585846443,2026-09-05 13:24:06,1404,39.55,39.62083027792255,45,2,1,Normal,OFF,45,,,45,17,step,2,Normal,,,,
1788585847443,2026-09-05 13:24:07,1406,39.50,39.62083027792255,45,2,1,Normal,OFF,45,,,45,17,step,2,Normal,,,,
1788585848444,2026-09-05 13:24:08,1403,39.57,39.62083027792255,45,2,1,Normal,OFF,45,,,45,17,step,2,Normal,,,,
1788585849445,2026-09-05 13:24:09,1400,39.65,39.62083027792255,45,2,1,Normal,OFF,45,,,45,17,step,2,Normal,,,,
1788585850447,2026-09-05 13:24:10,1401,39.62,39.62083027792255,45,2,1,Normal,OFF,45,,,45,17,step,2,Normal,,,,
1788585851448,2026-09-05 13:24:11,1401,39.62,39.62083027792255,45,2,1,Normal,OFF,45,,,45,17,step,2,Normal,,,,
1788585852450,2026-09-05 13:24:12,1401,39.62,39.62083027792255,45,2,1,Normal,OFF,45,,,45,17,step,2,Normal,,,,
1788585853452,2026-09-05 13:24:13,1402,39.60,39.62083027792255,45,2,1,Normal,OFF,45,,,45,17,step,2,Normal,,,,
1788585854453,2026-09-05 13:24:14,1401,39.62,39.62083027792255,45,2,1,Normal,OFF,45,,,45,17,step,2,Normal,,,,
1788585855454,2026-09-05 13:24:15,1402,39.60,39.62083027792255,45,2,1,Normal,OFF,45,,,45,17,step,2,Normal,,,,
1788585856455,2026-09-05 13:24:16,1408,39.45,39.62083027792255,45,2,1,Normal,OFF,45,,,45,17,step,2,Normal,,,,
1788585857456,2026-09-05 13:24:17,1400,39.65,39.44933817586957,45,2,1,Normal,OFF,45,,,45,17,step,2,Normal,,,,
1788585858457,2026-09-05 13:24:18,1399,39.67,39.44933817586957,45,2,1,Normal,OFF,45,,,45,17,step,2,Normal,,,,
1788585859458,2026-09-05 13:24:19,1401,39.62,39.44933817586957,45,2,1,Normal,OFF,45,,,45,17,step,2,Normal,,,,
1788585860459,2026-09-05 13:24:20,1392,39.84,39.44933817586957,45,2,1,Normal,OFF,45,,,45,17,step,2,Normal,,,,
1788585861459,2026-09-05 13:24:21,1399,39.67,39.44933817586957,45,2,1,Normal,OFF,45,,,45,17,step,2,Normal,,,,
1788585862460,2026-09-05 13:24:22,1402,39.60,39.44933817586957,45,2,1,Normal,OFF,45,,,45,17,step,2,Normal,,,,
1788585863461,2026-09-05 13:24:23,1400,39.65,39.44933817586957,45,2,1,Normal,OFF,45,,,45,17,step,2,Normal,,,,
1788585864461,2026-09-05 13:24:24,1401,39.62,39.44933817586957,45,2,1,Normal,OFF,45,,,45,17,step,2,Normal,,,,
1788585865463,2026-09-05 13:24:25,1400,39.65,39.44933817586957,45,2,1,Normal,OFF,45,,,45,17,step,2,Normal,,,,
1788585866465,2026-09-05 13:24:26,1399,39.67,39.44933817586957,45,2,1,Normal,OFF,45,,,45,17,step,2,Normal,,,,
1788585867467,2026-09-05 13:24:27,1397,39.72,39.44933817586957,45,2,1,Normal,OFF,45,,,45,17,step,2,Normal,,,,
1788585868468,2026-09-05 13:24:28,1401,39.62,39.44933817586957,45,2,1,Normal,OFF,45,,,45,17,step,2,Normal,,,,
1788585869468,2026-09-05 13:24:29,1402,39.60,39.44933817586957,45,2,1,Normal,OFF,45,,,45,17,step,2,Normal,,,,
1788585870468,2026-09-05 13:24:30,1398,39.69,39.44933817586957,45,2,1,Normal,OFF,45,,,45,17,step,2,Normal,,,,
1788585871469,2026-09-05 13:24:31,1400,39.65,39.44933817586957,45,2,1,Normal,OFF,45,,,45,17,step,2,Normal,,,,
1788585872471,2026-09-05 13:24:32,1399,39.67,39.6453780210835,45,2,1,Normal,OFF,45,,,45,17,step,2,Normal,,,,
1788585873471,2026-09-05 13:24:33,1400,39.65,39.6453780210835,45,2,1,Normal,OFF,45,,,45,17,step,2,Normal,,,,
1788585874472,2026-09-05 13:24:34,1402,39.60,39.6453780210835,45,2,1,Normal,OFF,45,,,45,17,step,2,Normal,,,,
1788585875473,2026-09-05 13:24:35,1399,39.67,39.6453780210835,45,2,1,Normal,OFF,45,,,45,17,step,2,Normal,,,,
1788585876475,2026-09-05 13:24:36,1396,39.74,39.6453780210835,45,2,1,Normal,OFF,45,,,45,17,step,2,Normal,,,,
1788585877475,2026-09-05 13:24:37,1397,39.72,39.6453780210835,45,2,1,Normal,OFF,45,,,45,17,step,2,Normal,,,,
1788585878477,2026-09-05 13:24:38,1398,39.69,39.6453780210835,45,2,1,Normal,OFF,45,,,45,17,step,2,Normal,,,,
1788585879477,2026-09-05 13:24:39,1398,39.69,39.6453780210835,45,2,1,Normal,OFF,45,,,45,17,step,2,Normal,,,,
1788585880478,2026-09-05 13:24:40,1400,39.65,39.6453780210835,45,2,1,Normal,OFF,45,,,45,17,step,2,Normal,,,,
1788585881479,2026-09-05 13:24:41,1399,39.67,39.6453780210835,45,2,1,Normal,OFF,45,,,45,17,step,2,Normal,,,,
1788585882480,2026-09-05 13:24:42,1400,39.65,39.6453780210835,45,2,1,Normal,OFF,45,,,45,17,step,2,Normal,,,,
1788585883481,2026-09-05 13:24:43,1397,39.72,39.6453780210835,45,2,1,Normal,OFF,45,,,45,17,step,2,Normal,,,,
1788585884483,2026-09-05 13:24:44,1401,39.62,39.6453780210835,45,2,1,Normal,OFF,45,,,45,17,step,2,Normal,,,,
1788585885483,2026-09-05 13:24:45,1398,39.69,39.6453780210835,45,2,1,Normal,OFF,45,,,45,17,step,2,Normal,,,,
1788585886484,2026-09-05 13:24:46,1396,39.74,39.6453780210835,45,2,1,Normal,OFF,45,,,45,17,step,2,Normal,,,,
1788585887486,2026-09-05 13:24:47,1399,39.67,39.743692117419755,45,2,1,Normal,OFF,45,,,45,17,step,2,Normal,,,,
1788585888487,2026-09-05 13:24:48,1397,39.72,39.743692117419755,45,2,1,Normal,OFF,45,,,45,17,step,2,Normal,,,,
1788585889489,2026-09-05 13:24:49,1397,39.72,39.743692117419755,45,2,1,Normal,OFF,45,,,45,17,step,2,Normal,,,,
1788585890490,2026-09-05 13:24:50,1399,39.67,39.743692117419755,45,2,1,Normal,OFF,45,,,45,17,step,2,Normal,,,,
1788585891491,2026-09-05 13:24:51,1399,39.67,39.743692117419755,45,2,1,Normal,OFF,45,,,45,17,step,2,Normal,,,,
1788585892491,2026-09-05 13:24:52,1398,39.69,39.743692117419755,45,2,1,Normal,OFF,45,,,45,17,step,2,Normal,,,,
1788585893492,2026-09-05 13:24:53,1397,39.72,39.743692117419755,45,2,1,Normal,OFF,45,,,45,17,step,2,Normal,,,,
1788585894492,2026-09-05 13:24:54,1397,39.72,39.743692117419755,45,2,1,Normal,OFF,45,,,45,17,step,2,Normal,,,,
1788585895492,2026-09-05 13:24:55,1399,39.67,39.743692117419755,45,2,1,Normal,OFF,45,,,45,17,step,2,Normal,,,,
1788585896493,2026-09-05 13:24:56,1397,39.72,39.743692117419755,45,2,1,Normal,OFF,45,,,45,17,step,2,Normal,,,,
1788585897493,2026-09-05 13:24:57,1395,39.77,39.743692117419755,45,2,1,Normal,OFF,45,,,45,17,step,2,Normal,,,,
1788585898494,2026-09-05 13:24:58,1396,39.74,39.743692117419755,45,2,1,Normal,OFF,45,,,45,17,step,2,Normal,,,,
1788585899494,2026-09-05 13:24:59,1398,39.69,39.743692117419755,45,2,1,Normal,OFF,45,,,45,17,step,2,Normal,,,,
1788585900495,2026-09-05 13:25:00,1395,39.77,39.743692117419755,45,2,1,Normal,OFF,45,,,45,17,step,2,Normal,,,,
1788585901496,2026-09-05 13:25:01,1394,39.79,39.743692117419755,45,2,1,Normal,OFF,45,,,45,17,step,2,Normal,,,,
1788585902497,2026-09-05 13:25:02,1387,39.97,39.792923372945666,45,2,1,Normal,OFF,45,,,45,17,step,2,Normal,,,,
1788585903497,2026-09-05 13:25:03,1394,39.79,39.792923372945666,45,2,1,Normal,OFF,45,,,45,17,step,2,Normal,,,,
1788585904499,2026-09-05 13:25:04,1398,39.69,39.792923372945666,45,2,1,Normal,OFF,45,,,45,17,step,2,Normal,,,,
1788585905499,2026-09-05 13:25:05,1395,39.77,39.792923372945666,45,2,1,Normal,OFF,45,,,45,17,step,2,Normal,,,,
1788585906500,2026-09-05 13:25:06,1396,39.74,39.792923372945666,45,2,1,Normal,OFF,45,,,45,17,step,2,Normal,,,,
1788585907500,2026-09-05 13:25:07,1394,39.79,39.792923372945666,45,2,1,Normal,OFF,45,,,45,17,step,2,Normal,,,,
1788585908500,2026-09-05 13:25:08,1395,39.77,39.792923372945666,45,2,1,Normal,OFF,45,,,45,17,step,2,Normal,,,,
1788585909500,2026-09-05 13:25:09,1395,39.77,39.792923372945666,45,2,1,Normal,OFF,45,,,45,17,step,2,Normal,,,,
1788585910502,2026-09-05 13:25:10,1396,39.74,39.792923372945666,45,2,1,Normal,OFF,45,,,45,17,step,2,Normal,,,,
1788585911503,2026-09-05 13:25:11,1395,39.77,39.792923372945666,45,2,1,Normal,OFF,40,40,DLPC temp UNAVAILABLE,40,18,step,2,Normal,step_end:settled;step_start duty=40 mode=Normal;dlpc_unavailable,,,unavailable
1788585912504,2026-09-05 13:25:12,1394,39.79,39.792923372945666,40,2,1,Normal,OFF,40,,,40,18,step,2,Normal,,,,
1788585913505,2026-09-05 13:25:13,1396,39.74,39.792923372945666,40,2,1,Normal,OFF,40,,,40,18,step,2,Normal,,,,
1788585914507,2026-09-05 13:25:14,1395,39.77,39.792923372945666,40,2,1,Normal,OFF,40,,,40,18,step,2,Normal,,,,
1788585915507,2026-09-05 13:25:15,1397,39.72,39.792923372945666,40,2,1,Normal,OFF,40,,,40,18,step,2,Normal,,,,
1788585916509,2026-09-05 13:25:16,1393,39.82,39.792923372945666,40,2,1,Normal,OFF,40,,,40,18,step,2,Normal,,,,
1788585917509,2026-09-05 13:25:17,1396,39.74,39.817557636173774,40,2,1,Normal,OFF,40,,,40,18,step,2,Normal,,,,
1788585918511,2026-09-05 13:25:18,1394,39.79,39.817557636173774,40,2,1,Normal,OFF,40,,,40,18,step,2,Normal,,,,
1788585919512,2026-09-05 13:25:19,1394,39.79,39.817557636173774,40,2,1,Normal,OFF,40,,,40,18,step,2,Normal,,,,
1788585920513,2026-09-05 13:25:20,1391,39.87,39.817557636173774,40,2,1,Normal,OFF,40,,,40,18,step,2,Normal,,,,
1788585921515,2026-09-05 13:25:21,1393,39.82,39.817557636173774,40,2,1,Normal,OFF,40,,,40,18,step,2,Normal,,,,
1788585922517,2026-09-05 13:25:22,1391,39.87,39.817557636173774,40,2,1,Normal,OFF,40,,,40,18,step,2,Normal,,,,
1788585923518,2026-09-05 13:25:23,1392,39.84,39.817557636173774,40,2,1,Normal,OFF,40,,,40,18,step,2,Normal,,,,
1788585924519,2026-09-05 13:25:24,1390,39.89,39.817557636173774,40,2,1,Normal,OFF,40,,,40,18,step,2,Normal,,,,
1788585925520,2026-09-05 13:25:25,1393,39.82,39.817557636173774,40,2,1,Normal,OFF,40,,,40,18,step,2,Normal,,,,
1788585926521,2026-09-05 13:25:26,1390,39.89,39.817557636173774,40,2,1,Normal,OFF,40,,,40,18,step,2,Normal,,,,
1788585927523,2026-09-05 13:25:27,1391,39.87,39.817557636173774,40,2,1,Normal,OFF,40,,,40,18,step,2,Normal,,,,
1788585928525,2026-09-05 13:25:28,1390,39.89,39.817557636173774,40,2,1,Normal,OFF,40,,,40,18,step,2,Normal,,,,
1788585929527,2026-09-05 13:25:29,1393,39.82,39.817557636173774,40,2,1,Normal,OFF,40,,,40,18,step,2,Normal,,,,
1788585930528,2026-09-05 13:25:30,1390,39.89,39.817557636173774,40,2,1,Normal,OFF,40,,,40,18,step,2,Normal,,,,
1788585931528,2026-09-05 13:25:31,1388,39.94,39.817557636173774,40,2,1,Normal,OFF,40,,,40,18,step,2,Normal,,,,
1788585932530,2026-09-05 13:25:32,1390,39.89,39.940916268568344,40,2,1,Normal,OFF,40,,,40,18,step,2,Normal,,,,
1788585933531,2026-09-05 13:25:33,1389,39.92,39.940916268568344,40,2,1,Normal,OFF,40,,,40,18,step,2,Normal,,,,
1788585934531,2026-09-05 13:25:34,1389,39.92,39.940916268568344,40,2,1,Normal,OFF,40,,,40,18,step,2,Normal,,,,
1788585935533,2026-09-05 13:25:35,1388,39.94,39.940916268568344,40,2,1,Normal,OFF,40,,,40,18,step,2,Normal,,,,
1788585936534,2026-09-05 13:25:36,1387,39.97,39.940916268568344,40,2,1,Normal,OFF,40,,,40,18,step,2,Normal,,,,
1788585937535,2026-09-05 13:25:37,1385,40.02,39.940916268568344,40,2,1,Normal,OFF,40,,,40,18,step,2,Normal,,,,
1788585938536,2026-09-05 13:25:38,1387,39.97,39.940916268568344,40,2,1,Normal,OFF,40,,,40,18,step,2,Normal,,,,
1788585939537,2026-09-05 13:25:39,1385,40.02,39.940916268568344,40,2,1,Normal,OFF,40,,,40,18,step,2,Normal,,,,
1788585940538,2026-09-05 13:25:40,1386,39.99,39.940916268568344,40,2,1,Normal,OFF,40,,,40,18,step,2,Normal,,,,
1788585941539,2026-09-05 13:25:41,1385,40.02,39.940916268568344,40,2,1,Normal,OFF,40,,,40,18,step,2,Normal,,,,
1788585942539,2026-09-05 13:25:42,1386,39.99,39.940916268568344,40,2,1,Normal,OFF,40,,,40,18,step,2,Normal,,,,
1788585943540,2026-09-05 13:25:43,1385,40.02,39.940916268568344,40,2,1,Normal,OFF,40,,,40,18,step,2,Normal,,,,
1788585944542,2026-09-05 13:25:44,1383,40.06,39.940916268568344,40,2,1,Normal,OFF,40,,,40,18,step,2,Normal,,,,
1788585945544,2026-09-05 13:25:45,1382,40.09,39.940916268568344,40,2,1,Normal,OFF,40,,,40,18,step,2,Normal,,,,
1788585946545,2026-09-05 13:25:46,1381,40.11,39.940916268568344,40,2,1,Normal,OFF,40,,,40,18,step,2,Normal,,,,
1788585947545,2026-09-05 13:25:47,1383,40.06,40.11414724856161,48,2,1,Normal,OFF,40,40,foreign_write 48 reassert(was 48),40,18,step,2,Normal,foreign_write:48,,,
1788585948546,2026-09-05 13:25:48,1382,40.09,40.11414724856161,40,2,1,Normal,OFF,40,,,40,18,step,2,Normal,,,,
1788585949547,2026-09-05 13:25:49,1382,40.09,40.11414724856161,40,2,1,Normal,OFF,40,,,40,18,step,2,Normal,,,,
1788585950549,2026-09-05 13:25:50,1382,40.09,40.11414724856161,40,2,1,Normal,OFF,40,,,40,18,step,2,Normal,,,,
1788585951549,2026-09-05 13:25:51,1382,40.09,40.11414724856161,40,2,1,Normal,OFF,40,,,40,18,step,2,Normal,,,,
1788585952549,2026-09-05 13:25:52,1383,40.06,40.11414724856161,40,2,1,Normal,OFF,40,,,40,18,step,2,Normal,,,,
1788585953551,2026-09-05 13:25:53,1381,40.11,40.11414724856161,40,2,1,Normal,OFF,40,,,40,18,step,2,Normal,,,,
1788585954552,2026-09-05 13:25:54,1383,40.06,40.11414724856161,40,2,1,Normal,OFF,40,,,40,18,step,2,Normal,,,,
1788585955553,2026-09-05 13:25:55,1382,40.09,40.11414724856161,40,2,1,Normal,OFF,40,,,40,18,step,2,Normal,,,,
1788585956555,2026-09-05 13:25:56,1382,40.09,40.11414724856161,40,2,1,Normal,OFF,40,,,40,18,step,2,Normal,,,,
1788585957556,2026-09-05 13:25:57,1381,40.11,40.11414724856161,40,2,1,Normal,OFF,40,,,40,18,step,2,Normal,,,,
1788585958557,2026-09-05 13:25:58,1377,40.21,40.11414724856161,40,2,1,Normal,OFF,40,,,40,18,step,2,Normal,,,,
1788585959558,2026-09-05 13:25:59,1380,40.14,40.11414724856161,40,2,1,Normal,OFF,40,,,40,18,step,2,Normal,,,,
1788585960559,2026-09-05 13:26:00,1378,40.19,40.11414724856161,40,2,1,Normal,OFF,40,,,40,18,step,2,Normal,,,,
1788585961560,2026-09-05 13:26:01,1380,40.14,40.11414724856161,40,2,1,Normal,OFF,40,,,40,18,step,2,Normal,,,,
1788585962561,2026-09-05 13:26:02,1379,40.16,40.1389453252915,40,2,1,Normal,OFF,40,,,40,18,step,2,Normal,,,,
1788585963561,2026-09-05 13:26:03,1380,40.14,40.1389453252915,40,2,1,Normal,OFF,40,,,40,18,step,2,Normal,,,,
1788585964562,2026-09-05 13:26:04,1380,40.14,40.1389453252915,40,2,1,Normal,OFF,40,,,40,18,step,2,Normal,,,,
1788585965563,2026-09-05 13:26:05,1378,40.19,40.1389453252915,40,2,1,Normal,OFF,40,,,40,18,step,2,Normal,,,,
1788585966563,2026-09-05 13:26:06,1377,40.21,40.1389453252915,40,2,1,Normal,OFF,40,,,40,18,step,2,Normal,,,,
1788585967565,2026-09-05 13:26:07,1378,40.19,40.1389453252915,40,2,1,Normal,OFF,40,,,40,18,step,2,Normal,,,,
1788585968565,2026-09-05 13:26:08,1378,40.19,40.1389453252915,40,2,1,Normal,OFF,40,,,40,18,step,2,Normal,,,,
1788585969567,2026-09-05 13:26:09,1379,40.16,40.1389453252915,40,2,1,Normal,OFF,40,,,40,18,step,2,Normal,,,,
1788585970569,2026-09-05 13:26:10,1377,40.21,40.1389453252915,40,2,1,Normal,OFF,40,,,40,18,step,2,Normal,,,,
1788585971570,2026-09-05 13:26:11,1371,40.36,40.1389453252915,40,2,1,Normal,OFF,40,,,40,18,step,2,Normal,,,,
1788585972571,2026-09-05 13:26:12,1377,40.21,40.1389453252915,40,2,1,Normal,OFF,40,,,40,18,step,2,Normal,,,,
1788585973572,2026-09-05 13:26:13,1378,40.19,40.1389453252915,40,2,1,Normal,OFF,40,,,40,18,step,2,Normal,,,,
1788585974572,2026-09-05 13:26:14,1377,40.21,40.1389453252915,40,2,1,Normal,OFF,40,,,40,18,step,2,Normal,,,,
1788585975574,2026-09-05 13:26:15,1373,40.31,40.1389453252915,40,2,1,Normal,OFF,40,,,40,18,step,2,Normal,,,,
1788585976575,2026-09-05 13:26:16,1375,40.26,40.1389453252915,40,2,1,Normal,OFF,40,,,40,18,step,2,Normal,,,,
1788585977575,2026-09-05 13:26:17,1377,40.21,40.26312778687702,40,2,1,Normal,OFF,40,,,40,18,step,2,Normal,,,,
1788585978576,2026-09-05 13:26:18,1377,40.21,40.26312778687702,40,2,1,Normal,OFF,40,,,40,18,step,2,Normal,,,,
1788585979578,2026-09-05 13:26:19,1373,40.31,40.26312778687702,40,2,1,Normal,OFF,40,,,40,18,step,2,Normal,,,,
1788585980579,2026-09-05 13:26:20,1372,40.34,40.26312778687702,40,2,1,Normal,OFF,40,,,40,18,step,2,Normal,,,,
1788585981579,2026-09-05 13:26:21,1374,40.29,40.26312778687702,40,2,1,Normal,OFF,40,,,40,18,step,2,Normal,,,,
1788585982581,2026-09-05 13:26:22,1372,40.34,40.26312778687702,40,2,1,Normal,OFF,40,,,40,18,step,2,Normal,,,,
1788585983581,2026-09-05 13:26:23,1374,40.29,40.26312778687702,40,2,1,Normal,OFF,40,,,40,18,step,2,Normal,,,,
1788585984583,2026-09-05 13:26:24,1372,40.34,40.26312778687702,40,2,1,Normal,OFF,40,,,40,18,step,2,Normal,,,,
1788585985583,2026-09-05 13:26:25,1374,40.29,40.26312778687702,40,2,1,Normal,OFF,40,,,40,18,step,2,Normal,,,,
1788585986585,2026-09-05 13:26:26,1373,40.31,40.26312778687702,40,2,1,Normal,OFF,40,,,40,18,step,2,Normal,,,,
1788585987586,2026-09-05 13:26:27,1374,40.29,40.26312778687702,40,2,1,Normal,OFF,40,,,40,18,step,2,Normal,,,,
1788585988587,2026-09-05 13:26:28,1373,40.31,40.26312778687702,40,2,1,Normal,OFF,40,,,40,18,step,2,Normal,,,,
1788585989587,2026-09-05 13:26:29,1372,40.34,40.26312778687702,40,2,1,Normal,OFF,40,,,40,18,step,2,Normal,,,,
1788585990588,2026-09-05 13:26:30,1370,40.39,40.26312778687702,40,2,1,Normal,OFF,40,,,40,18,step,2,Normal,,,,
1788585991590,2026-09-05 13:26:31,1371,40.36,40.26312778687702,40,2,1,Normal,OFF,40,,,40,18,step,2,Normal,,,,
1788585992592,2026-09-05 13:26:32,1373,40.31,40.387632657262316,40,2,1,Normal,OFF,40,,,40,18,step,2,Normal,,,,
1788585993592,2026-09-05 13:26:33,1373,40.31,40.387632657262316,40,2,1,Normal,OFF,40,,,40,18,step,2,Normal,,,,
1788585994593,2026-09-05 13:26:34,1369,40.41,40.387632657262316,40,2,1,Normal,OFF,40,,,40,18,step,2,Normal,,,,
1788585995593,2026-09-05 13:26:35,1373,40.31,40.387632657262316,40,2,1,Normal,OFF,40,,,40,18,step,2,Normal,,,,
1788585996595,2026-09-05 13:26:36,1370,40.39,40.387632657262316,40,2,1,Normal,OFF,40,,,40,18,step,2,Normal,,,,
1788585997596,2026-09-05 13:26:37,1372,40.34,40.387632657262316,40,2,1,Normal,OFF,40,,,40,18,step,2,Normal,,,,
1788585998597,2026-09-05 13:26:38,1369,40.41,40.387632657262316,40,2,1,Normal,OFF,40,,,40,18,step,2,Normal,,,,
1788585999598,2026-09-05 13:26:39,1371,40.36,40.387632657262316,40,2,1,Normal,OFF,40,,,40,18,step,2,Normal,,,,
1788586000598,2026-09-05 13:26:40,1370,40.39,40.387632657262316,40,2,1,Normal,OFF,40,,,40,18,step,2,Normal,,,,
1788586001598,2026-09-05 13:26:41,1371,40.36,40.387632657262316,40,2,1,Normal,OFF,40,,,40,18,step,2,Normal,,,,
1788586002599,2026-09-05 13:26:42,1371,40.36,40.387632657262316,40,2,1,Normal,OFF,40,,,40,18,step,2,Normal,,,,
1788586003599,2026-09-05 13:26:43,1366,40.49,40.387632657262316,40,2,1,Normal,OFF,40,,,40,18,step,2,Normal,,,,
1788586004601,2026-09-05 13:26:44,1367,40.46,40.387632657262316,40,2,1,Normal,OFF,40,,,40,18,step,2,Normal,,,,
1788586005602,2026-09-05 13:26:45,1369,40.41,40.387632657262316,40,2,1,Normal,OFF,40,,,40,18,step,2,Normal,,,,
1788586006602,2026-09-05 13:26:46,1368,40.44,40.387632657262316,40,2,1,Normal,OFF,40,,,40,18,step,2,Normal,,,,
1788586007603,2026-09-05 13:26:47,1369,40.41,40.43752558072214,40,2,1,Normal,OFF,40,,,40,18,step,2,Normal,,,,
1788586008604,2026-09-05 13:26:48,1370,40.39,40.43752558072214,40,2,1,Normal,OFF,40,,,40,18,step,2,Normal,,,,
1788586009607,2026-09-05 13:26:49,1368,40.44,40.43752558072214,40,2,1,Normal,OFF,40,,,40,18,step,2,Normal,,,,
1788586010609,2026-09-05 13:26:50,1367,40.46,40.43752558072214,40,2,1,Normal,OFF,40,,,40,18,step,2,Normal,,,,
1788586011609,2026-09-05 13:26:51,1371,40.36,40.43752558072214,40,2,1,Normal,OFF,40,,,40,18,step,2,Normal,,,,
1788586012609,2026-09-05 13:26:52,1367,40.46,40.43752558072214,40,2,1,Normal,OFF,40,,,40,18,step,2,Normal,,,,
1788586013611,2026-09-05 13:26:53,1367,40.46,40.43752558072214,40,2,1,Normal,OFF,40,,,40,18,step,2,Normal,,,,
1788586014611,2026-09-05 13:26:54,1367,40.46,40.43752558072214,40,2,1,Normal,OFF,40,,,40,18,step,2,Normal,,,,
1788586015613,2026-09-05 13:26:55,1367,40.46,40.43752558072214,40,2,1,Normal,OFF,40,,,40,18,step,2,Normal,,,,
1788586016613,2026-09-05 13:26:56,1368,40.44,40.43752558072214,40,2,1,Normal,OFF,40,,,40,18,step,2,Normal,,,,
1788586017614,2026-09-05 13:26:57,1369,40.41,40.43752558072214,40,2,1,Normal,OFF,40,,,40,18,step,2,Normal,,,,
1788586018614,2026-09-05 13:26:58,1365,40.51,40.43752558072214,40,2,1,Normal,OFF,40,,,40,18,step,2,Normal,,,,
1788586019616,2026-09-05 13:26:59,1366,40.49,40.43752558072214,40,2,1,Normal,OFF,40,,,40,18,step,2,Normal,,,,
1788586020616,2026-09-05 13:27:00,1366,40.49,40.43752558072214,40,2,1,Normal,OFF,40,,,40,18,step,2,Normal,,,,
1788586021617,2026-09-05 13:27:01,1368,40.44,40.43752558072214,40,2,1,Normal,OFF,40,,,40,18,step,2,Normal,,,,
1788586022618,2026-09-05 13:27:02,1368,40.44,40.46249163796381,40,2,1,Normal,OFF,40,,,40,18,step,2,Normal,,,,
1788586023619,2026-09-05 13:27:03,1365,40.51,40.46249163796381,40,2,1,Normal,OFF,40,,,40,18,step,2,Normal,,,,
1788586024620,2026-09-05 13:27:04,1366,40.49,40.46249163796381,40,2,1,Normal,OFF,40,,,40,18,step,2,Normal,,,,
1788586025621,2026-09-05 13:27:05,1364,40.54,40.46249163796381,40,2,1,Normal,OFF,40,,,40,18,step,2,Normal,,,,
1788586026621,2026-09-05 13:27:06,1365,40.51,40.46249163796381,40,2,1,Normal,OFF,40,,,40,18,step,2,Normal,,,,
1788586027622,2026-09-05 13:27:07,1365,40.51,40.46249163796381,40,2,1,Normal,OFF,40,,,40,18,step,2,Normal,,,,
1788586028623,2026-09-05 13:27:08,1366,40.49,40.46249163796381,40,2,1,Normal,OFF,40,,,40,18,step,2,Normal,,,,
1788586029625,2026-09-05 13:27:09,1365,40.51,40.46249163796381,40,2,1,Normal,OFF,40,,,40,18,step,2,Normal,,,,
1788586030625,2026-09-05 13:27:10,1365,40.51,40.46249163796381,40,2,1,Normal,OFF,40,,,40,18,step,2,Normal,,,,
1788586031626,2026-09-05 13:27:11,1352,40.84,40.46249163796381,40,2,1,Normal,OFF,40,,,40,18,step,2,Normal,,,,
1788586032627,2026-09-05 13:27:12,1363,40.56,40.46249163796381,40,2,1,Normal,OFF,40,,,40,18,step,2,Normal,,,,
1788586033627,2026-09-05 13:27:13,1363,40.56,40.46249163796381,40,2,1,Normal,OFF,40,,,40,18,step,2,Normal,,,,
1788586034629,2026-09-05 13:27:14,1364,40.54,40.46249163796381,40,2,1,Normal,OFF,40,,,40,18,step,2,Normal,,,,
1788586035629,2026-09-05 13:27:15,1366,40.49,40.46249163796381,40,2,1,Normal,OFF,40,,,40,18,step,2,Normal,,,,
1788586036630,2026-09-05 13:27:16,1363,40.56,40.46249163796381,40,2,1,Normal,OFF,40,,,40,18,step,2,Normal,,,,
1788586037632,2026-09-05 13:27:17,1363,40.56,40.56248709541262,40,2,1,Normal,OFF,40,,,40,18,step,2,Normal,,,,
1788586038632,2026-09-05 13:27:18,1363,40.56,40.56248709541262,40,2,1,Normal,OFF,40,,,40,18,step,2,Normal,,,,
1788586039632,2026-09-05 13:27:19,1362,40.59,40.56248709541262,40,2,1,Normal,OFF,40,,,40,18,step,2,Normal,,,,
1788586040633,2026-09-05 13:27:20,1364,40.54,40.56248709541262,40,2,1,Normal,OFF,40,,,40,18,step,2,Normal,,,,
1788586041634,2026-09-05 13:27:21,1362,40.59,40.56248709541262,40,2,1,Normal,OFF,40,,,40,18,step,2,Normal,,,,
1788586042634,2026-09-05 13:27:22,1364,40.54,40.56248709541262,40,2,1,Normal,OFF,40,,,40,18,step,2,Normal,,,,
1788586043635,2026-09-05 13:27:23,1364,40.54,40.56248709541262,40,2,1,Normal,OFF,40,,,40,18,step,2,Normal,,,,
1788586044636,2026-09-05 13:27:24,1365,40.51,40.56248709541262,40,2,1,Normal,OFF,40,,,40,18,step,2,Normal,,,,
1788586045638,2026-09-05 13:27:25,1363,40.56,40.56248709541262,40,2,1,Normal,OFF,40,,,40,18,step,2,Normal,,,,
1788586046638,2026-09-05 13:27:26,1362,40.59,40.56248709541262,40,2,1,Normal,OFF,40,,,40,18,step,2,Normal,,,,
1788586047640,2026-09-05 13:27:27,1363,40.56,40.56248709541262,40,2,1,Normal,OFF,40,,,40,18,step,2,Normal,,,,
1788586048640,2026-09-05 13:27:28,1364,40.54,40.56248709541262,40,2,1,Normal,OFF,40,,,40,18,step,2,Normal,,,,
1788586049640,2026-09-05 13:27:29,1363,40.56,40.56248709541262,40,2,1,Normal,OFF,40,,,40,18,step,2,Normal,,,,
1788586050642,2026-09-05 13:27:30,1362,40.59,40.56248709541262,40,2,1,Normal,OFF,40,,,40,18,step,2,Normal,,,,
1788586051643,2026-09-05 13:27:31,1361,40.61,40.56248709541262,40,2,1,Normal,OFF,40,,,40,18,step,2,Normal,,,,
1788586052643,2026-09-05 13:27:32,1361,40.61,40.61256391795689,40,2,1,Normal,OFF,40,,,40,18,step,2,Normal,,,,
1788586053644,2026-09-05 13:27:33,1363,40.56,40.61256391795689,40,2,1,Normal,OFF,40,,,40,18,step,2,Normal,,,,
1788586054646,2026-09-05 13:27:34,1361,40.61,40.61256391795689,40,2,1,Normal,OFF,40,,,40,18,step,2,Normal,,,,
1788586055647,2026-09-05 13:27:35,1360,40.64,40.61256391795689,40,2,1,Normal,OFF,40,,,40,18,step,2,Normal,,,,
1788586056648,2026-09-05 13:27:36,1357,40.71,40.61256391795689,40,2,1,Normal,OFF,40,,,40,18,step,2,Normal,,,,
1788586057647,2026-09-05 13:27:37,1358,40.69,40.61256391795689,40,2,1,Normal,OFF,40,,,40,18,step,2,Normal,,,,
1788586058648,2026-09-05 13:27:38,1360,40.64,40.61256391795689,40,2,1,Normal,OFF,40,,,40,18,step,2,Normal,,,,
1788586059649,2026-09-05 13:27:39,1359,40.66,40.61256391795689,40,2,1,Normal,OFF,40,,,40,18,step,2,Normal,,,,
1788586060650,2026-09-05 13:27:40,1359,40.66,40.61256391795689,40,2,1,Normal,OFF,40,,,40,18,step,2,Normal,,,,
1788586061652,2026-09-05 13:27:41,1359,40.66,40.61256391795689,40,2,1,Normal,OFF,40,,,40,18,step,2,Normal,,,,
1788586062652,2026-09-05 13:27:42,1361,40.61,40.61256391795689,40,2,1,Normal,OFF,40,,,40,18,step,2,Normal,,,,
1788586063654,2026-09-05 13:27:43,1362,40.59,40.61256391795689,40,2,1,Normal,OFF,40,,,40,18,step,2,Normal,,,,
1788586064654,2026-09-05 13:27:44,1360,40.64,40.61256391795689,40,2,1,Normal,OFF,40,,,40,18,step,2,Normal,,,,
1788586065655,2026-09-05 13:27:45,1361,40.61,40.61256391795689,40,2,1,Normal,OFF,40,,,40,18,step,2,Normal,,,,
1788586066657,2026-09-05 13:27:46,1359,40.66,40.61256391795689,40,2,1,Normal,OFF,40,,,40,18,step,2,Normal,,,,
1788586067658,2026-09-05 13:27:47,1358,40.69,40.662693742804436,40,2,1,Normal,OFF,40,,,40,18,step,2,Normal,,,,
1788586068658,2026-09-05 13:27:48,1360,40.64,40.662693742804436,40,2,1,Normal,OFF,40,,,40,18,step,2,Normal,,,,
1788586069660,2026-09-05 13:27:49,1359,40.66,40.662693742804436,40,2,1,Normal,OFF,40,,,40,18,step,2,Normal,,,,
1788586070662,2026-09-05 13:27:50,1359,40.66,40.662693742804436,40,2,1,Normal,OFF,40,,,40,18,step,2,Normal,,,,
1788586071662,2026-09-05 13:27:51,1357,40.71,40.662693742804436,40,2,1,Normal,OFF,40,,,40,18,step,2,Normal,,,,
1788586072663,2026-09-05 13:27:52,1358,40.69,40.662693742804436,40,2,1,Normal,OFF,40,,,40,18,step,2,Normal,,,,
1788586073665,2026-09-05 13:27:53,1357,40.71,40.662693742804436,40,2,1,Normal,OFF,40,,,40,18,step,2,Normal,,,,
1788586074665,2026-09-05 13:27:54,1358,40.69,40.662693742804436,40,2,1,Normal,OFF,40,,,40,18,step,2,Normal,,,,
1788586075667,2026-09-05 13:27:55,1357,40.71,40.662693742804436,40,2,1,Normal,OFF,40,,,40,18,step,2,Normal,,,,
1788586076667,2026-09-05 13:27:56,1359,40.66,40.662693742804436,40,2,1,Normal,OFF,40,,,40,18,step,2,Normal,,,,
1788586077668,2026-09-05 13:27:57,1357,40.71,40.662693742804436,40,2,1,Normal,OFF,40,,,40,18,step,2,Normal,,,,
1788586078669,2026-09-05 13:27:58,1358,40.69,40.662693742804436,40,2,1,Normal,OFF,40,,,40,18,step,2,Normal,,,,
1788586079669,2026-09-05 13:27:59,1356,40.74,40.662693742804436,40,2,1,Normal,OFF,40,,,40,18,step,2,Normal,,,,
1788586080670,2026-09-05 13:28:00,1357,40.71,40.662693742804436,40,2,1,Normal,OFF,40,,,40,18,step,2,Normal,,,,
1788586081670,2026-09-05 13:28:01,1355,40.76,40.662693742804436,40,2,1,Normal,OFF,40,,,40,18,step,2,Normal,,,,
1788586082671,2026-09-05 13:28:02,1357,40.71,40.76311322390234,40,2,1,Normal,OFF,40,,,40,18,step,2,Normal,,,,
1788586083671,2026-09-05 13:28:03,1357,40.71,40.76311322390234,40,2,1,Normal,OFF,40,,,40,18,step,2,Normal,,,,
1788586084673,2026-09-05 13:28:04,1358,40.69,40.76311322390234,40,2,1,Normal,OFF,40,,,40,18,step,2,Normal,,,,
1788586085673,2026-09-05 13:28:05,1358,40.69,40.76311322390234,40,2,1,Normal,OFF,40,,,40,18,step,2,Normal,,,,
1788586086674,2026-09-05 13:28:06,1358,40.69,40.76311322390234,40,2,1,Normal,OFF,40,,,40,18,step,2,Normal,,,,
1788586087675,2026-09-05 13:28:07,1357,40.71,40.76311322390234,40,2,1,Normal,OFF,40,,,40,18,step,2,Normal,,,,
1788586088677,2026-09-05 13:28:08,1356,40.74,40.76311322390234,40,2,1,Normal,OFF,40,,,40,18,step,2,Normal,,,,
1788586089678,2026-09-05 13:28:09,1356,40.74,40.76311322390234,40,2,1,Normal,OFF,40,,,40,18,step,2,Normal,,,,
1788586090678,2026-09-05 13:28:10,1358,40.69,40.76311322390234,40,2,1,Normal,OFF,40,,,40,18,step,2,Normal,,,,
1788586091679,2026-09-05 13:28:11,1358,40.69,40.76311322390234,40,2,1,Normal,OFF,83,83,rgblevel<-1 DLPC temp UNAVAILABLE,83,19,baseline,1,Eco,step_end:settled;mode_change to Eco (rgblevel 1); the stock controller will slam the fan to this tier's floor within one 15 s poll - the 1 Hz re-assert takes it back;rgblevel_set:1;dlpc_unavailable,,,unavailable
1788586092681,2026-09-05 13:28:12,1368,40.44,40.76311322390234,83,1,1,Eco/Super Eco,OFF,83,,,83,19,baseline,1,Eco,,,,
1788586093682,2026-09-05 13:28:13,1377,40.21,40.76311322390234,83,1,1,Eco/Super Eco,OFF,83,,,83,19,baseline,1,Eco,,,,
1788586094684,2026-09-05 13:28:14,1383,40.06,40.76311322390234,83,1,1,Eco/Super Eco,OFF,83,,,83,19,baseline,1,Eco,,,,
1788586095685,2026-09-05 13:28:15,1389,39.92,40.76311322390234,83,1,1,Eco/Super Eco,OFF,83,,,83,19,baseline,1,Eco,,,,
1788586096685,2026-09-05 13:28:16,1393,39.82,40.76311322390234,83,1,1,Eco/Super Eco,OFF,83,,,83,19,baseline,1,Eco,,,,
1788586097686,2026-09-05 13:28:17,1399,39.67,39.817557636173774,43,1,1,Eco/Super Eco,OFF,83,83,foreign_write 43 reassert(was 43),83,19,baseline,1,Eco,foreign_write:43,,,
1788586098688,2026-09-05 13:28:18,1401,39.62,39.817557636173774,83,1,1,Eco/Super Eco,OFF,83,,,83,19,baseline,1,Eco,,,,
1788586099690,2026-09-05 13:28:19,1404,39.55,39.817557636173774,83,1,1,Eco/Super Eco,OFF,83,,,83,19,baseline,1,Eco,,,,
1788586100691,2026-09-05 13:28:20,1406,39.50,39.817557636173774,83,1,1,Eco/Super Eco,OFF,83,,,83,19,baseline,1,Eco,,,,
1788586101693,2026-09-05 13:28:21,1411,39.38,39.817557636173774,83,1,1,Eco/Super Eco,OFF,83,,,83,19,baseline,1,Eco,,,,
1788586102694,2026-09-05 13:28:22,1415,39.28,39.817557636173774,83,1,1,Eco/Super Eco,OFF,83,,,83,19,baseline,1,Eco,,,,
1788586103695,2026-09-05 13:28:23,1416,39.25,39.817557636173774,83,1,1,Eco/Super Eco,OFF,83,,,83,19,baseline,1,Eco,,,,
1788586104695,2026-09-05 13:28:24,1420,39.16,39.817557636173774,83,1,1,Eco/Super Eco,OFF,83,,,83,19,baseline,1,Eco,,,,
1788586105696,2026-09-05 13:28:25,1426,39.01,39.817557636173774,83,1,1,Eco/Super Eco,OFF,83,,,83,19,baseline,1,Eco,,,,
1788586106698,2026-09-05 13:28:26,1428,38.96,39.817557636173774,83,1,1,Eco/Super Eco,OFF,83,,,83,19,baseline,1,Eco,,,,
1788586107698,2026-09-05 13:28:27,1432,38.87,39.817557636173774,83,1,1,Eco/Super Eco,OFF,83,,,83,19,baseline,1,Eco,,,,
1788586108699,2026-09-05 13:28:28,1437,38.75,39.817557636173774,83,1,1,Eco/Super Eco,OFF,83,,,83,19,baseline,1,Eco,,,,
1788586109701,2026-09-05 13:28:29,1438,38.72,39.817557636173774,83,1,1,Eco/Super Eco,OFF,83,,,83,19,baseline,1,Eco,,,,
1788586110701,2026-09-05 13:28:30,1438,38.72,39.817557636173774,83,1,1,Eco/Super Eco,OFF,83,,,83,19,baseline,1,Eco,,,,
1788586111702,2026-09-05 13:28:31,1445,38.55,39.817557636173774,83,1,1,Eco/Super Eco,OFF,83,,,83,19,baseline,1,Eco,,,,
1788586112703,2026-09-05 13:28:32,1447,38.50,38.552543747306856,43,1,1,Eco/Super Eco,OFF,83,83,foreign_write 43 reassert(was 43),83,19,baseline,1,Eco,foreign_write:43,,,
1788586113705,2026-09-05 13:28:33,1450,38.43,38.552543747306856,83,1,1,Eco/Super Eco,OFF,83,,,83,19,baseline,1,Eco,,,,
1788586114706,2026-09-05 13:28:34,1451,38.41,38.552543747306856,83,1,1,Eco/Super Eco,OFF,83,,,83,19,baseline,1,Eco,,,,
1788586115706,2026-09-05 13:28:35,1454,38.34,38.552543747306856,83,1,1,Eco/Super Eco,OFF,83,,,83,19,baseline,1,Eco,,,,
1788586116706,2026-09-05 13:28:36,1457,38.27,38.552543747306856,83,1,1,Eco/Super Eco,OFF,83,,,83,19,baseline,1,Eco,,,,
1788586117708,2026-09-05 13:28:37,1459,38.22,38.552543747306856,83,1,1,Eco/Super Eco,OFF,83,,,83,19,baseline,1,Eco,,,,
1788586118708,2026-09-05 13:28:38,1463,38.12,38.552543747306856,83,1,1,Eco/Super Eco,OFF,83,,,83,19,baseline,1,Eco,,,,
1788586119710,2026-09-05 13:28:39,1465,38.07,38.552543747306856,83,1,1,Eco/Super Eco,OFF,83,,,83,19,baseline,1,Eco,,,,
1788586120711,2026-09-05 13:28:40,1467,38.03,38.552543747306856,83,1,1,Eco/Super Eco,OFF,83,,,83,19,baseline,1,Eco,,,,
1788586121711,2026-09-05 13:28:41,1470,37.96,38.552543747306856,83,1,1,Eco/Super Eco,OFF,83,,,83,19,baseline,1,Eco,,,,
1788586122712,2026-09-05 13:28:42,1471,37.93,38.552543747306856,83,1,1,Eco/Super Eco,OFF,83,,,83,19,baseline,1,Eco,,,,
1788586123713,2026-09-05 13:28:43,1476,37.81,38.552543747306856,83,1,1,Eco/Super Eco,OFF,83,,,83,19,baseline,1,Eco,,,,
1788586124715,2026-09-05 13:28:44,1476,37.81,38.552543747306856,83,1,1,Eco/Super Eco,OFF,83,,,83,19,baseline,1,Eco,,,,
1788586125715,2026-09-05 13:28:45,1482,37.67,38.552543747306856,83,1,1,Eco/Super Eco,OFF,83,,,83,19,baseline,1,Eco,,,,
1788586126717,2026-09-05 13:28:46,1481,37.69,38.552543747306856,83,1,1,Eco/Super Eco,OFF,83,,,83,19,baseline,1,Eco,,,,
1788586127717,2026-09-05 13:28:47,1483,37.65,37.67118343439631,43,1,1,Eco/Super Eco,OFF,83,83,foreign_write 43 reassert(was 43),83,19,baseline,1,Eco,foreign_write:43,,,
1788586128718,2026-09-05 13:28:48,1488,37.53,37.67118343439631,83,1,1,Eco/Super Eco,OFF,83,,,83,19,baseline,1,Eco,,,,
1788586129718,2026-09-05 13:28:49,1490,37.48,37.67118343439631,83,1,1,Eco/Super Eco,OFF,83,,,83,19,baseline,1,Eco,,,,
1788586130719,2026-09-05 13:28:50,1488,37.53,37.67118343439631,83,1,1,Eco/Super Eco,OFF,83,,,83,19,baseline,1,Eco,,,,
1788586131721,2026-09-05 13:28:51,1491,37.46,37.67118343439631,83,1,1,Eco/Super Eco,OFF,83,,,83,19,baseline,1,Eco,,,,
1788586132721,2026-09-05 13:28:52,1495,37.36,37.67118343439631,83,1,1,Eco/Super Eco,OFF,83,,,83,19,baseline,1,Eco,,,,
1788586133721,2026-09-05 13:28:53,1495,37.36,37.67118343439631,83,1,1,Eco/Super Eco,OFF,83,,,83,19,baseline,1,Eco,,,,
1788586134723,2026-09-05 13:28:54,1495,37.36,37.67118343439631,83,1,1,Eco/Super Eco,OFF,83,,,83,19,baseline,1,Eco,,,,
1788586135723,2026-09-05 13:28:55,1500,37.25,37.67118343439631,83,1,1,Eco/Super Eco,OFF,83,,,83,19,baseline,1,Eco,,,,
1788586136724,2026-09-05 13:28:56,1500,37.25,37.67118343439631,83,1,1,Eco/Super Eco,OFF,83,,,83,19,baseline,1,Eco,,,,
1788586137725,2026-09-05 13:28:57,1504,37.15,37.67118343439631,83,1,1,Eco/Super Eco,OFF,83,,,83,19,baseline,1,Eco,,,,
1788586138726,2026-09-05 13:28:58,1502,37.20,37.67118343439631,83,1,1,Eco/Super Eco,OFF,83,,,83,19,baseline,1,Eco,,,,
1788586139726,2026-09-05 13:28:59,1507,37.08,37.67118343439631,83,1,1,Eco/Super Eco,OFF,83,,,83,19,baseline,1,Eco,,,,
1788586140728,2026-09-05 13:29:00,1506,37.11,37.67118343439631,83,1,1,Eco/Super Eco,OFF,83,,,83,19,baseline,1,Eco,,,,
1788586141729,2026-09-05 13:29:01,1508,37.06,37.67118343439631,83,1,1,Eco/Super Eco,OFF,83,,,83,19,baseline,1,Eco,,,,
1788586142730,2026-09-05 13:29:02,1509,37.04,37.060508174735844,83,1,1,Eco/Super Eco,OFF,83,,,83,19,baseline,1,Eco,,,,
1788586143730,2026-09-05 13:29:03,1511,36.99,37.060508174735844,83,1,1,Eco/Super Eco,OFF,83,,,83,19,baseline,1,Eco,,,,
1788586144731,2026-09-05 13:29:04,1510,37.01,37.060508174735844,83,1,1,Eco/Super Eco,OFF,83,,,83,19,baseline,1,Eco,,,,
1788586145732,2026-09-05 13:29:05,1513,36.94,37.060508174735844,83,1,1,Eco/Super Eco,OFF,83,,,83,19,baseline,1,Eco,,,,
1788586146732,2026-09-05 13:29:06,1516,36.87,37.060508174735844,83,1,1,Eco/Super Eco,OFF,83,,,83,19,baseline,1,Eco,,,,
1788586147734,2026-09-05 13:29:07,1519,36.80,37.060508174735844,83,1,1,Eco/Super Eco,OFF,83,,,83,19,baseline,1,Eco,,,,
1788586148734,2026-09-05 13:29:08,1518,36.83,37.060508174735844,83,1,1,Eco/Super Eco,OFF,83,,,83,19,baseline,1,Eco,,,,
1788586149735,2026-09-05 13:29:09,1519,36.80,37.060508174735844,83,1,1,Eco/Super Eco,OFF,83,,,83,19,baseline,1,Eco,,,,
1788586150737,2026-09-05 13:29:10,1521,36.76,37.060508174735844,83,1,1,Eco/Super Eco,OFF,83,,,83,19,baseline,1,Eco,,,,
1788586151737,2026-09-05 13:29:11,1522,36.73,37.060508174735844,83,1,1,Eco/Super Eco,OFF,83,,,83,19,baseline,1,Eco,,,,
1788586152737,2026-09-05 13:29:12,1524,36.69,37.060508174735844,83,1,1,Eco/Super Eco,OFF,83,,,83,19,baseline,1,Eco,,,,
1788586153738,2026-09-05 13:29:13,1523,36.71,37.060508174735844,83,1,1,Eco/Super Eco,OFF,83,,,83,19,baseline,1,Eco,,,,
1788586154738,2026-09-05 13:29:14,1525,36.66,37.060508174735844,83,1,1,Eco/Super Eco,OFF,83,,,83,19,baseline,1,Eco,,,,
1788586155738,2026-09-05 13:29:15,1526,36.64,37.060508174735844,83,1,1,Eco/Super Eco,OFF,83,,,83,19,baseline,1,Eco,,,,
1788586156739,2026-09-05 13:29:16,1529,36.57,37.060508174735844,83,1,1,Eco/Super Eco,OFF,83,,,83,19,baseline,1,Eco,,,,
1788586157741,2026-09-05 13:29:17,1530,36.55,36.57221336636195,43,1,1,Eco/Super Eco,OFF,83,83,foreign_write 43 reassert(was 43),83,19,baseline,1,Eco,foreign_write:43,,,
1788586158742,2026-09-05 13:29:18,1530,36.55,36.57221336636195,83,1,1,Eco/Super Eco,OFF,83,,,83,19,baseline,1,Eco,,,,
1788586159743,2026-09-05 13:29:19,1531,36.53,36.57221336636195,83,1,1,Eco/Super Eco,OFF,83,,,83,19,baseline,1,Eco,,,,
1788586160745,2026-09-05 13:29:20,1532,36.50,36.57221336636195,83,1,1,Eco/Super Eco,OFF,83,,,83,19,baseline,1,Eco,,,,
1788586161745,2026-09-05 13:29:21,1537,36.39,36.57221336636195,83,1,1,Eco/Super Eco,OFF,83,,,83,19,baseline,1,Eco,,,,
1788586162746,2026-09-05 13:29:22,1537,36.39,36.57221336636195,83,1,1,Eco/Super Eco,OFF,83,,,83,19,baseline,1,Eco,,,,
1788586163746,2026-09-05 13:29:23,1538,36.36,36.57221336636195,83,1,1,Eco/Super Eco,OFF,83,,,83,19,baseline,1,Eco,,,,
1788586164747,2026-09-05 13:29:24,1539,36.34,36.57221336636195,83,1,1,Eco/Super Eco,OFF,83,,,83,19,baseline,1,Eco,,,,
1788586165747,2026-09-05 13:29:25,1535,36.43,36.57221336636195,83,1,1,Eco/Super Eco,OFF,83,,,83,19,baseline,1,Eco,,,,
1788586166749,2026-09-05 13:29:26,1541,36.30,36.57221336636195,83,1,1,Eco/Super Eco,OFF,83,,,83,19,baseline,1,Eco,,,,
1788586167750,2026-09-05 13:29:27,1542,36.27,36.57221336636195,83,1,1,Eco/Super Eco,OFF,83,,,83,19,baseline,1,Eco,,,,
1788586168750,2026-09-05 13:29:28,1541,36.30,36.57221336636195,83,1,1,Eco/Super Eco,OFF,83,,,83,19,baseline,1,Eco,,,,
1788586169751,2026-09-05 13:29:29,1535,36.43,36.57221336636195,83,1,1,Eco/Super Eco,OFF,83,,,83,19,baseline,1,Eco,,,,
1788586170751,2026-09-05 13:29:30,1544,36.23,36.57221336636195,83,1,1,Eco/Super Eco,OFF,83,,,83,19,baseline,1,Eco,,,,
1788586171753,2026-09-05 13:29:31,1544,36.23,36.57221336636195,83,1,1,Eco/Super Eco,OFF,83,,,83,19,baseline,1,Eco,,,,
1788586172753,2026-09-05 13:29:32,1548,36.13,36.22602962376715,83,1,1,Eco/Super Eco,OFF,83,,,83,19,baseline,1,Eco,,,,
1788586173755,2026-09-05 13:29:33,1546,36.18,36.22602962376715,83,1,1,Eco/Super Eco,OFF,83,,,83,19,baseline,1,Eco,,,,
1788586174755,2026-09-05 13:29:34,1549,36.11,36.22602962376715,83,1,1,Eco/Super Eco,OFF,83,,,83,19,baseline,1,Eco,,,,
1788586175757,2026-09-05 13:29:35,1550,36.09,36.22602962376715,83,1,1,Eco/Super Eco,OFF,83,,,83,19,baseline,1,Eco,,,,
1788586176757,2026-09-05 13:29:36,1553,36.02,36.22602962376715,83,1,1,Eco/Super Eco,OFF,83,,,83,19,baseline,1,Eco,,,,
1788586177757,2026-09-05 13:29:37,1551,36.07,36.22602962376715,83,1,1,Eco/Super Eco,OFF,83,,,83,19,baseline,1,Eco,,,,
1788586178757,2026-09-05 13:29:38,1553,36.02,36.22602962376715,83,1,1,Eco/Super Eco,OFF,83,,,83,19,baseline,1,Eco,,,,
1788586179759,2026-09-05 13:29:39,1551,36.07,36.22602962376715,83,1,1,Eco/Super Eco,OFF,83,,,83,19,baseline,1,Eco,,,,
1788586180760,2026-09-05 13:29:40,1553,36.02,36.22602962376715,83,1,1,Eco/Super Eco,OFF,83,,,83,19,baseline,1,Eco,,,,
1788586181762,2026-09-05 13:29:41,1552,36.04,36.22602962376715,83,1,1,Eco/Super Eco,OFF,83,,,83,19,baseline,1,Eco,,,,
1788586182764,2026-09-05 13:29:42,1554,36.00,36.22602962376715,83,1,1,Eco/Super Eco,OFF,83,,,83,19,baseline,1,Eco,,,,
1788586183766,2026-09-05 13:29:43,1555,35.97,36.22602962376715,83,1,1,Eco/Super Eco,OFF,83,,,83,19,baseline,1,Eco,,,,
1788586184767,2026-09-05 13:29:44,1557,35.93,36.22602962376715,83,1,1,Eco/Super Eco,OFF,83,,,83,19,baseline,1,Eco,,,,
1788586185768,2026-09-05 13:29:45,1557,35.93,36.22602962376715,83,1,1,Eco/Super Eco,OFF,83,,,83,19,baseline,1,Eco,,,,
1788586186769,2026-09-05 13:29:46,1557,35.93,36.22602962376715,83,1,1,Eco/Super Eco,OFF,83,,,83,19,baseline,1,Eco,,,,
1788586187769,2026-09-05 13:29:47,1558,35.90,35.92770047234927,43,1,1,Eco/Super Eco,OFF,83,83,foreign_write 43 reassert(was 43),83,19,baseline,1,Eco,foreign_write:43,,,
1788586188770,2026-09-05 13:29:48,1559,35.88,35.92770047234927,83,1,1,Eco/Super Eco,OFF,83,,,83,19,baseline,1,Eco,,,,
1788586189771,2026-09-05 13:29:49,1562,35.81,35.92770047234927,83,1,1,Eco/Super Eco,OFF,83,,,83,19,baseline,1,Eco,,,,
1788586190773,2026-09-05 13:29:50,1560,35.86,35.92770047234927,83,1,1,Eco/Super Eco,OFF,83,,,83,19,baseline,1,Eco,,,,
1788586191774,2026-09-05 13:29:51,1562,35.81,35.92770047234927,83,1,1,Eco/Super Eco,OFF,83,,,83,19,baseline,1,Eco,,,,
1788586192775,2026-09-05 13:29:52,1565,35.74,35.92770047234927,83,1,1,Eco/Super Eco,OFF,83,,,83,19,baseline,1,Eco,,,,
1788586193777,2026-09-05 13:29:53,1564,35.77,35.92770047234927,83,1,1,Eco/Super Eco,OFF,83,,,83,19,baseline,1,Eco,,,,
1788586194778,2026-09-05 13:29:54,1565,35.74,35.92770047234927,83,1,1,Eco/Super Eco,OFF,83,,,83,19,baseline,1,Eco,,,,
1788586195779,2026-09-05 13:29:55,1559,35.88,35.92770047234927,83,1,1,Eco/Super Eco,OFF,83,,,83,19,baseline,1,Eco,,,,
1788586196779,2026-09-05 13:29:56,1567,35.70,35.92770047234927,83,1,1,Eco/Super Eco,OFF,83,,,83,19,baseline,1,Eco,,,,
1788586197781,2026-09-05 13:29:57,1563,35.79,35.92770047234927,83,1,1,Eco/Super Eco,OFF,83,,,83,19,baseline,1,Eco,,,,
1788586198782,2026-09-05 13:29:58,1566,35.72,35.92770047234927,83,1,1,Eco/Super Eco,OFF,83,,,83,19,baseline,1,Eco,,,,
1788586199784,2026-09-05 13:29:59,1567,35.70,35.92770047234927,83,1,1,Eco/Super Eco,OFF,83,,,83,19,baseline,1,Eco,,,,
1788586200785,2026-09-05 13:30:00,1567,35.70,35.92770047234927,83,1,1,Eco/Super Eco,OFF,83,,,83,19,baseline,1,Eco,,,,
1788586201786,2026-09-05 13:30:01,1569,35.65,35.92770047234927,83,1,1,Eco/Super Eco,OFF,83,,,83,19,baseline,1,Eco,,,,
1788586202786,2026-09-05 13:30:02,1569,35.65,35.6536823226221,83,1,1,Eco/Super Eco,OFF,83,,,83,19,baseline,1,Eco,,,,
1788586203786,2026-09-05 13:30:03,1570,35.63,35.6536823226221,83,1,1,Eco/Super Eco,OFF,83,,,83,19,baseline,1,Eco,,,,
1788586204787,2026-09-05 13:30:04,1571,35.61,35.6536823226221,83,1,1,Eco/Super Eco,OFF,83,,,83,19,baseline,1,Eco,,,,
1788586205788,2026-09-05 13:30:05,1574,35.54,35.6536823226221,83,1,1,Eco/Super Eco,OFF,83,,,83,19,baseline,1,Eco,,,,
1788586206789,2026-09-05 13:30:06,1573,35.56,35.6536823226221,83,1,1,Eco/Super Eco,OFF,83,,,83,19,baseline,1,Eco,,,,
1788586207789,2026-09-05 13:30:07,1575,35.52,35.6536823226221,83,1,1,Eco/Super Eco,OFF,83,,,83,19,baseline,1,Eco,,,,
1788586208791,2026-09-05 13:30:08,1563,35.79,35.6536823226221,83,1,1,Eco/Super Eco,OFF,83,,,83,19,baseline,1,Eco,,,,
1788586209792,2026-09-05 13:30:09,1575,35.52,35.6536823226221,83,1,1,Eco/Super Eco,OFF,83,,,83,19,baseline,1,Eco,,,,
1788586210793,2026-09-05 13:30:10,1576,35.49,35.6536823226221,83,1,1,Eco/Super Eco,OFF,83,,,83,19,baseline,1,Eco,,,,
1788586211794,2026-09-05 13:30:11,1576,35.49,35.6536823226221,83,1,1,Eco/Super Eco,OFF,83,,,83,19,baseline,1,Eco,,,,
1788586212794,2026-09-05 13:30:12,1580,35.40,35.6536823226221,83,1,1,Eco/Super Eco,OFF,83,,,83,19,baseline,1,Eco,,,,
1788586213795,2026-09-05 13:30:13,1575,35.52,35.6536823226221,83,1,1,Eco/Super Eco,OFF,83,,,83,19,baseline,1,Eco,,,,
1788586214797,2026-09-05 13:30:14,1578,35.45,35.6536823226221,83,1,1,Eco/Super Eco,OFF,83,,,83,19,baseline,1,Eco,,,,
1788586215797,2026-09-05 13:30:15,1577,35.47,35.6536823226221,83,1,1,Eco/Super Eco,OFF,83,,,83,19,baseline,1,Eco,,,,
1788586216798,2026-09-05 13:30:16,1577,35.47,35.6536823226221,83,1,1,Eco/Super Eco,OFF,83,,,83,19,baseline,1,Eco,,,,
1788586217798,2026-09-05 13:30:17,1577,35.47,35.47171483458925,83,1,1,Eco/Super Eco,OFF,83,,,83,19,baseline,1,Eco,,,,
1788586218799,2026-09-05 13:30:18,1579,35.43,35.47171483458925,83,1,1,Eco/Super Eco,OFF,83,,,83,19,baseline,1,Eco,,,,
1788586219801,2026-09-05 13:30:19,1578,35.45,35.47171483458925,83,1,1,Eco/Super Eco,OFF,83,,,83,19,baseline,1,Eco,,,,
1788586220802,2026-09-05 13:30:20,1581,35.38,35.47171483458925,83,1,1,Eco/Super Eco,OFF,83,,,83,19,baseline,1,Eco,,,,
1788586221802,2026-09-05 13:30:21,1582,35.36,35.47171483458925,83,1,1,Eco/Super Eco,OFF,83,,,83,19,baseline,1,Eco,,,,
1788586222803,2026-09-05 13:30:22,1583,35.34,35.47171483458925,83,1,1,Eco/Super Eco,OFF,83,,,83,19,baseline,1,Eco,,,,
1788586223805,2026-09-05 13:30:23,1586,35.27,35.47171483458925,83,1,1,Eco/Super Eco,OFF,83,,,83,19,baseline,1,Eco,,,,
1788586224806,2026-09-05 13:30:24,1581,35.38,35.47171483458925,83,1,1,Eco/Super Eco,OFF,83,,,83,19,baseline,1,Eco,,,,
1788586225805,2026-09-05 13:30:25,1585,35.29,35.47171483458925,83,1,1,Eco/Super Eco,OFF,83,,,83,19,baseline,1,Eco,,,,
1788586226807,2026-09-05 13:30:26,1583,35.34,35.47171483458925,83,1,1,Eco/Super Eco,OFF,83,,,83,19,baseline,1,Eco,,,,
1788586227807,2026-09-05 13:30:27,1584,35.31,35.47171483458925,83,1,1,Eco/Super Eco,OFF,83,,,83,19,baseline,1,Eco,,,,
1788586228809,2026-09-05 13:30:28,1585,35.29,35.47171483458925,83,1,1,Eco/Super Eco,OFF,83,,,83,19,baseline,1,Eco,,,,
1788586229810,2026-09-05 13:30:29,1586,35.27,35.47171483458925,83,1,1,Eco/Super Eco,OFF,83,,,83,19,baseline,1,Eco,,,,
1788586230811,2026-09-05 13:30:30,1586,35.27,35.47171483458925,83,1,1,Eco/Super Eco,OFF,83,,,83,19,baseline,1,Eco,,,,
1788586231811,2026-09-05 13:30:31,1587,35.25,35.47171483458925,83,1,1,Eco/Super Eco,OFF,83,,,83,19,baseline,1,Eco,,,,
1788586232813,2026-09-05 13:30:32,1586,35.27,35.245040148224234,83,1,1,Eco/Super Eco,OFF,83,,,83,19,baseline,1,Eco,,,,
1788586233815,2026-09-05 13:30:33,1588,35.22,35.245040148224234,83,1,1,Eco/Super Eco,OFF,83,,,83,19,baseline,1,Eco,,,,
1788586234815,2026-09-05 13:30:34,1588,35.22,35.245040148224234,83,1,1,Eco/Super Eco,OFF,83,,,83,19,baseline,1,Eco,,,,
1788586235816,2026-09-05 13:30:35,1590,35.18,35.245040148224234,83,1,1,Eco/Super Eco,OFF,83,,,83,19,baseline,1,Eco,,,,
1788586236817,2026-09-05 13:30:36,1588,35.22,35.245040148224234,83,1,1,Eco/Super Eco,OFF,83,,,83,19,baseline,1,Eco,,,,
1788586237818,2026-09-05 13:30:37,1589,35.20,35.245040148224234,83,1,1,Eco/Super Eco,OFF,83,,,83,19,baseline,1,Eco,,,,
1788586238820,2026-09-05 13:30:38,1589,35.20,35.245040148224234,83,1,1,Eco/Super Eco,OFF,83,,,83,19,baseline,1,Eco,,,,
1788586239820,2026-09-05 13:30:39,1591,35.15,35.245040148224234,83,1,1,Eco/Super Eco,OFF,83,,,83,19,baseline,1,Eco,,,,
1788586240822,2026-09-05 13:30:40,1590,35.18,35.245040148224234,83,1,1,Eco/Super Eco,OFF,83,,,83,19,baseline,1,Eco,,,,
1788586241823,2026-09-05 13:30:41,1592,35.13,35.245040148224234,83,1,1,Eco/Super Eco,OFF,83,,,83,19,baseline,1,Eco,,,,
1788586242823,2026-09-05 13:30:42,1593,35.11,35.245040148224234,83,1,1,Eco/Super Eco,OFF,83,,,83,19,baseline,1,Eco,,,,
1788586243824,2026-09-05 13:30:43,1592,35.13,35.245040148224234,83,1,1,Eco/Super Eco,OFF,83,,,83,19,baseline,1,Eco,,,,
1788586244830,2026-09-05 13:30:44,1592,35.13,35.245040148224234,83,1,1,Eco/Super Eco,OFF,83,,,83,19,baseline,1,Eco,,,,
1788586245830,2026-09-05 13:30:45,1593,35.11,35.245040148224234,83,1,1,Eco/Super Eco,OFF,83,,,83,19,baseline,1,Eco,,,,
1788586246832,2026-09-05 13:30:46,1595,35.06,35.245040148224234,83,1,1,Eco/Super Eco,OFF,83,,,83,19,baseline,1,Eco,,,,
1788586247833,2026-09-05 13:30:47,1595,35.06,35.06431754825849,83,1,1,Eco/Super Eco,OFF,83,,,83,19,baseline,1,Eco,,,,
1788586248834,2026-09-05 13:30:48,1593,35.11,35.06431754825849,83,1,1,Eco/Super Eco,OFF,83,,,83,19,baseline,1,Eco,,,,
1788586249835,2026-09-05 13:30:49,1596,35.04,35.06431754825849,83,1,1,Eco/Super Eco,OFF,83,,,83,19,baseline,1,Eco,,,,
1788586250835,2026-09-05 13:30:50,1596,35.04,35.06431754825849,83,1,1,Eco/Super Eco,OFF,83,,,83,19,baseline,1,Eco,,,,
1788586251836,2026-09-05 13:30:51,1597,35.02,35.06431754825849,83,1,1,Eco/Super Eco,OFF,83,,,83,19,baseline,1,Eco,,,,
1788586252838,2026-09-05 13:30:52,1596,35.04,35.06431754825849,83,1,1,Eco/Super Eco,OFF,83,,,83,19,baseline,1,Eco,,,,
1788586253839,2026-09-05 13:30:53,1601,34.93,35.06431754825849,83,1,1,Eco/Super Eco,OFF,83,,,83,19,baseline,1,Eco,,,,
1788586254839,2026-09-05 13:30:54,1595,35.06,35.06431754825849,83,1,1,Eco/Super Eco,OFF,83,,,83,19,baseline,1,Eco,,,,
1788586255840,2026-09-05 13:30:55,1601,34.93,35.06431754825849,83,1,1,Eco/Super Eco,OFF,83,,,83,19,baseline,1,Eco,,,,
1788586256842,2026-09-05 13:30:56,1597,35.02,35.06431754825849,83,1,1,Eco/Super Eco,OFF,83,,,83,19,baseline,1,Eco,,,,
1788586257843,2026-09-05 13:30:57,1600,34.95,35.06431754825849,83,1,1,Eco/Super Eco,OFF,83,,,83,19,baseline,1,Eco,,,,
1788586258843,2026-09-05 13:30:58,1599,34.97,35.06431754825849,83,1,1,Eco/Super Eco,OFF,83,,,83,19,baseline,1,Eco,,,,
1788586259845,2026-09-05 13:30:59,1599,34.97,35.06431754825849,83,1,1,Eco/Super Eco,OFF,83,,,83,19,baseline,1,Eco,,,,
1788586260845,2026-09-05 13:31:00,1602,34.91,35.06431754825849,83,1,1,Eco/Super Eco,OFF,83,,,83,19,baseline,1,Eco,,,,
1788586261845,2026-09-05 13:31:01,1603,34.88,35.06431754825849,83,1,1,Eco/Super Eco,OFF,83,,,83,19,baseline,1,Eco,,,,
1788586262846,2026-09-05 13:31:02,1604,34.86,34.88413424134359,43,1,1,Eco/Super Eco,OFF,83,83,foreign_write 43 reassert(was 43),83,19,baseline,1,Eco,foreign_write:43,,,
1788586263848,2026-09-05 13:31:03,1601,34.93,34.88413424134359,83,1,1,Eco/Super Eco,OFF,83,,,83,19,baseline,1,Eco,,,,
1788586264849,2026-09-05 13:31:04,1601,34.93,34.88413424134359,83,1,1,Eco/Super Eco,OFF,83,,,83,19,baseline,1,Eco,,,,
1788586265849,2026-09-05 13:31:05,1602,34.91,34.88413424134359,83,1,1,Eco/Super Eco,OFF,83,,,83,19,baseline,1,Eco,,,,
1788586266850,2026-09-05 13:31:06,1602,34.91,34.88413424134359,83,1,1,Eco/Super Eco,OFF,83,,,83,19,baseline,1,Eco,,,,
1788586267851,2026-09-05 13:31:07,1601,34.93,34.88413424134359,83,1,1,Eco/Super Eco,OFF,83,,,83,19,baseline,1,Eco,,,,
1788586268852,2026-09-05 13:31:08,1603,34.88,34.88413424134359,83,1,1,Eco/Super Eco,OFF,83,,,83,19,baseline,1,Eco,,,,
1788586269854,2026-09-05 13:31:09,1603,34.88,34.88413424134359,83,1,1,Eco/Super Eco,OFF,83,,,83,19,baseline,1,Eco,,,,
1788586270854,2026-09-05 13:31:10,1614,34.64,34.88413424134359,83,1,1,Eco/Super Eco,OFF,83,,,83,19,baseline,1,Eco,,,,
1788586271856,2026-09-05 13:31:11,1606,34.82,34.88413424134359,83,1,1,Eco/Super Eco,OFF,83,,,83,19,baseline,1,Eco,,,,
1788586272857,2026-09-05 13:31:12,1607,34.79,34.88413424134359,83,1,1,Eco/Super Eco,OFF,83,,,83,19,baseline,1,Eco,,,,
1788586273858,2026-09-05 13:31:13,1605,34.84,34.88413424134359,83,1,1,Eco/Super Eco,OFF,83,,,83,19,baseline,1,Eco,,,,
1788586274859,2026-09-05 13:31:14,1608,34.77,34.88413424134359,83,1,1,Eco/Super Eco,OFF,83,,,83,19,baseline,1,Eco,,,,
1788586275859,2026-09-05 13:31:15,1605,34.84,34.88413424134359,83,1,1,Eco/Super Eco,OFF,83,,,83,19,baseline,1,Eco,,,,
1788586276861,2026-09-05 13:31:16,1608,34.77,34.88413424134359,83,1,1,Eco/Super Eco,OFF,83,,,83,19,baseline,1,Eco,,,,
1788586277863,2026-09-05 13:31:17,1605,34.84,34.77178977362382,83,1,1,Eco/Super Eco,OFF,83,,,83,19,baseline,1,Eco,,,,
1788586278865,2026-09-05 13:31:18,1608,34.77,34.77178977362382,83,1,1,Eco/Super Eco,OFF,83,,,83,19,baseline,1,Eco,,,,
1788586279865,2026-09-05 13:31:19,1607,34.79,34.77178977362382,83,1,1,Eco/Super Eco,OFF,83,,,83,19,baseline,1,Eco,,,,
1788586280865,2026-09-05 13:31:20,1608,34.77,34.77178977362382,83,1,1,Eco/Super Eco,OFF,83,,,83,19,baseline,1,Eco,,,,
1788586281867,2026-09-05 13:31:21,1607,34.79,34.77178977362382,83,1,1,Eco/Super Eco,OFF,83,,,83,19,baseline,1,Eco,,,,
1788586282868,2026-09-05 13:31:22,1608,34.77,34.77178977362382,83,1,1,Eco/Super Eco,OFF,83,,,83,19,baseline,1,Eco,,,,
1788586283870,2026-09-05 13:31:23,1610,34.73,34.77178977362382,83,1,1,Eco/Super Eco,OFF,83,,,83,19,baseline,1,Eco,,,,
1788586284869,2026-09-05 13:31:24,1610,34.73,34.77178977362382,83,1,1,Eco/Super Eco,OFF,83,,,83,19,baseline,1,Eco,,,,
1788586285870,2026-09-05 13:31:25,1609,34.75,34.77178977362382,83,1,1,Eco/Super Eco,OFF,83,,,83,19,baseline,1,Eco,,,,
1788586286871,2026-09-05 13:31:26,1609,34.75,34.77178977362382,83,1,1,Eco/Super Eco,OFF,83,,,83,19,baseline,1,Eco,,,,
1788586287873,2026-09-05 13:31:27,1612,34.68,34.77178977362382,83,1,1,Eco/Super Eco,OFF,83,,,83,19,baseline,1,Eco,,,,
1788586288873,2026-09-05 13:31:28,1609,34.75,34.77178977362382,83,1,1,Eco/Super Eco,OFF,83,,,83,19,baseline,1,Eco,,,,
1788586289875,2026-09-05 13:31:29,1612,34.68,34.77178977362382,83,1,1,Eco/Super Eco,OFF,83,,,83,19,baseline,1,Eco,,,,
1788586290877,2026-09-05 13:31:30,1613,34.66,34.77178977362382,83,1,1,Eco/Super Eco,OFF,83,,,83,19,baseline,1,Eco,,,,
1788586291877,2026-09-05 13:31:31,1612,34.68,34.77178977362382,83,1,1,Eco/Super Eco,OFF,83,,,83,19,baseline,1,Eco,,,,
1788586292878,2026-09-05 13:31:32,1612,34.68,34.65965062045598,83,1,1,Eco/Super Eco,OFF,83,,,83,19,baseline,1,Eco,,,,
1788586293879,2026-09-05 13:31:33,1612,34.68,34.65965062045598,83,1,1,Eco/Super Eco,OFF,83,,,83,19,baseline,1,Eco,,,,
1788586294880,2026-09-05 13:31:34,1613,34.66,34.65965062045598,83,1,1,Eco/Super Eco,OFF,83,,,83,19,baseline,1,Eco,,,,
1788586295882,2026-09-05 13:31:35,1613,34.66,34.65965062045598,83,1,1,Eco/Super Eco,OFF,83,,,83,19,baseline,1,Eco,,,,
1788586296883,2026-09-05 13:31:36,1613,34.66,34.65965062045598,83,1,1,Eco/Super Eco,OFF,83,,,83,19,baseline,1,Eco,,,,
1788586297885,2026-09-05 13:31:37,1615,34.61,34.65965062045598,83,1,1,Eco/Super Eco,OFF,83,,,83,19,baseline,1,Eco,,,,
1788586298886,2026-09-05 13:31:38,1615,34.61,34.65965062045598,83,1,1,Eco/Super Eco,OFF,83,,,83,19,baseline,1,Eco,,,,
1788586299887,2026-09-05 13:31:39,1616,34.59,34.65965062045598,83,1,1,Eco/Super Eco,OFF,83,,,83,19,baseline,1,Eco,,,,
1788586300887,2026-09-05 13:31:40,1619,34.53,34.65965062045598,83,1,1,Eco/Super Eco,OFF,83,,,83,19,baseline,1,Eco,,,,
1788586301889,2026-09-05 13:31:41,1615,34.61,34.65965062045598,83,1,1,Eco/Super Eco,OFF,83,,,83,19,baseline,1,Eco,,,,
1788586302890,2026-09-05 13:31:42,1615,34.61,34.65965062045598,83,1,1,Eco/Super Eco,OFF,83,,,83,19,baseline,1,Eco,,,,
1788586303891,2026-09-05 13:31:43,1617,34.57,34.65965062045598,83,1,1,Eco/Super Eco,OFF,83,,,83,19,baseline,1,Eco,,,,
1788586304891,2026-09-05 13:31:44,1616,34.59,34.65965062045598,83,1,1,Eco/Super Eco,OFF,83,,,83,19,baseline,1,Eco,,,,
1788586305893,2026-09-05 13:31:45,1617,34.57,34.65965062045598,83,1,1,Eco/Super Eco,OFF,83,,,83,19,baseline,1,Eco,,,,
1788586306893,2026-09-05 13:31:46,1616,34.59,34.65965062045598,83,1,1,Eco/Super Eco,OFF,83,,,83,19,baseline,1,Eco,,,,
1788586307895,2026-09-05 13:31:47,1618,34.55,34.65965062045598,83,1,1,Eco/Super Eco,OFF,83,,,83,19,baseline,1,Eco,,,,
1788586308896,2026-09-05 13:31:48,1618,34.55,34.65965062045598,83,1,1,Eco/Super Eco,OFF,83,,,83,19,baseline,1,Eco,,,,
1788586309897,2026-09-05 13:31:49,1617,34.57,34.65965062045598,83,1,1,Eco/Super Eco,OFF,83,,,83,19,baseline,1,Eco,,,,
1788586310898,2026-09-05 13:31:50,1616,34.59,34.65965062045598,83,1,1,Eco/Super Eco,OFF,83,,,83,19,baseline,1,Eco,,,,
1788586311898,2026-09-05 13:31:51,1620,34.50,34.65965062045598,83,1,1,Eco/Super Eco,OFF,83,,,83,19,baseline,1,Eco,,,,
1788586312898,2026-09-05 13:31:52,1618,34.55,34.65965062045598,83,1,1,Eco/Super Eco,OFF,83,,,83,19,baseline,1,Eco,,,,
1788586313899,2026-09-05 13:31:53,1618,34.55,34.65965062045598,83,1,1,Eco/Super Eco,OFF,83,,,83,19,baseline,1,Eco,,,,
1788586314899,2026-09-05 13:31:54,1619,34.53,34.65965062045598,83,1,1,Eco/Super Eco,OFF,83,,,83,19,baseline,1,Eco,,,,
1788586315901,2026-09-05 13:31:55,1620,34.50,34.65965062045598,83,1,1,Eco/Super Eco,OFF,83,,,83,19,baseline,1,Eco,,,,
1788586316901,2026-09-05 13:31:56,1618,34.55,34.65965062045598,83,1,1,Eco/Super Eco,OFF,83,,,83,19,baseline,1,Eco,,,,
1788586317903,2026-09-05 13:31:57,1623,34.44,34.65965062045598,83,1,1,Eco/Super Eco,OFF,83,,,83,19,baseline,1,Eco,,,,
1788586318905,2026-09-05 13:31:58,1623,34.44,34.65965062045598,83,1,1,Eco/Super Eco,OFF,83,,,83,19,baseline,1,Eco,,,,
1788586319906,2026-09-05 13:31:59,1621,34.48,34.65965062045598,83,1,1,Eco/Super Eco,OFF,83,,,83,19,baseline,1,Eco,,,,
1788586320906,2026-09-05 13:32:00,1622,34.46,34.65965062045598,83,1,1,Eco/Super Eco,OFF,83,,,83,19,baseline,1,Eco,,,,
1788586321907,2026-09-05 13:32:01,1621,34.48,34.65965062045598,83,1,1,Eco/Super Eco,OFF,83,,,83,19,baseline,1,Eco,,,,
1788586322908,2026-09-05 13:32:02,1623,34.44,34.48064997746911,83,1,1,Eco/Super Eco,OFF,83,,,83,19,baseline,1,Eco,,,,
1788586323909,2026-09-05 13:32:03,1625,34.39,34.48064997746911,83,1,1,Eco/Super Eco,OFF,83,,,83,19,baseline,1,Eco,,,,
1788586324911,2026-09-05 13:32:04,1622,34.46,34.48064997746911,83,1,1,Eco/Super Eco,OFF,83,,,83,19,baseline,1,Eco,,,,
1788586325911,2026-09-05 13:32:05,1623,34.44,34.48064997746911,83,1,1,Eco/Super Eco,OFF,83,,,83,19,baseline,1,Eco,,,,
1788586326912,2026-09-05 13:32:06,1624,34.41,34.48064997746911,83,1,1,Eco/Super Eco,OFF,83,,,83,19,baseline,1,Eco,,,,
1788586327914,2026-09-05 13:32:07,1623,34.44,34.48064997746911,83,1,1,Eco/Super Eco,OFF,83,,,83,19,baseline,1,Eco,,,,
1788586328914,2026-09-05 13:32:08,1625,34.39,34.48064997746911,83,1,1,Eco/Super Eco,OFF,83,,,83,19,baseline,1,Eco,,,,
1788586329915,2026-09-05 13:32:09,1626,34.37,34.48064997746911,83,1,1,Eco/Super Eco,OFF,83,,,83,19,baseline,1,Eco,,,,
1788586330917,2026-09-05 13:32:10,1626,34.37,34.48064997746911,83,1,1,Eco/Super Eco,OFF,83,,,83,19,baseline,1,Eco,,,,
1788586331918,2026-09-05 13:32:11,1624,34.41,34.48064997746911,83,1,1,Eco/Super Eco,OFF,83,,,83,19,baseline,1,Eco,,,,
1788586332919,2026-09-05 13:32:12,1626,34.37,34.48064997746911,83,1,1,Eco/Super Eco,OFF,83,,,83,19,baseline,1,Eco,,,,
1788586333919,2026-09-05 13:32:13,1625,34.39,34.48064997746911,83,1,1,Eco/Super Eco,OFF,83,,,83,19,baseline,1,Eco,,,,
1788586334920,2026-09-05 13:32:14,1625,34.39,34.48064997746911,83,1,1,Eco/Super Eco,OFF,83,,,83,19,baseline,1,Eco,,,,
1788586335921,2026-09-05 13:32:15,1626,34.37,34.48064997746911,83,1,1,Eco/Super Eco,OFF,83,,,83,19,baseline,1,Eco,,,,
1788586336922,2026-09-05 13:32:16,1627,34.35,34.48064997746911,83,1,1,Eco/Super Eco,OFF,83,,,83,19,baseline,1,Eco,,,,
1788586337924,2026-09-05 13:32:17,1626,34.37,34.346736075991885,83,1,1,Eco/Super Eco,OFF,83,,,83,19,baseline,1,Eco,,,,
1788586338925,2026-09-05 13:32:18,1626,34.37,34.346736075991885,83,1,1,Eco/Super Eco,OFF,83,,,83,19,baseline,1,Eco,,,,
1788586339926,2026-09-05 13:32:19,1625,34.39,34.346736075991885,83,1,1,Eco/Super Eco,OFF,83,,,83,19,baseline,1,Eco,,,,
1788586340927,2026-09-05 13:32:20,1627,34.35,34.346736075991885,83,1,1,Eco/Super Eco,OFF,83,,,83,19,baseline,1,Eco,,,,
1788586341929,2026-09-05 13:32:21,1619,34.53,34.346736075991885,83,1,1,Eco/Super Eco,OFF,83,,,83,19,baseline,1,Eco,,,,
1788586342930,2026-09-05 13:32:22,1628,34.32,34.346736075991885,83,1,1,Eco/Super Eco,OFF,83,,,83,19,baseline,1,Eco,,,,
1788586343930,2026-09-05 13:32:23,1627,34.35,34.346736075991885,83,1,1,Eco/Super Eco,OFF,83,,,83,19,baseline,1,Eco,,,,
1788586344930,2026-09-05 13:32:24,1629,34.30,34.346736075991885,83,1,1,Eco/Super Eco,OFF,83,,,83,19,baseline,1,Eco,,,,
1788586345931,2026-09-05 13:32:25,1630,34.28,34.346736075991885,83,1,1,Eco/Super Eco,OFF,83,,,83,19,baseline,1,Eco,,,,
1788586346933,2026-09-05 13:32:26,1630,34.28,34.346736075991885,83,1,1,Eco/Super Eco,OFF,83,,,83,19,baseline,1,Eco,,,,
1788586347933,2026-09-05 13:32:27,1629,34.30,34.346736075991885,83,1,1,Eco/Super Eco,OFF,83,,,83,19,baseline,1,Eco,,,,
1788586348934,2026-09-05 13:32:28,1630,34.28,34.346736075991885,83,1,1,Eco/Super Eco,OFF,83,,,83,19,baseline,1,Eco,,,,
1788586349935,2026-09-05 13:32:29,1628,34.32,34.346736075991885,83,1,1,Eco/Super Eco,OFF,83,,,83,19,baseline,1,Eco,,,,
1788586350937,2026-09-05 13:32:30,1626,34.37,34.346736075991885,83,1,1,Eco/Super Eco,OFF,83,,,83,19,baseline,1,Eco,,,,
1788586351938,2026-09-05 13:32:31,1631,34.26,34.346736075991885,83,1,1,Eco/Super Eco,OFF,83,,,83,19,baseline,1,Eco,,,,
1788586352939,2026-09-05 13:32:32,1630,34.28,34.30216154057314,83,1,1,Eco/Super Eco,OFF,83,,,83,19,baseline,1,Eco,,,,
1788586353939,2026-09-05 13:32:33,1632,34.24,34.30216154057314,83,1,1,Eco/Super Eco,OFF,83,,,83,19,baseline,1,Eco,,,,
1788586354940,2026-09-05 13:32:34,1632,34.24,34.30216154057314,83,1,1,Eco/Super Eco,OFF,83,,,83,19,baseline,1,Eco,,,,
1788586355940,2026-09-05 13:32:35,1635,34.17,34.30216154057314,83,1,1,Eco/Super Eco,OFF,83,,,83,19,baseline,1,Eco,,,,
1788586356941,2026-09-05 13:32:36,1630,34.28,34.30216154057314,83,1,1,Eco/Super Eco,OFF,83,,,83,19,baseline,1,Eco,,,,
1788586357943,2026-09-05 13:32:37,1632,34.24,34.30216154057314,83,1,1,Eco/Super Eco,OFF,83,,,83,19,baseline,1,Eco,,,,
1788586358943,2026-09-05 13:32:38,1631,34.26,34.30216154057314,83,1,1,Eco/Super Eco,OFF,83,,,83,19,baseline,1,Eco,,,,
1788586359944,2026-09-05 13:32:39,1633,34.21,34.30216154057314,83,1,1,Eco/Super Eco,OFF,83,,,83,19,baseline,1,Eco,,,,
1788586360944,2026-09-05 13:32:40,1634,34.19,34.30216154057314,83,1,1,Eco/Super Eco,OFF,83,,,83,19,baseline,1,Eco,,,,
1788586361945,2026-09-05 13:32:41,1633,34.21,34.30216154057314,83,1,1,Eco/Super Eco,OFF,83,,,83,19,baseline,1,Eco,,,,
1788586362945,2026-09-05 13:32:42,1632,34.24,34.30216154057314,83,1,1,Eco/Super Eco,OFF,83,,,83,19,baseline,1,Eco,,,,
1788586363947,2026-09-05 13:32:43,1634,34.19,34.30216154057314,83,1,1,Eco/Super Eco,OFF,83,,,83,19,baseline,1,Eco,,,,
1788586364947,2026-09-05 13:32:44,1630,34.28,34.30216154057314,83,1,1,Eco/Super Eco,OFF,83,,,83,19,baseline,1,Eco,,,,
1788586365949,2026-09-05 13:32:45,1634,34.19,34.30216154057314,83,1,1,Eco/Super Eco,OFF,83,,,83,19,baseline,1,Eco,,,,
1788586366950,2026-09-05 13:32:46,1633,34.21,34.30216154057314,83,1,1,Eco/Super Eco,OFF,83,,,83,19,baseline,1,Eco,,,,
1788586367951,2026-09-05 13:32:47,1635,34.17,34.213106859476,83,1,1,Eco/Super Eco,OFF,83,,,83,19,baseline,1,Eco,,,,
1788586368952,2026-09-05 13:32:48,1633,34.21,34.213106859476,83,1,1,Eco/Super Eco,OFF,83,,,83,19,baseline,1,Eco,,,,
1788586369954,2026-09-05 13:32:49,1637,34.12,34.213106859476,83,1,1,Eco/Super Eco,OFF,83,,,83,19,baseline,1,Eco,,,,
1788586370954,2026-09-05 13:32:50,1633,34.21,34.213106859476,83,1,1,Eco/Super Eco,OFF,83,,,83,19,baseline,1,Eco,,,,
1788586371955,2026-09-05 13:32:51,1635,34.17,34.213106859476,83,1,1,Eco/Super Eco,OFF,83,,,83,19,baseline,1,Eco,,,,
1788586372957,2026-09-05 13:32:52,1635,34.17,34.213106859476,83,1,1,Eco/Super Eco,OFF,83,,,83,19,baseline,1,Eco,,,,
1788586373957,2026-09-05 13:32:53,1636,34.15,34.213106859476,83,1,1,Eco/Super Eco,OFF,83,,,83,19,baseline,1,Eco,,,,
1788586374958,2026-09-05 13:32:54,1634,34.19,34.213106859476,83,1,1,Eco/Super Eco,OFF,83,,,83,19,baseline,1,Eco,,,,
1788586375958,2026-09-05 13:32:55,1635,34.17,34.213106859476,83,1,1,Eco/Super Eco,OFF,83,,,83,19,baseline,1,Eco,,,,
1788586376959,2026-09-05 13:32:56,1637,34.12,34.213106859476,83,1,1,Eco/Super Eco,OFF,83,,,83,19,baseline,1,Eco,,,,
1788586377962,2026-09-05 13:32:57,1637,34.12,34.213106859476,83,1,1,Eco/Super Eco,OFF,83,,,83,19,baseline,1,Eco,,,,
1788586378963,2026-09-05 13:32:58,1639,34.08,34.213106859476,83,1,1,Eco/Super Eco,OFF,83,,,83,19,baseline,1,Eco,,,,
1788586379965,2026-09-05 13:32:59,1638,34.10,34.213106859476,83,1,1,Eco/Super Eco,OFF,83,,,83,19,baseline,1,Eco,,,,
1788586380967,2026-09-05 13:33:00,1635,34.17,34.213106859476,83,1,1,Eco/Super Eco,OFF,83,,,83,19,baseline,1,Eco,,,,
1788586381968,2026-09-05 13:33:01,1637,34.12,34.213106859476,83,1,1,Eco/Super Eco,OFF,83,,,83,19,baseline,1,Eco,,,,
1788586382969,2026-09-05 13:33:02,1637,34.12,34.124177194433514,83,1,1,Eco/Super Eco,OFF,83,,,83,19,baseline,1,Eco,,,,
1788586383971,2026-09-05 13:33:03,1638,34.10,34.124177194433514,83,1,1,Eco/Super Eco,OFF,83,,,83,19,baseline,1,Eco,,,,
1788586384972,2026-09-05 13:33:04,1638,34.10,34.124177194433514,83,1,1,Eco/Super Eco,OFF,83,,,83,19,baseline,1,Eco,,,,
1788586385974,2026-09-05 13:33:05,1638,34.10,34.124177194433514,83,1,1,Eco/Super Eco,OFF,83,,,83,19,baseline,1,Eco,,,,
1788586386976,2026-09-05 13:33:06,1644,33.97,34.124177194433514,83,1,1,Eco/Super Eco,OFF,83,,,83,19,baseline,1,Eco,,,,
1788586387976,2026-09-05 13:33:07,1640,34.06,34.124177194433514,83,1,1,Eco/Super Eco,OFF,83,,,83,19,baseline,1,Eco,,,,
1788586388977,2026-09-05 13:33:08,1638,34.10,34.124177194433514,83,1,1,Eco/Super Eco,OFF,83,,,83,19,baseline,1,Eco,,,,
1788586389978,2026-09-05 13:33:09,1637,34.12,34.124177194433514,83,1,1,Eco/Super Eco,OFF,83,,,83,19,baseline,1,Eco,,,,
1788586390978,2026-09-05 13:33:10,1639,34.08,34.124177194433514,83,1,1,Eco/Super Eco,OFF,83,,,83,19,baseline,1,Eco,,,,
1788586391979,2026-09-05 13:33:11,1638,34.10,34.124177194433514,83,1,1,Eco/Super Eco,OFF,60,60,DLPC temp UNAVAILABLE,60,19,step,1,Eco,baseline_end:timeout;step_start duty=60 mode=Eco;dlpc_unavailable,,,unavailable
1788586392981,2026-09-05 13:33:12,1641,34.04,34.124177194433514,60,1,1,Eco/Super Eco,OFF,60,,,60,19,step,1,Eco,,,,
1788586393981,2026-09-05 13:33:13,1639,34.08,34.124177194433514,60,1,1,Eco/Super Eco,OFF,60,,,60,19,step,1,Eco,,,,
1788586394983,2026-09-05 13:33:14,1639,34.08,34.124177194433514,60,1,1,Eco/Super Eco,OFF,60,,,60,19,step,1,Eco,,,,
1788586395984,2026-09-05 13:33:15,1639,34.08,34.124177194433514,60,1,1,Eco/Super Eco,OFF,60,,,60,19,step,1,Eco,,,,
1788586396985,2026-09-05 13:33:16,1640,34.06,34.124177194433514,60,1,1,Eco/Super Eco,OFF,60,,,60,19,step,1,Eco,,,,
1788586397986,2026-09-05 13:33:17,1641,34.04,34.057561386260716,60,1,1,Eco/Super Eco,OFF,60,,,60,19,step,1,Eco,,,,
1788586398987,2026-09-05 13:33:18,1639,34.08,34.057561386260716,60,1,1,Eco/Super Eco,OFF,60,,,60,19,step,1,Eco,,,,
1788586399987,2026-09-05 13:33:19,1640,34.06,34.057561386260716,60,1,1,Eco/Super Eco,OFF,60,,,60,19,step,1,Eco,,,,
1788586400988,2026-09-05 13:33:20,1641,34.04,34.057561386260716,60,1,1,Eco/Super Eco,OFF,60,,,60,19,step,1,Eco,,,,
1788586401990,2026-09-05 13:33:21,1637,34.12,34.057561386260716,60,1,1,Eco/Super Eco,OFF,60,,,60,19,step,1,Eco,,,,
1788586402990,2026-09-05 13:33:22,1640,34.06,34.057561386260716,60,1,1,Eco/Super Eco,OFF,60,,,60,19,step,1,Eco,,,,
1788586403991,2026-09-05 13:33:23,1639,34.08,34.057561386260716,60,1,1,Eco/Super Eco,OFF,60,,,60,19,step,1,Eco,,,,
1788586404992,2026-09-05 13:33:24,1637,34.12,34.057561386260716,60,1,1,Eco/Super Eco,OFF,60,,,60,19,step,1,Eco,,,,
1788586405993,2026-09-05 13:33:25,1637,34.12,34.057561386260716,60,1,1,Eco/Super Eco,OFF,60,,,60,19,step,1,Eco,,,,
1788586406994,2026-09-05 13:33:26,1637,34.12,34.057561386260716,60,1,1,Eco/Super Eco,OFF,60,,,60,19,step,1,Eco,,,,
1788586407995,2026-09-05 13:33:27,1635,34.17,34.057561386260716,60,1,1,Eco/Super Eco,OFF,60,,,60,19,step,1,Eco,,,,
1788586408995,2026-09-05 13:33:28,1638,34.10,34.057561386260716,60,1,1,Eco/Super Eco,OFF,60,,,60,19,step,1,Eco,,,,
1788586409997,2026-09-05 13:33:29,1638,34.10,34.057561386260716,60,1,1,Eco/Super Eco,OFF,60,,,60,19,step,1,Eco,,,,
1788586410996,2026-09-05 13:33:30,1637,34.12,34.057561386260716,60,1,1,Eco/Super Eco,OFF,60,,,60,19,step,1,Eco,,,,
1788586411997,2026-09-05 13:33:31,1635,34.17,34.057561386260716,60,1,1,Eco/Super Eco,OFF,60,,,60,19,step,1,Eco,,,,
1788586412999,2026-09-05 13:33:32,1635,34.17,34.168626462526504,60,1,1,Eco/Super Eco,OFF,60,,,60,19,step,1,Eco,,,,
1788586413999,2026-09-05 13:33:33,1635,34.17,34.168626462526504,60,1,1,Eco/Super Eco,OFF,60,,,60,19,step,1,Eco,,,,
1788586415001,2026-09-05 13:33:35,1633,34.21,34.168626462526504,60,1,1,Eco/Super Eco,OFF,60,,,60,19,step,1,Eco,,,,
1788586416002,2026-09-05 13:33:36,1636,34.15,34.168626462526504,60,1,1,Eco/Super Eco,OFF,60,,,60,19,step,1,Eco,,,,
1788586417003,2026-09-05 13:33:37,1635,34.17,34.168626462526504,60,1,1,Eco/Super Eco,OFF,60,,,60,19,step,1,Eco,,,,
1788586418004,2026-09-05 13:33:38,1635,34.17,34.168626462526504,60,1,1,Eco/Super Eco,OFF,60,,,60,19,step,1,Eco,,,,
1788586419004,2026-09-05 13:33:39,1633,34.21,34.168626462526504,60,1,1,Eco/Super Eco,OFF,60,,,60,19,step,1,Eco,,,,
1788586420005,2026-09-05 13:33:40,1635,34.17,34.168626462526504,60,1,1,Eco/Super Eco,OFF,60,,,60,19,step,1,Eco,,,,
1788586421005,2026-09-05 13:33:41,1628,34.32,34.168626462526504,60,1,1,Eco/Super Eco,OFF,60,,,60,19,step,1,Eco,,,,
1788586422005,2026-09-05 13:33:42,1635,34.17,34.168626462526504,60,1,1,Eco/Super Eco,OFF,60,,,60,19,step,1,Eco,,,,
1788586423006,2026-09-05 13:33:43,1633,34.21,34.168626462526504,60,1,1,Eco/Super Eco,OFF,60,,,60,19,step,1,Eco,,,,
1788586424007,2026-09-05 13:33:44,1632,34.24,34.168626462526504,60,1,1,Eco/Super Eco,OFF,60,,,60,19,step,1,Eco,,,,
1788586425008,2026-09-05 13:33:45,1630,34.28,34.168626462526504,60,1,1,Eco/Super Eco,OFF,60,,,60,19,step,1,Eco,,,,
1788586426008,2026-09-05 13:33:46,1635,34.17,34.168626462526504,60,1,1,Eco/Super Eco,OFF,60,,,60,19,step,1,Eco,,,,
1788586427010,2026-09-05 13:33:47,1631,34.26,34.168626462526504,60,1,1,Eco/Super Eco,OFF,60,,,60,19,step,1,Eco,,,,
1788586428011,2026-09-05 13:33:48,1630,34.28,34.25761851034366,60,1,1,Eco/Super Eco,OFF,60,,,60,19,step,1,Eco,,,,
1788586429011,2026-09-05 13:33:49,1633,34.21,34.25761851034366,60,1,1,Eco/Super Eco,OFF,60,,,60,19,step,1,Eco,,,,
1788586430013,2026-09-05 13:33:50,1631,34.26,34.25761851034366,60,1,1,Eco/Super Eco,OFF,60,,,60,19,step,1,Eco,,,,
1788586431012,2026-09-05 13:33:51,1630,34.28,34.25761851034366,60,1,1,Eco/Super Eco,OFF,60,,,60,19,step,1,Eco,,,,
1788586432014,2026-09-05 13:33:52,1631,34.26,34.25761851034366,60,1,1,Eco/Super Eco,OFF,60,,,60,19,step,1,Eco,,,,
1788586433015,2026-09-05 13:33:53,1634,34.19,34.25761851034366,60,1,1,Eco/Super Eco,OFF,60,,,60,19,step,1,Eco,,,,
1788586434017,2026-09-05 13:33:54,1629,34.30,34.25761851034366,60,1,1,Eco/Super Eco,OFF,60,,,60,19,step,1,Eco,,,,
1788586435018,2026-09-05 13:33:55,1630,34.28,34.25761851034366,60,1,1,Eco/Super Eco,OFF,60,,,60,19,step,1,Eco,,,,
1788586436020,2026-09-05 13:33:56,1629,34.30,34.25761851034366,60,1,1,Eco/Super Eco,OFF,60,,,60,19,step,1,Eco,,,,
1788586437022,2026-09-05 13:33:57,1632,34.24,34.25761851034366,60,1,1,Eco/Super Eco,OFF,60,,,60,19,step,1,Eco,,,,
1788586438024,2026-09-05 13:33:58,1629,34.30,34.25761851034366,60,1,1,Eco/Super Eco,OFF,60,,,60,19,step,1,Eco,,,,
1788586439026,2026-09-05 13:33:59,1633,34.21,34.25761851034366,60,1,1,Eco/Super Eco,OFF,60,,,60,19,step,1,Eco,,,,
1788586440027,2026-09-05 13:34:00,1630,34.28,34.25761851034366,60,1,1,Eco/Super Eco,OFF,60,,,60,19,step,1,Eco,,,,
1788586441029,2026-09-05 13:34:01,1631,34.26,34.25761851034366,60,1,1,Eco/Super Eco,OFF,60,,,60,19,step,1,Eco,,,,
1788586442030,2026-09-05 13:34:02,1630,34.28,34.25761851034366,60,1,1,Eco/Super Eco,OFF,60,,,60,19,step,1,Eco,,,,
1788586443032,2026-09-05 13:34:03,1627,34.35,34.279886095182974,60,1,1,Eco/Super Eco,OFF,60,,,60,19,step,1,Eco,,,,
1788586444034,2026-09-05 13:34:04,1627,34.35,34.279886095182974,60,1,1,Eco/Super Eco,OFF,60,,,60,19,step,1,Eco,,,,
1788586445036,2026-09-05 13:34:05,1627,34.35,34.279886095182974,60,1,1,Eco/Super Eco,OFF,60,,,60,19,step,1,Eco,,,,
1788586446038,2026-09-05 13:34:06,1630,34.28,34.279886095182974,60,1,1,Eco/Super Eco,OFF,60,,,60,19,step,1,Eco,,,,
1788586447039,2026-09-05 13:34:07,1629,34.30,34.279886095182974,60,1,1,Eco/Super Eco,OFF,60,,,60,19,step,1,Eco,,,,
1788586448041,2026-09-05 13:34:08,1628,34.32,34.279886095182974,60,1,1,Eco/Super Eco,OFF,60,,,60,19,step,1,Eco,,,,
1788586449042,2026-09-05 13:34:09,1630,34.28,34.279886095182974,60,1,1,Eco/Super Eco,OFF,60,,,60,19,step,1,Eco,,,,
1788586450045,2026-09-05 13:34:10,1630,34.28,34.279886095182974,60,1,1,Eco/Super Eco,OFF,60,,,60,19,step,1,Eco,,,,
1788586451046,2026-09-05 13:34:11,1628,34.32,34.279886095182974,60,1,1,Eco/Super Eco,OFF,60,,,60,19,step,1,Eco,,,,
1788586452049,2026-09-05 13:34:12,1629,34.30,34.279886095182974,60,1,1,Eco/Super Eco,OFF,60,,,60,19,step,1,Eco,,,,
1788586453051,2026-09-05 13:34:13,1626,34.37,34.279886095182974,60,1,1,Eco/Super Eco,OFF,60,,,60,19,step,1,Eco,,,,
1788586454053,2026-09-05 13:34:14,1629,34.30,34.279886095182974,60,1,1,Eco/Super Eco,OFF,60,,,60,19,step,1,Eco,,,,
1788586455055,2026-09-05 13:34:15,1628,34.32,34.279886095182974,60,1,1,Eco/Super Eco,OFF,60,,,60,19,step,1,Eco,,,,
1788586456057,2026-09-05 13:34:16,1629,34.30,34.279886095182974,60,1,1,Eco/Super Eco,OFF,60,,,60,19,step,1,Eco,,,,
1788586457059,2026-09-05 13:34:17,1626,34.37,34.369035197573965,60,1,1,Eco/Super Eco,OFF,60,,,60,19,step,1,Eco,,,,
1788586458063,2026-09-05 13:34:18,1627,34.35,34.369035197573965,60,1,1,Eco/Super Eco,OFF,60,,,60,19,step,1,Eco,,,,
1788586459065,2026-09-05 13:34:19,1625,34.39,34.369035197573965,60,1,1,Eco/Super Eco,OFF,60,,,60,19,step,1,Eco,,,,
1788586460067,2026-09-05 13:34:20,1626,34.37,34.369035197573965,60,1,1,Eco/Super Eco,OFF,60,,,60,19,step,1,Eco,,,,
1788586461069,2026-09-05 13:34:21,1626,34.37,34.369035197573965,60,1,1,Eco/Super Eco,OFF,60,,,60,19,step,1,Eco,,,,
1788586462071,2026-09-05 13:34:22,1629,34.30,34.369035197573965,60,1,1,Eco/Super Eco,OFF,60,,,60,19,step,1,Eco,,,,
1788586463073,2026-09-05 13:34:23,1623,34.44,34.369035197573965,60,1,1,Eco/Super Eco,OFF,60,,,60,19,step,1,Eco,,,,
1788586464074,2026-09-05 13:34:24,1626,34.37,34.369035197573965,60,1,1,Eco/Super Eco,OFF,60,,,60,19,step,1,Eco,,,,
1788586465075,2026-09-05 13:34:25,1630,34.28,34.369035197573965,60,1,1,Eco/Super Eco,OFF,60,,,60,19,step,1,Eco,,,,
1788586466076,2026-09-05 13:34:26,1629,34.30,34.369035197573965,60,1,1,Eco/Super Eco,OFF,60,,,60,19,step,1,Eco,,,,
1788586467077,2026-09-05 13:34:27,1626,34.37,34.369035197573965,60,1,1,Eco/Super Eco,OFF,60,,,60,19,step,1,Eco,,,,
1788586468079,2026-09-05 13:34:28,1627,34.35,34.369035197573965,60,1,1,Eco/Super Eco,OFF,60,,,60,19,step,1,Eco,,,,
1788586469080,2026-09-05 13:34:29,1630,34.28,34.369035197573965,60,1,1,Eco/Super Eco,OFF,60,,,60,19,step,1,Eco,,,,
1788586470080,2026-09-05 13:34:30,1629,34.30,34.369035197573965,60,1,1,Eco/Super Eco,OFF,60,,,60,19,step,1,Eco,,,,
1788586471081,2026-09-05 13:34:31,1626,34.37,34.369035197573965,60,1,1,Eco/Super Eco,OFF,60,,,60,19,step,1,Eco,,,,
1788586472081,2026-09-05 13:34:32,1629,34.30,34.30216154057314,60,1,1,Eco/Super Eco,OFF,60,,,60,19,step,1,Eco,,,,
1788586473082,2026-09-05 13:34:33,1628,34.32,34.30216154057314,60,1,1,Eco/Super Eco,OFF,60,,,60,19,step,1,Eco,,,,
1788586474084,2026-09-05 13:34:34,1627,34.35,34.30216154057314,60,1,1,Eco/Super Eco,OFF,60,,,60,19,step,1,Eco,,,,
1788586475085,2026-09-05 13:34:35,1624,34.41,34.30216154057314,60,1,1,Eco/Super Eco,OFF,60,,,60,19,step,1,Eco,,,,
1788586476086,2026-09-05 13:34:36,1626,34.37,34.30216154057314,60,1,1,Eco/Super Eco,OFF,60,,,60,19,step,1,Eco,,,,
1788586477087,2026-09-05 13:34:37,1626,34.37,34.30216154057314,60,1,1,Eco/Super Eco,OFF,60,,,60,19,step,1,Eco,,,,
1788586478087,2026-09-05 13:34:38,1626,34.37,34.30216154057314,60,1,1,Eco/Super Eco,OFF,60,,,60,19,step,1,Eco,,,,
1788586479089,2026-09-05 13:34:39,1629,34.30,34.30216154057314,60,1,1,Eco/Super Eco,OFF,60,,,60,19,step,1,Eco,,,,
1788586480090,2026-09-05 13:34:40,1628,34.32,34.30216154057314,60,1,1,Eco/Super Eco,OFF,60,,,60,19,step,1,Eco,,,,
1788586481090,2026-09-05 13:34:41,1627,34.35,34.30216154057314,60,1,1,Eco/Super Eco,OFF,60,,,60,19,step,1,Eco,,,,
1788586482091,2026-09-05 13:34:42,1631,34.26,34.30216154057314,60,1,1,Eco/Super Eco,OFF,60,,,60,19,step,1,Eco,,,,
1788586483091,2026-09-05 13:34:43,1629,34.30,34.30216154057314,60,1,1,Eco/Super Eco,OFF,60,,,60,19,step,1,Eco,,,,
1788586484092,2026-09-05 13:34:44,1626,34.37,34.30216154057314,60,1,1,Eco/Super Eco,OFF,60,,,60,19,step,1,Eco,,,,
1788586485094,2026-09-05 13:34:45,1624,34.41,34.30216154057314,60,1,1,Eco/Super Eco,OFF,60,,,60,19,step,1,Eco,,,,
1788586486094,2026-09-05 13:34:46,1628,34.32,34.30216154057314,60,1,1,Eco/Super Eco,OFF,60,,,60,19,step,1,Eco,,,,
1788586487094,2026-09-05 13:34:47,1627,34.35,34.346736075991885,60,1,1,Eco/Super Eco,OFF,60,,,60,19,step,1,Eco,,,,
1788586488095,2026-09-05 13:34:48,1625,34.39,34.346736075991885,60,1,1,Eco/Super Eco,OFF,60,,,60,19,step,1,Eco,,,,
1788586489097,2026-09-05 13:34:49,1625,34.39,34.346736075991885,60,1,1,Eco/Super Eco,OFF,60,,,60,19,step,1,Eco,,,,
1788586490097,2026-09-05 13:34:50,1626,34.37,34.346736075991885,60,1,1,Eco/Super Eco,OFF,60,,,60,19,step,1,Eco,,,,
1788586491098,2026-09-05 13:34:51,1625,34.39,34.346736075991885,60,1,1,Eco/Super Eco,OFF,60,,,60,19,step,1,Eco,,,,
1788586492098,2026-09-05 13:34:52,1629,34.30,34.346736075991885,60,1,1,Eco/Super Eco,OFF,60,,,60,19,step,1,Eco,,,,
1788586493100,2026-09-05 13:34:53,1625,34.39,34.346736075991885,60,1,1,Eco/Super Eco,OFF,60,,,60,19,step,1,Eco,,,,
1788586494101,2026-09-05 13:34:54,1624,34.41,34.346736075991885,60,1,1,Eco/Super Eco,OFF,60,,,60,19,step,1,Eco,,,,
1788586495102,2026-09-05 13:34:55,1630,34.28,34.346736075991885,60,1,1,Eco/Super Eco,OFF,60,,,60,19,step,1,Eco,,,,
1788586496103,2026-09-05 13:34:56,1624,34.41,34.346736075991885,60,1,1,Eco/Super Eco,OFF,60,,,60,19,step,1,Eco,,,,
1788586497104,2026-09-05 13:34:57,1627,34.35,34.346736075991885,60,1,1,Eco/Super Eco,OFF,60,,,60,19,step,1,Eco,,,,
1788586498106,2026-09-05 13:34:58,1626,34.37,34.346736075991885,60,1,1,Eco/Super Eco,OFF,60,,,60,19,step,1,Eco,,,,
1788586499106,2026-09-05 13:34:59,1625,34.39,34.346736075991885,60,1,1,Eco/Super Eco,OFF,60,,,60,19,step,1,Eco,,,,
1788586500107,2026-09-05 13:35:00,1628,34.32,34.346736075991885,60,1,1,Eco/Super Eco,OFF,60,,,60,19,step,1,Eco,,,,
1788586501108,2026-09-05 13:35:01,1626,34.37,34.346736075991885,60,1,1,Eco/Super Eco,OFF,60,,,60,19,step,1,Eco,,,,
1788586502108,2026-09-05 13:35:02,1625,34.39,34.39134224281389,60,1,1,Eco/Super Eco,OFF,60,,,60,19,step,1,Eco,,,,
1788586503109,2026-09-05 13:35:03,1627,34.35,34.39134224281389,60,1,1,Eco/Super Eco,OFF,60,,,60,19,step,1,Eco,,,,
1788586504110,2026-09-05 13:35:04,1627,34.35,34.39134224281389,60,1,1,Eco/Super Eco,OFF,60,,,60,19,step,1,Eco,,,,
1788586505111,2026-09-05 13:35:05,1625,34.39,34.39134224281389,60,1,1,Eco/Super Eco,OFF,60,,,60,19,step,1,Eco,,,,
1788586506112,2026-09-05 13:35:06,1626,34.37,34.39134224281389,60,1,1,Eco/Super Eco,OFF,60,,,60,19,step,1,Eco,,,,
1788586507113,2026-09-05 13:35:07,1624,34.41,34.39134224281389,60,1,1,Eco/Super Eco,OFF,60,,,60,19,step,1,Eco,,,,
1788586508114,2026-09-05 13:35:08,1630,34.28,34.39134224281389,60,1,1,Eco/Super Eco,OFF,60,,,60,19,step,1,Eco,,,,
1788586509115,2026-09-05 13:35:09,1626,34.37,34.39134224281389,60,1,1,Eco/Super Eco,OFF,60,,,60,19,step,1,Eco,,,,
1788586510117,2026-09-05 13:35:10,1625,34.39,34.39134224281389,60,1,1,Eco/Super Eco,OFF,60,,,60,19,step,1,Eco,,,,
1788586511118,2026-09-05 13:35:11,1625,34.39,34.39134224281389,60,1,1,Eco/Super Eco,OFF,60,,,60,19,step,1,Eco,,,,
1788586512119,2026-09-05 13:35:12,1623,34.44,34.39134224281389,60,1,1,Eco/Super Eco,OFF,60,,,60,19,step,1,Eco,,,,
1788586513120,2026-09-05 13:35:13,1628,34.32,34.39134224281389,60,1,1,Eco/Super Eco,OFF,60,,,60,19,step,1,Eco,,,,
1788586514121,2026-09-05 13:35:14,1624,34.41,34.39134224281389,60,1,1,Eco/Super Eco,OFF,60,,,60,19,step,1,Eco,,,,
1788586515121,2026-09-05 13:35:15,1626,34.37,34.39134224281389,60,1,1,Eco/Super Eco,OFF,60,,,60,19,step,1,Eco,,,,
1788586516121,2026-09-05 13:35:16,1626,34.37,34.39134224281389,60,1,1,Eco/Super Eco,OFF,60,,,60,19,step,1,Eco,,,,
1788586517121,2026-09-05 13:35:17,1625,34.39,34.39134224281389,60,1,1,Eco/Super Eco,OFF,60,,,60,19,step,1,Eco,,,,
1788586518123,2026-09-05 13:35:18,1625,34.39,34.39134224281389,60,1,1,Eco/Super Eco,OFF,60,,,60,19,step,1,Eco,,,,
1788586519123,2026-09-05 13:35:19,1625,34.39,34.39134224281389,60,1,1,Eco/Super Eco,OFF,60,,,60,19,step,1,Eco,,,,
1788586520125,2026-09-05 13:35:20,1628,34.32,34.39134224281389,60,1,1,Eco/Super Eco,OFF,60,,,60,19,step,1,Eco,,,,
1788586521126,2026-09-05 13:35:21,1623,34.44,34.39134224281389,60,1,1,Eco/Super Eco,OFF,60,,,60,19,step,1,Eco,,,,
1788586522126,2026-09-05 13:35:22,1625,34.39,34.39134224281389,60,1,1,Eco/Super Eco,OFF,60,,,60,19,step,1,Eco,,,,
1788586523127,2026-09-05 13:35:23,1625,34.39,34.39134224281389,60,1,1,Eco/Super Eco,OFF,60,,,60,19,step,1,Eco,,,,
1788586524128,2026-09-05 13:35:24,1626,34.37,34.39134224281389,60,1,1,Eco/Super Eco,OFF,60,,,60,19,step,1,Eco,,,,
1788586525129,2026-09-05 13:35:25,1626,34.37,34.39134224281389,60,1,1,Eco/Super Eco,OFF,60,,,60,19,step,1,Eco,,,,
1788586526129,2026-09-05 13:35:26,1625,34.39,34.39134224281389,60,1,1,Eco/Super Eco,OFF,60,,,60,19,step,1,Eco,,,,
1788586527130,2026-09-05 13:35:27,1625,34.39,34.39134224281389,60,1,1,Eco/Super Eco,OFF,60,,,60,19,step,1,Eco,,,,
1788586528132,2026-09-05 13:35:28,1626,34.37,34.39134224281389,60,1,1,Eco/Super Eco,OFF,60,,,60,19,step,1,Eco,,,,
1788586529133,2026-09-05 13:35:29,1626,34.37,34.39134224281389,60,1,1,Eco/Super Eco,OFF,60,,,60,19,step,1,Eco,,,,
1788586530134,2026-09-05 13:35:30,1622,34.46,34.39134224281389,60,1,1,Eco/Super Eco,OFF,60,,,60,19,step,1,Eco,,,,
1788586531134,2026-09-05 13:35:31,1626,34.37,34.39134224281389,60,1,1,Eco/Super Eco,OFF,60,,,60,19,step,1,Eco,,,,
1788586532135,2026-09-05 13:35:32,1625,34.39,34.39134224281389,60,1,1,Eco/Super Eco,OFF,60,,,60,19,step,1,Eco,,,,
1788586533137,2026-09-05 13:35:33,1625,34.39,34.39134224281389,60,1,1,Eco/Super Eco,OFF,60,,,60,19,step,1,Eco,,,,
1788586534137,2026-09-05 13:35:34,1624,34.41,34.39134224281389,60,1,1,Eco/Super Eco,OFF,60,,,60,19,step,1,Eco,,,,
1788586535139,2026-09-05 13:35:35,1625,34.39,34.39134224281389,60,1,1,Eco/Super Eco,OFF,60,,,60,19,step,1,Eco,,,,
1788586536139,2026-09-05 13:35:36,1625,34.39,34.39134224281389,60,1,1,Eco/Super Eco,OFF,60,,,60,19,step,1,Eco,,,,
1788586537141,2026-09-05 13:35:37,1630,34.28,34.39134224281389,60,1,1,Eco/Super Eco,OFF,60,,,60,19,step,1,Eco,,,,
1788586538141,2026-09-05 13:35:38,1625,34.39,34.39134224281389,60,1,1,Eco/Super Eco,OFF,60,,,60,19,step,1,Eco,,,,
1788586539141,2026-09-05 13:35:39,1626,34.37,34.39134224281389,60,1,1,Eco/Super Eco,OFF,60,,,60,19,step,1,Eco,,,,
1788586540142,2026-09-05 13:35:40,1627,34.35,34.39134224281389,60,1,1,Eco/Super Eco,OFF,60,,,60,19,step,1,Eco,,,,
1788586541143,2026-09-05 13:35:41,1625,34.39,34.39134224281389,60,1,1,Eco/Super Eco,OFF,60,,,60,19,step,1,Eco,,,,
1788586542144,2026-09-05 13:35:42,1626,34.37,34.39134224281389,60,1,1,Eco/Super Eco,OFF,60,,,60,19,step,1,Eco,,,,
1788586543145,2026-09-05 13:35:43,1625,34.39,34.39134224281389,60,1,1,Eco/Super Eco,OFF,60,,,60,19,step,1,Eco,,,,
1788586544146,2026-09-05 13:35:44,1634,34.19,34.39134224281389,60,1,1,Eco/Super Eco,OFF,60,,,60,19,step,1,Eco,,,,
1788586545146,2026-09-05 13:35:45,1625,34.39,34.39134224281389,60,1,1,Eco/Super Eco,OFF,60,,,60,19,step,1,Eco,,,,
1788586546148,2026-09-05 13:35:46,1626,34.37,34.39134224281389,60,1,1,Eco/Super Eco,OFF,60,,,60,19,step,1,Eco,,,,
1788586547149,2026-09-05 13:35:47,1625,34.39,34.39134224281389,60,1,1,Eco/Super Eco,OFF,60,,,60,19,step,1,Eco,,,,
1788586548150,2026-09-05 13:35:48,1626,34.37,34.39134224281389,60,1,1,Eco/Super Eco,OFF,60,,,60,19,step,1,Eco,,,,
1788586549151,2026-09-05 13:35:49,1627,34.35,34.39134224281389,60,1,1,Eco/Super Eco,OFF,60,,,60,19,step,1,Eco,,,,
1788586550151,2026-09-05 13:35:50,1625,34.39,34.39134224281389,60,1,1,Eco/Super Eco,OFF,60,,,60,19,step,1,Eco,,,,
1788586551153,2026-09-05 13:35:51,1627,34.35,34.39134224281389,60,1,1,Eco/Super Eco,OFF,60,,,60,19,step,1,Eco,,,,
1788586552153,2026-09-05 13:35:52,1626,34.37,34.39134224281389,60,1,1,Eco/Super Eco,OFF,60,,,60,19,step,1,Eco,,,,
1788586553155,2026-09-05 13:35:53,1625,34.39,34.39134224281389,60,1,1,Eco/Super Eco,OFF,60,,,60,19,step,1,Eco,,,,
1788586554155,2026-09-05 13:35:54,1625,34.39,34.39134224281389,60,1,1,Eco/Super Eco,OFF,60,,,60,19,step,1,Eco,,,,
1788586555157,2026-09-05 13:35:55,1625,34.39,34.39134224281389,60,1,1,Eco/Super Eco,OFF,60,,,60,19,step,1,Eco,,,,
1788586556157,2026-09-05 13:35:56,1626,34.37,34.39134224281389,60,1,1,Eco/Super Eco,OFF,60,,,60,19,step,1,Eco,,,,
1788586557159,2026-09-05 13:35:57,1627,34.35,34.39134224281389,60,1,1,Eco/Super Eco,OFF,60,,,60,19,step,1,Eco,,,,
1788586558159,2026-09-05 13:35:58,1625,34.39,34.39134224281389,60,1,1,Eco/Super Eco,OFF,60,,,60,19,step,1,Eco,,,,
1788586559161,2026-09-05 13:35:59,1625,34.39,34.39134224281389,60,1,1,Eco/Super Eco,OFF,60,,,60,19,step,1,Eco,,,,
1788586560162,2026-09-05 13:36:00,1625,34.39,34.39134224281389,60,1,1,Eco/Super Eco,OFF,60,,,60,19,step,1,Eco,,,,
1788586561162,2026-09-05 13:36:01,1625,34.39,34.39134224281389,60,1,1,Eco/Super Eco,OFF,60,,,60,19,step,1,Eco,,,,
1788586562162,2026-09-05 13:36:02,1625,34.39,34.39134224281389,60,1,1,Eco/Super Eco,OFF,60,,,60,19,step,1,Eco,,,,
1788586563163,2026-09-05 13:36:03,1628,34.32,34.39134224281389,60,1,1,Eco/Super Eco,OFF,60,,,60,19,step,1,Eco,,,,
1788586564165,2026-09-05 13:36:04,1626,34.37,34.39134224281389,60,1,1,Eco/Super Eco,OFF,60,,,60,19,step,1,Eco,,,,
1788586565166,2026-09-05 13:36:05,1626,34.37,34.39134224281389,60,1,1,Eco/Super Eco,OFF,60,,,60,19,step,1,Eco,,,,
1788586566167,2026-09-05 13:36:06,1625,34.39,34.39134224281389,60,1,1,Eco/Super Eco,OFF,60,,,60,19,step,1,Eco,,,,
1788586567168,2026-09-05 13:36:07,1628,34.32,34.39134224281389,60,1,1,Eco/Super Eco,OFF,60,,,60,19,step,1,Eco,,,,
1788586568169,2026-09-05 13:36:08,1625,34.39,34.39134224281389,60,1,1,Eco/Super Eco,OFF,60,,,60,19,step,1,Eco,,,,
1788586569169,2026-09-05 13:36:09,1626,34.37,34.39134224281389,60,1,1,Eco/Super Eco,OFF,60,,,60,19,step,1,Eco,,,,
1788586570170,2026-09-05 13:36:10,1626,34.37,34.39134224281389,60,1,1,Eco/Super Eco,OFF,60,,,60,19,step,1,Eco,,,,
1788586571171,2026-09-05 13:36:11,1625,34.39,34.39134224281389,60,1,1,Eco/Super Eco,OFF,60,,,60,19,step,1,Eco,,,,
1788586572172,2026-09-05 13:36:12,1625,34.39,34.39134224281389,60,1,1,Eco/Super Eco,OFF,50,50,DLPC temp UNAVAILABLE,50,20,step,1,Eco,step_end:settled;step_start duty=50 mode=Eco;dlpc_unavailable,,,unavailable
1788586573174,2026-09-05 13:36:13,1625,34.39,34.39134224281389,50,1,1,Eco/Super Eco,OFF,50,,,50,20,step,1,Eco,,,,
1788586574175,2026-09-05 13:36:14,1626,34.37,34.39134224281389,50,1,1,Eco/Super Eco,OFF,50,,,50,20,step,1,Eco,,,,
1788586575175,2026-09-05 13:36:15,1624,34.41,34.39134224281389,50,1,1,Eco/Super Eco,OFF,50,,,50,20,step,1,Eco,,,,
1788586576177,2026-09-05 13:36:16,1625,34.39,34.39134224281389,50,1,1,Eco/Super Eco,OFF,50,,,50,20,step,1,Eco,,,,
1788586577177,2026-09-05 13:36:17,1625,34.39,34.39134224281389,50,1,1,Eco/Super Eco,OFF,50,,,50,20,step,1,Eco,,,,
1788586578179,2026-09-05 13:36:18,1625,34.39,34.39134224281389,50,1,1,Eco/Super Eco,OFF,50,,,50,20,step,1,Eco,,,,
1788586579180,2026-09-05 13:36:19,1622,34.46,34.39134224281389,50,1,1,Eco/Super Eco,OFF,50,,,50,20,step,1,Eco,,,,
1788586580182,2026-09-05 13:36:20,1625,34.39,34.39134224281389,50,1,1,Eco/Super Eco,OFF,50,,,50,20,step,1,Eco,,,,
1788586581183,2026-09-05 13:36:21,1626,34.37,34.39134224281389,50,1,1,Eco/Super Eco,OFF,50,,,50,20,step,1,Eco,,,,
1788586582184,2026-09-05 13:36:22,1623,34.44,34.39134224281389,50,1,1,Eco/Super Eco,OFF,50,,,50,20,step,1,Eco,,,,
1788586583185,2026-09-05 13:36:23,1622,34.46,34.39134224281389,50,1,1,Eco/Super Eco,OFF,50,,,50,20,step,1,Eco,,,,
1788586584187,2026-09-05 13:36:24,1625,34.39,34.39134224281389,50,1,1,Eco/Super Eco,OFF,50,,,50,20,step,1,Eco,,,,
1788586585188,2026-09-05 13:36:25,1625,34.39,34.39134224281389,50,1,1,Eco/Super Eco,OFF,50,,,50,20,step,1,Eco,,,,
1788586586188,2026-09-05 13:36:26,1619,34.53,34.39134224281389,50,1,1,Eco/Super Eco,OFF,50,,,50,20,step,1,Eco,,,,
1788586587189,2026-09-05 13:36:27,1623,34.44,34.39134224281389,50,1,1,Eco/Super Eco,OFF,50,,,50,20,step,1,Eco,,,,
1788586588191,2026-09-05 13:36:28,1623,34.44,34.39134224281389,50,1,1,Eco/Super Eco,OFF,50,,,50,20,step,1,Eco,,,,
1788586589191,2026-09-05 13:36:29,1621,34.48,34.39134224281389,50,1,1,Eco/Super Eco,OFF,50,,,50,20,step,1,Eco,,,,
1788586590193,2026-09-05 13:36:30,1621,34.48,34.39134224281389,50,1,1,Eco/Super Eco,OFF,50,,,50,20,step,1,Eco,,,,
1788586591194,2026-09-05 13:36:31,1621,34.48,34.39134224281389,50,1,1,Eco/Super Eco,OFF,50,,,50,20,step,1,Eco,,,,
1788586592194,2026-09-05 13:36:32,1620,34.50,34.39134224281389,50,1,1,Eco/Super Eco,OFF,50,,,50,20,step,1,Eco,,,,
1788586593196,2026-09-05 13:36:33,1622,34.46,34.5029968790505,50,1,1,Eco/Super Eco,OFF,50,,,50,20,step,1,Eco,,,,
1788586594198,2026-09-05 13:36:34,1622,34.46,34.5029968790505,50,1,1,Eco/Super Eco,OFF,50,,,50,20,step,1,Eco,,,,
1788586595200,2026-09-05 13:36:35,1620,34.50,34.5029968790505,50,1,1,Eco/Super Eco,OFF,50,,,50,20,step,1,Eco,,,,
1788586596202,2026-09-05 13:36:36,1618,34.55,34.5029968790505,50,1,1,Eco/Super Eco,OFF,50,,,50,20,step,1,Eco,,,,
1788586597204,2026-09-05 13:36:37,1619,34.53,34.5029968790505,50,1,1,Eco/Super Eco,OFF,50,,,50,20,step,1,Eco,,,,
1788586598204,2026-09-05 13:36:38,1621,34.48,34.5029968790505,50,1,1,Eco/Super Eco,OFF,50,,,50,20,step,1,Eco,,,,
1788586599205,2026-09-05 13:36:39,1616,34.59,34.5029968790505,50,1,1,Eco/Super Eco,OFF,50,,,50,20,step,1,Eco,,,,
1788586600206,2026-09-05 13:36:40,1616,34.59,34.5029968790505,50,1,1,Eco/Super Eco,OFF,50,,,50,20,step,1,Eco,,,,
1788586601208,2026-09-05 13:36:41,1615,34.61,34.5029968790505,50,1,1,Eco/Super Eco,OFF,50,,,50,20,step,1,Eco,,,,
1788586602208,2026-09-05 13:36:42,1617,34.57,34.5029968790505,50,1,1,Eco/Super Eco,OFF,50,,,50,20,step,1,Eco,,,,
1788586603208,2026-09-05 13:36:43,1618,34.55,34.5029968790505,50,1,1,Eco/Super Eco,OFF,50,,,50,20,step,1,Eco,,,,
1788586604209,2026-09-05 13:36:44,1618,34.55,34.5029968790505,50,1,1,Eco/Super Eco,OFF,50,,,50,20,step,1,Eco,,,,
1788586605209,2026-09-05 13:36:45,1614,34.64,34.5029968790505,50,1,1,Eco/Super Eco,OFF,50,,,50,20,step,1,Eco,,,,
1788586606211,2026-09-05 13:36:46,1617,34.57,34.5029968790505,50,1,1,Eco/Super Eco,OFF,50,,,50,20,step,1,Eco,,,,
1788586607212,2026-09-05 13:36:47,1616,34.59,34.5029968790505,50,1,1,Eco/Super Eco,OFF,50,,,50,20,step,1,Eco,,,,
1788586608212,2026-09-05 13:36:48,1615,34.61,34.59246483585963,50,1,1,Eco/Super Eco,OFF,50,,,50,20,step,1,Eco,,,,
1788586609213,2026-09-05 13:36:49,1617,34.57,34.59246483585963,50,1,1,Eco/Super Eco,OFF,50,,,50,20,step,1,Eco,,,,
1788586610214,2026-09-05 13:36:50,1617,34.57,34.59246483585963,50,1,1,Eco/Super Eco,OFF,50,,,50,20,step,1,Eco,,,,
1788586611215,2026-09-05 13:36:51,1614,34.64,34.59246483585963,50,1,1,Eco/Super Eco,OFF,50,,,50,20,step,1,Eco,,,,
1788586612215,2026-09-05 13:36:52,1614,34.64,34.59246483585963,50,1,1,Eco/Super Eco,OFF,50,,,50,20,step,1,Eco,,,,
1788586613217,2026-09-05 13:36:53,1615,34.61,34.59246483585963,50,1,1,Eco/Super Eco,OFF,50,,,50,20,step,1,Eco,,,,
1788586614217,2026-09-05 13:36:54,1617,34.57,34.59246483585963,50,1,1,Eco/Super Eco,OFF,50,,,50,20,step,1,Eco,,,,
1788586615217,2026-09-05 13:36:55,1614,34.64,34.59246483585963,50,1,1,Eco/Super Eco,OFF,50,,,50,20,step,1,Eco,,,,
1788586616218,2026-09-05 13:36:56,1615,34.61,34.59246483585963,50,1,1,Eco/Super Eco,OFF,50,,,50,20,step,1,Eco,,,,
1788586617218,2026-09-05 13:36:57,1616,34.59,34.59246483585963,50,1,1,Eco/Super Eco,OFF,50,,,50,20,step,1,Eco,,,,
1788586618218,2026-09-05 13:36:58,1614,34.64,34.59246483585963,50,1,1,Eco/Super Eco,OFF,50,,,50,20,step,1,Eco,,,,
1788586619218,2026-09-05 13:36:59,1614,34.64,34.59246483585963,50,1,1,Eco/Super Eco,OFF,50,,,50,20,step,1,Eco,,,,
1788586620219,2026-09-05 13:37:00,1617,34.57,34.59246483585963,50,1,1,Eco/Super Eco,OFF,50,,,50,20,step,1,Eco,,,,
1788586621220,2026-09-05 13:37:01,1614,34.64,34.59246483585963,50,1,1,Eco/Super Eco,OFF,50,,,50,20,step,1,Eco,,,,
1788586622222,2026-09-05 13:37:02,1611,34.70,34.59246483585963,50,1,1,Eco/Super Eco,OFF,50,,,50,20,step,1,Eco,,,,
1788586623226,2026-09-05 13:37:03,1612,34.68,34.704481774029205,50,1,1,Eco/Super Eco,OFF,50,,,50,20,step,1,Eco,,,,
1788586624226,2026-09-05 13:37:04,1613,34.66,34.704481774029205,50,1,1,Eco/Super Eco,OFF,50,,,50,20,step,1,Eco,,,,
1788586625227,2026-09-05 13:37:05,1612,34.68,34.704481774029205,50,1,1,Eco/Super Eco,OFF,50,,,50,20,step,1,Eco,,,,
1788586626228,2026-09-05 13:37:06,1610,34.73,34.704481774029205,50,1,1,Eco/Super Eco,OFF,50,,,50,20,step,1,Eco,,,,
1788586627230,2026-09-05 13:37:07,1612,34.68,34.704481774029205,50,1,1,Eco/Super Eco,OFF,50,,,50,20,step,1,Eco,,,,
1788586628231,2026-09-05 13:37:08,1610,34.73,34.704481774029205,50,1,1,Eco/Super Eco,OFF,50,,,50,20,step,1,Eco,,,,
1788586629232,2026-09-05 13:37:09,1611,34.70,34.704481774029205,50,1,1,Eco/Super Eco,OFF,50,,,50,20,step,1,Eco,,,,
1788586630233,2026-09-05 13:37:10,1612,34.68,34.704481774029205,50,1,1,Eco/Super Eco,OFF,50,,,50,20,step,1,Eco,,,,
1788586631233,2026-09-05 13:37:11,1612,34.68,34.704481774029205,50,1,1,Eco/Super Eco,OFF,50,,,50,20,step,1,Eco,,,,
1788586632235,2026-09-05 13:37:12,1609,34.75,34.704481774029205,50,1,1,Eco/Super Eco,OFF,50,,,50,20,step,1,Eco,,,,
1788586633236,2026-09-05 13:37:13,1610,34.73,34.704481774029205,50,1,1,Eco/Super Eco,OFF,50,,,50,20,step,1,Eco,,,,
1788586634236,2026-09-05 13:37:14,1612,34.68,34.704481774029205,50,1,1,Eco/Super Eco,OFF,50,,,50,20,step,1,Eco,,,,
1788586635236,2026-09-05 13:37:15,1611,34.70,34.704481774029205,50,1,1,Eco/Super Eco,OFF,50,,,50,20,step,1,Eco,,,,
1788586636237,2026-09-05 13:37:16,1611,34.70,34.704481774029205,50,1,1,Eco/Super Eco,OFF,50,,,50,20,step,1,Eco,,,,
1788586637241,2026-09-05 13:37:17,1610,34.73,34.704481774029205,50,1,1,Eco/Super Eco,OFF,50,,,50,20,step,1,Eco,,,,
1788586638240,2026-09-05 13:37:18,1608,34.77,34.726909588451065,50,1,1,Eco/Super Eco,OFF,50,,,50,20,step,1,Eco,,,,
1788586639241,2026-09-05 13:37:19,1609,34.75,34.726909588451065,50,1,1,Eco/Super Eco,OFF,50,,,50,20,step,1,Eco,,,,
1788586640242,2026-09-05 13:37:20,1609,34.75,34.726909588451065,50,1,1,Eco/Super Eco,OFF,50,,,50,20,step,1,Eco,,,,
1788586641245,2026-09-05 13:37:21,1610,34.73,34.726909588451065,50,1,1,Eco/Super Eco,OFF,50,,,50,20,step,1,Eco,,,,
1788586642245,2026-09-05 13:37:22,1609,34.75,34.726909588451065,50,1,1,Eco/Super Eco,OFF,50,,,50,20,step,1,Eco,,,,
1788586643245,2026-09-05 13:37:23,1607,34.79,34.726909588451065,50,1,1,Eco/Super Eco,OFF,50,,,50,20,step,1,Eco,,,,
1788586644247,2026-09-05 13:37:24,1609,34.75,34.726909588451065,50,1,1,Eco/Super Eco,OFF,50,,,50,20,step,1,Eco,,,,
1788586645248,2026-09-05 13:37:25,1610,34.73,34.726909588451065,50,1,1,Eco/Super Eco,OFF,50,,,50,20,step,1,Eco,,,,
1788586646249,2026-09-05 13:37:26,1610,34.73,34.726909588451065,50,1,1,Eco/Super Eco,OFF,50,,,50,20,step,1,Eco,,,,
1788586647250,2026-09-05 13:37:27,1609,34.75,34.726909588451065,50,1,1,Eco/Super Eco,OFF,50,,,50,20,step,1,Eco,,,,
1788586648251,2026-09-05 13:37:28,1610,34.73,34.726909588451065,50,1,1,Eco/Super Eco,OFF,50,,,50,20,step,1,Eco,,,,
1788586649253,2026-09-05 13:37:29,1609,34.75,34.726909588451065,50,1,1,Eco/Super Eco,OFF,50,,,50,20,step,1,Eco,,,,
1788586650254,2026-09-05 13:37:30,1608,34.77,34.726909588451065,50,1,1,Eco/Super Eco,OFF,50,,,50,20,step,1,Eco,,,,
1788586651255,2026-09-05 13:37:31,1609,34.75,34.726909588451065,50,1,1,Eco/Super Eco,OFF,50,,,50,20,step,1,Eco,,,,
1788586652256,2026-09-05 13:37:32,1607,34.79,34.726909588451065,50,1,1,Eco/Super Eco,OFF,50,,,50,20,step,1,Eco,,,,
1788586653257,2026-09-05 13:37:33,1607,34.79,34.79424217687483,50,1,1,Eco/Super Eco,OFF,50,,,50,20,step,1,Eco,,,,
1788586654257,2026-09-05 13:37:34,1608,34.77,34.79424217687483,50,1,1,Eco/Super Eco,OFF,50,,,50,20,step,1,Eco,,,,
1788586655259,2026-09-05 13:37:35,1607,34.79,34.79424217687483,50,1,1,Eco/Super Eco,OFF,50,,,50,20,step,1,Eco,,,,
1788586656259,2026-09-05 13:37:36,1607,34.79,34.79424217687483,50,1,1,Eco/Super Eco,OFF,50,,,50,20,step,1,Eco,,,,
1788586657260,2026-09-05 13:37:37,1607,34.79,34.79424217687483,50,1,1,Eco/Super Eco,OFF,50,,,50,20,step,1,Eco,,,,
1788586658261,2026-09-05 13:37:38,1605,34.84,34.79424217687483,50,1,1,Eco/Super Eco,OFF,50,,,50,20,step,1,Eco,,,,
1788586659262,2026-09-05 13:37:39,1603,34.88,34.79424217687483,50,1,1,Eco/Super Eco,OFF,50,,,50,20,step,1,Eco,,,,
1788586660263,2026-09-05 13:37:40,1606,34.82,34.79424217687483,50,1,1,Eco/Super Eco,OFF,50,,,50,20,step,1,Eco,,,,
1788586661264,2026-09-05 13:37:41,1615,34.61,34.79424217687483,50,1,1,Eco/Super Eco,OFF,50,,,50,20,step,1,Eco,,,,
1788586662264,2026-09-05 13:37:42,1607,34.79,34.79424217687483,50,1,1,Eco/Super Eco,OFF,50,,,50,20,step,1,Eco,,,,
1788586663266,2026-09-05 13:37:43,1606,34.82,34.79424217687483,50,1,1,Eco/Super Eco,OFF,50,,,50,20,step,1,Eco,,,,
1788586664267,2026-09-05 13:37:44,1605,34.84,34.79424217687483,50,1,1,Eco/Super Eco,OFF,50,,,50,20,step,1,Eco,,,,
1788586665268,2026-09-05 13:37:45,1605,34.84,34.79424217687483,50,1,1,Eco/Super Eco,OFF,50,,,50,20,step,1,Eco,,,,
1788586666269,2026-09-05 13:37:46,1608,34.77,34.79424217687483,50,1,1,Eco/Super Eco,OFF,50,,,50,20,step,1,Eco,,,,
1788586667270,2026-09-05 13:37:47,1607,34.79,34.79424217687483,50,1,1,Eco/Super Eco,OFF,50,,,50,20,step,1,Eco,,,,
1788586668271,2026-09-05 13:37:48,1606,34.82,34.79424217687483,50,1,1,Eco/Super Eco,OFF,50,,,50,20,step,1,Eco,,,,
1788586669272,2026-09-05 13:37:49,1605,34.84,34.79424217687483,50,1,1,Eco/Super Eco,OFF,50,,,50,20,step,1,Eco,,,,
1788586670272,2026-09-05 13:37:50,1606,34.82,34.79424217687483,50,1,1,Eco/Super Eco,OFF,50,,,50,20,step,1,Eco,,,,
1788586671272,2026-09-05 13:37:51,1607,34.79,34.79424217687483,50,1,1,Eco/Super Eco,OFF,50,,,50,20,step,1,Eco,,,,
1788586672272,2026-09-05 13:37:52,1604,34.86,34.79424217687483,50,1,1,Eco/Super Eco,OFF,50,,,50,20,step,1,Eco,,,,
1788586673273,2026-09-05 13:37:53,1606,34.82,34.79424217687483,50,1,1,Eco/Super Eco,OFF,50,,,50,20,step,1,Eco,,,,
1788586674275,2026-09-05 13:37:54,1605,34.84,34.79424217687483,50,1,1,Eco/Super Eco,OFF,50,,,50,20,step,1,Eco,,,,
1788586675276,2026-09-05 13:37:55,1606,34.82,34.79424217687483,50,1,1,Eco/Super Eco,OFF,50,,,50,20,step,1,Eco,,,,
1788586676277,2026-09-05 13:37:56,1605,34.84,34.79424217687483,50,1,1,Eco/Super Eco,OFF,50,,,50,20,step,1,Eco,,,,
1788586677278,2026-09-05 13:37:57,1606,34.82,34.79424217687483,50,1,1,Eco/Super Eco,OFF,50,,,50,20,step,1,Eco,,,,
1788586678279,2026-09-05 13:37:58,1604,34.86,34.79424217687483,50,1,1,Eco/Super Eco,OFF,50,,,50,20,step,1,Eco,,,,
1788586679279,2026-09-05 13:37:59,1604,34.86,34.79424217687483,50,1,1,Eco/Super Eco,OFF,50,,,50,20,step,1,Eco,,,,
1788586680281,2026-09-05 13:38:00,1605,34.84,34.79424217687483,50,1,1,Eco/Super Eco,OFF,50,,,50,20,step,1,Eco,,,,
1788586681282,2026-09-05 13:38:01,1604,34.86,34.79424217687483,50,1,1,Eco/Super Eco,OFF,50,,,50,20,step,1,Eco,,,,
1788586682283,2026-09-05 13:38:02,1606,34.82,34.79424217687483,50,1,1,Eco/Super Eco,OFF,50,,,50,20,step,1,Eco,,,,
1788586683283,2026-09-05 13:38:03,1604,34.86,34.81670280894508,50,1,1,Eco/Super Eco,OFF,50,,,50,20,step,1,Eco,,,,
1788586684285,2026-09-05 13:38:04,1607,34.79,34.81670280894508,50,1,1,Eco/Super Eco,OFF,50,,,50,20,step,1,Eco,,,,
1788586685285,2026-09-05 13:38:05,1605,34.84,34.81670280894508,50,1,1,Eco/Super Eco,OFF,50,,,50,20,step,1,Eco,,,,
1788586686286,2026-09-05 13:38:06,1603,34.88,34.81670280894508,50,1,1,Eco/Super Eco,OFF,50,,,50,20,step,1,Eco,,,,
1788586687286,2026-09-05 13:38:07,1605,34.84,34.81670280894508,50,1,1,Eco/Super Eco,OFF,50,,,50,20,step,1,Eco,,,,
1788586688287,2026-09-05 13:38:08,1605,34.84,34.81670280894508,50,1,1,Eco/Super Eco,OFF,50,,,50,20,step,1,Eco,,,,
1788586689289,2026-09-05 13:38:09,1603,34.88,34.81670280894508,50,1,1,Eco/Super Eco,OFF,50,,,50,20,step,1,Eco,,,,
1788586690290,2026-09-05 13:38:10,1604,34.86,34.81670280894508,50,1,1,Eco/Super Eco,OFF,50,,,50,20,step,1,Eco,,,,
1788586691290,2026-09-05 13:38:11,1605,34.84,34.81670280894508,50,1,1,Eco/Super Eco,OFF,50,,,50,20,step,1,Eco,,,,
1788586692291,2026-09-05 13:38:12,1603,34.88,34.81670280894508,50,1,1,Eco/Super Eco,OFF,50,,,50,20,step,1,Eco,,,,
1788586693293,2026-09-05 13:38:13,1602,34.91,34.81670280894508,50,1,1,Eco/Super Eco,OFF,50,,,50,20,step,1,Eco,,,,
1788586694294,2026-09-05 13:38:14,1605,34.84,34.81670280894508,50,1,1,Eco/Super Eco,OFF,50,,,50,20,step,1,Eco,,,,
1788586695294,2026-09-05 13:38:15,1606,34.82,34.81670280894508,50,1,1,Eco/Super Eco,OFF,50,,,50,20,step,1,Eco,,,,
1788586696295,2026-09-05 13:38:16,1603,34.88,34.81670280894508,50,1,1,Eco/Super Eco,OFF,50,,,50,20,step,1,Eco,,,,
1788586697297,2026-09-05 13:38:17,1603,34.88,34.81670280894508,50,1,1,Eco/Super Eco,OFF,50,,,50,20,step,1,Eco,,,,
1788586698298,2026-09-05 13:38:18,1605,34.84,34.88413424134359,50,1,1,Eco/Super Eco,OFF,50,,,50,20,step,1,Eco,,,,
1788586699299,2026-09-05 13:38:19,1601,34.93,34.88413424134359,50,1,1,Eco/Super Eco,OFF,50,,,50,20,step,1,Eco,,,,
1788586700299,2026-09-05 13:38:20,1601,34.93,34.88413424134359,50,1,1,Eco/Super Eco,OFF,50,,,50,20,step,1,Eco,,,,
1788586701300,2026-09-05 13:38:21,1603,34.88,34.88413424134359,50,1,1,Eco/Super Eco,OFF,50,,,50,20,step,1,Eco,,,,
1788586702302,2026-09-05 13:38:22,1603,34.88,34.88413424134359,50,1,1,Eco/Super Eco,OFF,50,,,50,20,step,1,Eco,,,,
1788586703302,2026-09-05 13:38:23,1602,34.91,34.88413424134359,50,1,1,Eco/Super Eco,OFF,50,,,50,20,step,1,Eco,,,,
1788586704304,2026-09-05 13:38:24,1603,34.88,34.88413424134359,50,1,1,Eco/Super Eco,OFF,50,,,50,20,step,1,Eco,,,,
1788586705305,2026-09-05 13:38:25,1602,34.91,34.88413424134359,50,1,1,Eco/Super Eco,OFF,50,,,50,20,step,1,Eco,,,,
1788586706305,2026-09-05 13:38:26,1605,34.84,34.88413424134359,50,1,1,Eco/Super Eco,OFF,50,,,50,20,step,1,Eco,,,,
1788586707306,2026-09-05 13:38:27,1599,34.97,34.88413424134359,50,1,1,Eco/Super Eco,OFF,50,,,50,20,step,1,Eco,,,,
1788586708307,2026-09-05 13:38:28,1602,34.91,34.88413424134359,50,1,1,Eco/Super Eco,OFF,50,,,50,20,step,1,Eco,,,,
1788586709308,2026-09-05 13:38:29,1604,34.86,34.88413424134359,50,1,1,Eco/Super Eco,OFF,50,,,50,20,step,1,Eco,,,,
1788586710310,2026-09-05 13:38:30,1601,34.93,34.88413424134359,50,1,1,Eco/Super Eco,OFF,50,,,50,20,step,1,Eco,,,,
1788586711311,2026-09-05 13:38:31,1602,34.91,34.88413424134359,50,1,1,Eco/Super Eco,OFF,50,,,50,20,step,1,Eco,,,,
1788586712311,2026-09-05 13:38:32,1604,34.86,34.88413424134359,50,1,1,Eco/Super Eco,OFF,50,,,50,20,step,1,Eco,,,,
1788586713313,2026-09-05 13:38:33,1598,35.00,34.97415901404355,50,1,1,Eco/Super Eco,OFF,50,,,50,20,step,1,Eco,,,,
1788586714315,2026-09-05 13:38:34,1596,35.04,34.97415901404355,50,1,1,Eco/Super Eco,OFF,50,,,50,20,step,1,Eco,,,,
1788586715315,2026-09-05 13:38:35,1599,34.97,34.97415901404355,50,1,1,Eco/Super Eco,OFF,50,,,50,20,step,1,Eco,,,,
1788586716318,2026-09-05 13:38:36,1598,35.00,34.97415901404355,50,1,1,Eco/Super Eco,OFF,50,,,50,20,step,1,Eco,,,,
1788586717320,2026-09-05 13:38:37,1602,34.91,34.97415901404355,50,1,1,Eco/Super Eco,OFF,50,,,50,20,step,1,Eco,,,,
1788586718321,2026-09-05 13:38:38,1599,34.97,34.97415901404355,50,1,1,Eco/Super Eco,OFF,50,,,50,20,step,1,Eco,,,,
1788586719322,2026-09-05 13:38:39,1598,35.00,34.97415901404355,50,1,1,Eco/Super Eco,OFF,50,,,50,20,step,1,Eco,,,,
1788586720324,2026-09-05 13:38:40,1603,34.88,34.97415901404355,50,1,1,Eco/Super Eco,OFF,50,,,50,20,step,1,Eco,,,,
1788586721326,2026-09-05 13:38:41,1602,34.91,34.97415901404355,50,1,1,Eco/Super Eco,OFF,50,,,50,20,step,1,Eco,,,,
1788586722327,2026-09-05 13:38:42,1601,34.93,34.97415901404355,50,1,1,Eco/Super Eco,OFF,50,,,50,20,step,1,Eco,,,,
1788586723327,2026-09-05 13:38:43,1602,34.91,34.97415901404355,50,1,1,Eco/Super Eco,OFF,50,,,50,20,step,1,Eco,,,,
1788586724329,2026-09-05 13:38:44,1602,34.91,34.97415901404355,50,1,1,Eco/Super Eco,OFF,50,,,50,20,step,1,Eco,,,,
1788586725330,2026-09-05 13:38:45,1597,35.02,34.97415901404355,50,1,1,Eco/Super Eco,OFF,50,,,50,20,step,1,Eco,,,,
1788586726331,2026-09-05 13:38:46,1601,34.93,34.97415901404355,50,1,1,Eco/Super Eco,OFF,50,,,50,20,step,1,Eco,,,,
1788586727332,2026-09-05 13:38:47,1602,34.91,34.97415901404355,50,1,1,Eco/Super Eco,OFF,50,,,50,20,step,1,Eco,,,,
1788586728332,2026-09-05 13:38:48,1598,35.00,34.97415901404355,50,1,1,Eco/Super Eco,OFF,50,,,50,20,step,1,Eco,,,,
1788586729334,2026-09-05 13:38:49,1598,35.00,34.97415901404355,50,1,1,Eco/Super Eco,OFF,50,,,50,20,step,1,Eco,,,,
1788586730334,2026-09-05 13:38:50,1599,34.97,34.97415901404355,50,1,1,Eco/Super Eco,OFF,50,,,50,20,step,1,Eco,,,,
1788586731335,2026-09-05 13:38:51,1598,35.00,34.97415901404355,50,1,1,Eco/Super Eco,OFF,50,,,50,20,step,1,Eco,,,,
1788586732337,2026-09-05 13:38:52,1599,34.97,34.97415901404355,50,1,1,Eco/Super Eco,OFF,50,,,50,20,step,1,Eco,,,,
1788586733337,2026-09-05 13:38:53,1599,34.97,34.97415901404355,50,1,1,Eco/Super Eco,OFF,50,,,50,20,step,1,Eco,,,,
1788586734338,2026-09-05 13:38:54,1598,35.00,34.97415901404355,50,1,1,Eco/Super Eco,OFF,50,,,50,20,step,1,Eco,,,,
1788586735339,2026-09-05 13:38:55,1602,34.91,34.97415901404355,50,1,1,Eco/Super Eco,OFF,50,,,50,20,step,1,Eco,,,,
1788586736340,2026-09-05 13:38:56,1598,35.00,34.97415901404355,50,1,1,Eco/Super Eco,OFF,50,,,50,20,step,1,Eco,,,,
1788586737341,2026-09-05 13:38:57,1601,34.93,34.97415901404355,50,1,1,Eco/Super Eco,OFF,50,,,50,20,step,1,Eco,,,,
1788586738342,2026-09-05 13:38:58,1601,34.93,34.97415901404355,50,1,1,Eco/Super Eco,OFF,50,,,50,20,step,1,Eco,,,,
1788586739343,2026-09-05 13:38:59,1597,35.02,34.97415901404355,50,1,1,Eco/Super Eco,OFF,50,,,50,20,step,1,Eco,,,,
1788586740345,2026-09-05 13:39:00,1598,35.00,34.97415901404355,50,1,1,Eco/Super Eco,OFF,50,,,50,20,step,1,Eco,,,,
1788586741346,2026-09-05 13:39:01,1598,35.00,34.97415901404355,50,1,1,Eco/Super Eco,OFF,50,,,50,20,step,1,Eco,,,,
1788586742347,2026-09-05 13:39:02,1598,35.00,34.97415901404355,50,1,1,Eco/Super Eco,OFF,50,,,50,20,step,1,Eco,,,,
1788586743349,2026-09-05 13:39:03,1600,34.95,34.996686066163534,50,1,1,Eco/Super Eco,OFF,50,,,50,20,step,1,Eco,,,,
1788586744351,2026-09-05 13:39:04,1601,34.93,34.996686066163534,50,1,1,Eco/Super Eco,OFF,50,,,50,20,step,1,Eco,,,,
1788586745351,2026-09-05 13:39:05,1596,35.04,34.996686066163534,50,1,1,Eco/Super Eco,OFF,50,,,50,20,step,1,Eco,,,,
1788586746353,2026-09-05 13:39:06,1598,35.00,34.996686066163534,50,1,1,Eco/Super Eco,OFF,50,,,50,20,step,1,Eco,,,,
1788586747354,2026-09-05 13:39:07,1599,34.97,34.996686066163534,50,1,1,Eco/Super Eco,OFF,50,,,50,20,step,1,Eco,,,,
1788586748355,2026-09-05 13:39:08,1598,35.00,34.996686066163534,50,1,1,Eco/Super Eco,OFF,50,,,50,20,step,1,Eco,,,,
1788586749356,2026-09-05 13:39:09,1597,35.02,34.996686066163534,50,1,1,Eco/Super Eco,OFF,50,,,50,20,step,1,Eco,,,,
1788586750356,2026-09-05 13:39:10,1596,35.04,34.996686066163534,50,1,1,Eco/Super Eco,OFF,50,,,50,20,step,1,Eco,,,,
1788586751358,2026-09-05 13:39:11,1599,34.97,34.996686066163534,50,1,1,Eco/Super Eco,OFF,50,,,50,20,step,1,Eco,,,,
1788586752359,2026-09-05 13:39:12,1598,35.00,34.996686066163534,50,1,1,Eco/Super Eco,OFF,45,45,DLPC temp UNAVAILABLE,45,21,step,1,Eco,step_end:settled;step_start duty=45 mode=Eco;dlpc_unavailable,,,unavailable
1788586753361,2026-09-05 13:39:13,1597,35.02,34.996686066163534,45,1,1,Eco/Super Eco,OFF,45,,,45,21,step,1,Eco,,,,
1788586754362,2026-09-05 13:39:14,1596,35.04,34.996686066163534,45,1,1,Eco/Super Eco,OFF,45,,,45,21,step,1,Eco,,,,
1788586755363,2026-09-05 13:39:15,1598,35.00,34.996686066163534,45,1,1,Eco/Super Eco,OFF,45,,,45,21,step,1,Eco,,,,
1788586756364,2026-09-05 13:39:16,1591,35.15,34.996686066163534,45,1,1,Eco/Super Eco,OFF,45,,,45,21,step,1,Eco,,,,
1788586757364,2026-09-05 13:39:17,1595,35.06,34.996686066163534,45,1,1,Eco/Super Eco,OFF,45,,,45,21,step,1,Eco,,,,
1788586758366,2026-09-05 13:39:18,1597,35.02,35.06431754825849,43,1,1,Eco/Super Eco,OFF,45,45,foreign_write 43 reassert(was 43),45,21,step,1,Eco,foreign_write:43,,,
1788586759367,2026-09-05 13:39:19,1596,35.04,35.06431754825849,45,1,1,Eco/Super Eco,OFF,45,,,45,21,step,1,Eco,,,,
1788586760367,2026-09-05 13:39:20,1597,35.02,35.06431754825849,45,1,1,Eco/Super Eco,OFF,45,,,45,21,step,1,Eco,,,,
1788586761369,2026-09-05 13:39:21,1593,35.11,35.06431754825849,45,1,1,Eco/Super Eco,OFF,45,,,45,21,step,1,Eco,,,,
1788586762371,2026-09-05 13:39:22,1597,35.02,35.06431754825849,45,1,1,Eco/Super Eco,OFF,45,,,45,21,step,1,Eco,,,,
1788586763372,2026-09-05 13:39:23,1595,35.06,35.06431754825849,45,1,1,Eco/Super Eco,OFF,45,,,45,21,step,1,Eco,,,,
1788586764372,2026-09-05 13:39:24,1593,35.11,35.06431754825849,45,1,1,Eco/Super Eco,OFF,45,,,45,21,step,1,Eco,,,,
1788586765374,2026-09-05 13:39:25,1595,35.06,35.06431754825849,45,1,1,Eco/Super Eco,OFF,45,,,45,21,step,1,Eco,,,,
1788586766375,2026-09-05 13:39:26,1595,35.06,35.06431754825849,45,1,1,Eco/Super Eco,OFF,45,,,45,21,step,1,Eco,,,,
1788586767377,2026-09-05 13:39:27,1594,35.09,35.06431754825849,45,1,1,Eco/Super Eco,OFF,45,,,45,21,step,1,Eco,,,,
1788586768378,2026-09-05 13:39:28,1595,35.06,35.06431754825849,45,1,1,Eco/Super Eco,OFF,45,,,45,21,step,1,Eco,,,,
1788586769378,2026-09-05 13:39:29,1597,35.02,35.06431754825849,45,1,1,Eco/Super Eco,OFF,45,,,45,21,step,1,Eco,,,,
1788586770379,2026-09-05 13:39:30,1595,35.06,35.06431754825849,45,1,1,Eco/Super Eco,OFF,45,,,45,21,step,1,Eco,,,,
1788586771381,2026-09-05 13:39:31,1594,35.09,35.06431754825849,45,1,1,Eco/Super Eco,OFF,45,,,45,21,step,1,Eco,,,,
1788586772383,2026-09-05 13:39:32,1591,35.15,35.06431754825849,45,1,1,Eco/Super Eco,OFF,45,,,45,21,step,1,Eco,,,,
1788586773383,2026-09-05 13:39:33,1592,35.13,35.154610904027265,45,1,1,Eco/Super Eco,OFF,45,,,45,21,step,1,Eco,,,,
1788586774385,2026-09-05 13:39:34,1596,35.04,35.154610904027265,45,1,1,Eco/Super Eco,OFF,45,,,45,21,step,1,Eco,,,,
1788586775386,2026-09-05 13:39:35,1590,35.18,35.154610904027265,45,1,1,Eco/Super Eco,OFF,45,,,45,21,step,1,Eco,,,,
1788586776386,2026-09-05 13:39:36,1593,35.11,35.154610904027265,45,1,1,Eco/Super Eco,OFF,45,,,45,21,step,1,Eco,,,,
1788586777387,2026-09-05 13:39:37,1593,35.11,35.154610904027265,45,1,1,Eco/Super Eco,OFF,45,,,45,21,step,1,Eco,,,,
1788586778389,2026-09-05 13:39:38,1589,35.20,35.154610904027265,45,1,1,Eco/Super Eco,OFF,45,,,45,21,step,1,Eco,,,,
1788586779390,2026-09-05 13:39:39,1591,35.15,35.154610904027265,45,1,1,Eco/Super Eco,OFF,45,,,45,21,step,1,Eco,,,,
1788586780391,2026-09-05 13:39:40,1591,35.15,35.154610904027265,45,1,1,Eco/Super Eco,OFF,45,,,45,21,step,1,Eco,,,,
1788586781393,2026-09-05 13:39:41,1592,35.13,35.154610904027265,45,1,1,Eco/Super Eco,OFF,45,,,45,21,step,1,Eco,,,,
1788586782393,2026-09-05 13:39:42,1593,35.11,35.154610904027265,45,1,1,Eco/Super Eco,OFF,45,,,45,21,step,1,Eco,,,,
1788586783395,2026-09-05 13:39:43,1592,35.13,35.154610904027265,45,1,1,Eco/Super Eco,OFF,45,,,45,21,step,1,Eco,,,,
1788586784397,2026-09-05 13:39:44,1592,35.13,35.154610904027265,45,1,1,Eco/Super Eco,OFF,45,,,45,21,step,1,Eco,,,,
1788586785397,2026-09-05 13:39:45,1590,35.18,35.154610904027265,45,1,1,Eco/Super Eco,OFF,45,,,45,21,step,1,Eco,,,,
1788586786397,2026-09-05 13:39:46,1592,35.13,35.154610904027265,45,1,1,Eco/Super Eco,OFF,45,,,45,21,step,1,Eco,,,,
1788586787399,2026-09-05 13:39:47,1591,35.15,35.154610904027265,45,1,1,Eco/Super Eco,OFF,45,,,45,21,step,1,Eco,,,,
1788586788399,2026-09-05 13:39:48,1591,35.15,35.154610904027265,45,1,1,Eco/Super Eco,OFF,45,,,45,21,step,1,Eco,,,,
1788586789400,2026-09-05 13:39:49,1590,35.18,35.154610904027265,45,1,1,Eco/Super Eco,OFF,45,,,45,21,step,1,Eco,,,,
1788586790400,2026-09-05 13:39:50,1591,35.15,35.154610904027265,45,1,1,Eco/Super Eco,OFF,45,,,45,21,step,1,Eco,,,,
1788586791400,2026-09-05 13:39:51,1591,35.15,35.154610904027265,45,1,1,Eco/Super Eco,OFF,45,,,45,21,step,1,Eco,,,,
1788586792402,2026-09-05 13:39:52,1589,35.20,35.154610904027265,45,1,1,Eco/Super Eco,OFF,45,,,45,21,step,1,Eco,,,,
1788586793403,2026-09-05 13:39:53,1590,35.18,35.154610904027265,45,1,1,Eco/Super Eco,OFF,45,,,45,21,step,1,Eco,,,,
1788586794403,2026-09-05 13:39:54,1588,35.22,35.154610904027265,45,1,1,Eco/Super Eco,OFF,45,,,45,21,step,1,Eco,,,,
1788586795405,2026-09-05 13:39:55,1589,35.20,35.154610904027265,45,1,1,Eco/Super Eco,OFF,45,,,45,21,step,1,Eco,,,,
1788586796406,2026-09-05 13:39:56,1590,35.18,35.154610904027265,45,1,1,Eco/Super Eco,OFF,45,,,45,21,step,1,Eco,,,,
1788586797407,2026-09-05 13:39:57,1586,35.27,35.154610904027265,45,1,1,Eco/Super Eco,OFF,45,,,45,21,step,1,Eco,,,,
1788586798408,2026-09-05 13:39:58,1588,35.22,35.154610904027265,45,1,1,Eco/Super Eco,OFF,45,,,45,21,step,1,Eco,,,,
1788586799410,2026-09-05 13:39:59,1587,35.25,35.154610904027265,45,1,1,Eco/Super Eco,OFF,45,,,45,21,step,1,Eco,,,,
1788586800412,2026-09-05 13:40:00,1589,35.20,35.154610904027265,45,1,1,Eco/Super Eco,OFF,45,,,45,21,step,1,Eco,,,,
1788586801419,2026-09-05 13:40:01,1586,35.27,35.154610904027265,45,1,1,Eco/Super Eco,OFF,45,,,45,21,step,1,Eco,,,,
1788586802419,2026-09-05 13:40:02,1587,35.25,35.154610904027265,45,1,1,Eco/Super Eco,OFF,45,,,45,21,step,1,Eco,,,,
1788586803420,2026-09-05 13:40:03,1588,35.22,35.245040148224234,45,1,1,Eco/Super Eco,OFF,45,,,45,21,step,1,Eco,,,,
1788586804422,2026-09-05 13:40:04,1586,35.27,35.245040148224234,45,1,1,Eco/Super Eco,OFF,45,,,45,21,step,1,Eco,,,,
1788586805422,2026-09-05 13:40:05,1584,35.31,35.245040148224234,45,1,1,Eco/Super Eco,OFF,45,,,45,21,step,1,Eco,,,,
1788586806423,2026-09-05 13:40:06,1589,35.20,35.245040148224234,45,1,1,Eco/Super Eco,OFF,45,,,45,21,step,1,Eco,,,,
1788586807423,2026-09-05 13:40:07,1586,35.27,35.245040148224234,45,1,1,Eco/Super Eco,OFF,45,,,45,21,step,1,Eco,,,,
1788586808424,2026-09-05 13:40:08,1588,35.22,35.245040148224234,45,1,1,Eco/Super Eco,OFF,45,,,45,21,step,1,Eco,,,,
1788586809426,2026-09-05 13:40:09,1585,35.29,35.245040148224234,45,1,1,Eco/Super Eco,OFF,45,,,45,21,step,1,Eco,,,,
1788586810426,2026-09-05 13:40:10,1585,35.29,35.245040148224234,45,1,1,Eco/Super Eco,OFF,45,,,45,21,step,1,Eco,,,,
1788586811427,2026-09-05 13:40:11,1586,35.27,35.245040148224234,45,1,1,Eco/Super Eco,OFF,45,,,45,21,step,1,Eco,,,,
1788586812428,2026-09-05 13:40:12,1586,35.27,35.245040148224234,45,1,1,Eco/Super Eco,OFF,45,,,45,21,step,1,Eco,,,,
1788586813428,2026-09-05 13:40:13,1585,35.29,35.245040148224234,45,1,1,Eco/Super Eco,OFF,45,,,45,21,step,1,Eco,,,,
1788586814429,2026-09-05 13:40:14,1588,35.22,35.245040148224234,45,1,1,Eco/Super Eco,OFF,45,,,45,21,step,1,Eco,,,,
1788586815430,2026-09-05 13:40:15,1585,35.29,35.245040148224234,45,1,1,Eco/Super Eco,OFF,45,,,45,21,step,1,Eco,,,,
1788586816431,2026-09-05 13:40:16,1588,35.22,35.245040148224234,45,1,1,Eco/Super Eco,OFF,45,,,45,21,step,1,Eco,,,,
1788586817432,2026-09-05 13:40:17,1588,35.22,35.245040148224234,45,1,1,Eco/Super Eco,OFF,45,,,45,21,step,1,Eco,,,,
1788586818434,2026-09-05 13:40:18,1586,35.27,35.22242003903085,45,1,1,Eco/Super Eco,OFF,45,,,45,21,step,1,Eco,,,,
1788586819434,2026-09-05 13:40:19,1584,35.31,35.22242003903085,45,1,1,Eco/Super Eco,OFF,45,,,45,21,step,1,Eco,,,,
1788586820435,2026-09-05 13:40:20,1585,35.29,35.22242003903085,45,1,1,Eco/Super Eco,OFF,45,,,45,21,step,1,Eco,,,,
1788586821436,2026-09-05 13:40:21,1585,35.29,35.22242003903085,45,1,1,Eco/Super Eco,OFF,45,,,45,21,step,1,Eco,,,,
1788586822437,2026-09-05 13:40:22,1585,35.29,35.22242003903085,45,1,1,Eco/Super Eco,OFF,45,,,45,21,step,1,Eco,,,,
1788586823439,2026-09-05 13:40:23,1583,35.34,35.22242003903085,45,1,1,Eco/Super Eco,OFF,45,,,45,21,step,1,Eco,,,,
1788586824439,2026-09-05 13:40:24,1585,35.29,35.22242003903085,45,1,1,Eco/Super Eco,OFF,45,,,45,21,step,1,Eco,,,,
1788586825440,2026-09-05 13:40:25,1583,35.34,35.22242003903085,45,1,1,Eco/Super Eco,OFF,45,,,45,21,step,1,Eco,,,,
1788586826441,2026-09-05 13:40:26,1586,35.27,35.22242003903085,45,1,1,Eco/Super Eco,OFF,45,,,45,21,step,1,Eco,,,,
1788586827443,2026-09-05 13:40:27,1583,35.34,35.22242003903085,45,1,1,Eco/Super Eco,OFF,45,,,45,21,step,1,Eco,,,,
1788586828444,2026-09-05 13:40:28,1583,35.34,35.22242003903085,45,1,1,Eco/Super Eco,OFF,45,,,45,21,step,1,Eco,,,,
1788586829445,2026-09-05 13:40:29,1582,35.36,35.22242003903085,45,1,1,Eco/Super Eco,OFF,45,,,45,21,step,1,Eco,,,,
1788586830445,2026-09-05 13:40:30,1583,35.34,35.22242003903085,45,1,1,Eco/Super Eco,OFF,45,,,45,21,step,1,Eco,,,,
1788586831447,2026-09-05 13:40:31,1583,35.34,35.22242003903085,45,1,1,Eco/Super Eco,OFF,45,,,45,21,step,1,Eco,,,,
1788586832449,2026-09-05 13:40:32,1583,35.34,35.22242003903085,45,1,1,Eco/Super Eco,OFF,45,,,45,21,step,1,Eco,,,,
1788586833449,2026-09-05 13:40:33,1582,35.36,35.335606354640504,45,1,1,Eco/Super Eco,OFF,45,,,45,21,step,1,Eco,,,,
1788586834450,2026-09-05 13:40:34,1582,35.36,35.335606354640504,45,1,1,Eco/Super Eco,OFF,45,,,45,21,step,1,Eco,,,,
1788586835451,2026-09-05 13:40:35,1581,35.38,35.335606354640504,45,1,1,Eco/Super Eco,OFF,45,,,45,21,step,1,Eco,,,,
1788586836453,2026-09-05 13:40:36,1591,35.15,35.335606354640504,45,1,1,Eco/Super Eco,OFF,45,,,45,21,step,1,Eco,,,,
1788586837455,2026-09-05 13:40:37,1583,35.34,35.335606354640504,45,1,1,Eco/Super Eco,OFF,45,,,45,21,step,1,Eco,,,,
1788586838455,2026-09-05 13:40:38,1580,35.40,35.335606354640504,45,1,1,Eco/Super Eco,OFF,45,,,45,21,step,1,Eco,,,,
1788586839456,2026-09-05 13:40:39,1583,35.34,35.335606354640504,45,1,1,Eco/Super Eco,OFF,45,,,45,21,step,1,Eco,,,,
1788586840458,2026-09-05 13:40:40,1581,35.38,35.335606354640504,45,1,1,Eco/Super Eco,OFF,45,,,45,21,step,1,Eco,,,,
1788586841458,2026-09-05 13:40:41,1582,35.36,35.335606354640504,45,1,1,Eco/Super Eco,OFF,45,,,45,21,step,1,Eco,,,,
1788586842460,2026-09-05 13:40:42,1583,35.34,35.335606354640504,45,1,1,Eco/Super Eco,OFF,45,,,45,21,step,1,Eco,,,,
1788586843460,2026-09-05 13:40:43,1583,35.34,35.335606354640504,45,1,1,Eco/Super Eco,OFF,45,,,45,21,step,1,Eco,,,,
1788586844461,2026-09-05 13:40:44,1582,35.36,35.335606354640504,45,1,1,Eco/Super Eco,OFF,45,,,45,21,step,1,Eco,,,,
1788586845461,2026-09-05 13:40:45,1582,35.36,35.335606354640504,45,1,1,Eco/Super Eco,OFF,45,,,45,21,step,1,Eco,,,,
1788586846462,2026-09-05 13:40:46,1582,35.36,35.335606354640504,45,1,1,Eco/Super Eco,OFF,45,,,45,21,step,1,Eco,,,,
1788586847462,2026-09-05 13:40:47,1581,35.38,35.335606354640504,45,1,1,Eco/Super Eco,OFF,45,,,45,21,step,1,Eco,,,,
1788586848462,2026-09-05 13:40:48,1583,35.34,35.380941156152176,45,1,1,Eco/Super Eco,OFF,45,,,45,21,step,1,Eco,,,,
1788586849462,2026-09-05 13:40:49,1580,35.40,35.380941156152176,45,1,1,Eco/Super Eco,OFF,45,,,45,21,step,1,Eco,,,,
1788586850463,2026-09-05 13:40:50,1583,35.34,35.380941156152176,45,1,1,Eco/Super Eco,OFF,45,,,45,21,step,1,Eco,,,,
1788586851465,2026-09-05 13:40:51,1581,35.38,35.380941156152176,45,1,1,Eco/Super Eco,OFF,45,,,45,21,step,1,Eco,,,,
1788586852466,2026-09-05 13:40:52,1584,35.31,35.380941156152176,45,1,1,Eco/Super Eco,OFF,45,,,45,21,step,1,Eco,,,,
1788586853466,2026-09-05 13:40:53,1582,35.36,35.380941156152176,45,1,1,Eco/Super Eco,OFF,45,,,45,21,step,1,Eco,,,,
1788586854467,2026-09-05 13:40:54,1581,35.38,35.380941156152176,45,1,1,Eco/Super Eco,OFF,45,,,45,21,step,1,Eco,,,,
1788586855468,2026-09-05 13:40:55,1580,35.40,35.380941156152176,45,1,1,Eco/Super Eco,OFF,45,,,45,21,step,1,Eco,,,,
1788586856469,2026-09-05 13:40:56,1579,35.43,35.380941156152176,45,1,1,Eco/Super Eco,OFF,45,,,45,21,step,1,Eco,,,,
1788586857469,2026-09-05 13:40:57,1581,35.38,35.380941156152176,45,1,1,Eco/Super Eco,OFF,45,,,45,21,step,1,Eco,,,,
1788586858471,2026-09-05 13:40:58,1579,35.43,35.380941156152176,45,1,1,Eco/Super Eco,OFF,45,,,45,21,step,1,Eco,,,,
1788586859473,2026-09-05 13:40:59,1579,35.43,35.380941156152176,45,1,1,Eco/Super Eco,OFF,45,,,45,21,step,1,Eco,,,,
1788586860473,2026-09-05 13:41:00,1581,35.38,35.380941156152176,45,1,1,Eco/Super Eco,OFF,45,,,45,21,step,1,Eco,,,,
1788586861475,2026-09-05 13:41:01,1578,35.45,35.380941156152176,45,1,1,Eco/Super Eco,OFF,45,,,45,21,step,1,Eco,,,,
1788586862475,2026-09-05 13:41:02,1578,35.45,35.380941156152176,45,1,1,Eco/Super Eco,OFF,45,,,45,21,step,1,Eco,,,,
1788586863476,2026-09-05 13:41:03,1579,35.43,35.449008362971426,45,1,1,Eco/Super Eco,OFF,45,,,45,21,step,1,Eco,,,,
1788586864478,2026-09-05 13:41:04,1579,35.43,35.449008362971426,45,1,1,Eco/Super Eco,OFF,45,,,45,21,step,1,Eco,,,,
1788586865479,2026-09-05 13:41:05,1580,35.40,35.449008362971426,45,1,1,Eco/Super Eco,OFF,45,,,45,21,step,1,Eco,,,,
1788586866479,2026-09-05 13:41:06,1578,35.45,35.449008362971426,45,1,1,Eco/Super Eco,OFF,45,,,45,21,step,1,Eco,,,,
1788586867481,2026-09-05 13:41:07,1579,35.43,35.449008362971426,45,1,1,Eco/Super Eco,OFF,45,,,45,21,step,1,Eco,,,,
1788586868481,2026-09-05 13:41:08,1580,35.40,35.449008362971426,45,1,1,Eco/Super Eco,OFF,45,,,45,21,step,1,Eco,,,,
1788586869481,2026-09-05 13:41:09,1578,35.45,35.449008362971426,45,1,1,Eco/Super Eco,OFF,45,,,45,21,step,1,Eco,,,,
1788586870482,2026-09-05 13:41:10,1580,35.40,35.449008362971426,45,1,1,Eco/Super Eco,OFF,45,,,45,21,step,1,Eco,,,,
1788586871483,2026-09-05 13:41:11,1581,35.38,35.449008362971426,45,1,1,Eco/Super Eco,OFF,45,,,45,21,step,1,Eco,,,,
1788586872485,2026-09-05 13:41:12,1580,35.40,35.449008362971426,45,1,1,Eco/Super Eco,OFF,45,,,45,21,step,1,Eco,,,,
1788586873487,2026-09-05 13:41:13,1577,35.47,35.449008362971426,45,1,1,Eco/Super Eco,OFF,45,,,45,21,step,1,Eco,,,,
1788586874487,2026-09-05 13:41:14,1578,35.45,35.449008362971426,45,1,1,Eco/Super Eco,OFF,45,,,45,21,step,1,Eco,,,,
1788586875488,2026-09-05 13:41:15,1581,35.38,35.449008362971426,45,1,1,Eco/Super Eco,OFF,45,,,45,21,step,1,Eco,,,,
1788586876490,2026-09-05 13:41:16,1579,35.43,35.449008362971426,45,1,1,Eco/Super Eco,OFF,45,,,45,21,step,1,Eco,,,,
1788586877490,2026-09-05 13:41:17,1584,35.31,35.449008362971426,45,1,1,Eco/Super Eco,OFF,45,,,45,21,step,1,Eco,,,,
1788586878491,2026-09-05 13:41:18,1580,35.40,35.31295190384304,45,1,1,Eco/Super Eco,OFF,45,,,45,21,step,1,Eco,,,,
1788586879495,2026-09-05 13:41:19,1580,35.40,35.31295190384304,45,1,1,Eco/Super Eco,OFF,45,,,45,21,step,1,Eco,,,,
1788586880497,2026-09-05 13:41:20,1578,35.45,35.31295190384304,45,1,1,Eco/Super Eco,OFF,45,,,45,21,step,1,Eco,,,,
1788586881499,2026-09-05 13:41:21,1576,35.49,35.31295190384304,45,1,1,Eco/Super Eco,OFF,45,,,45,21,step,1,Eco,,,,
1788586882500,2026-09-05 13:41:22,1578,35.45,35.31295190384304,45,1,1,Eco/Super Eco,OFF,45,,,45,21,step,1,Eco,,,,
1788586883501,2026-09-05 13:41:23,1580,35.40,35.31295190384304,45,1,1,Eco/Super Eco,OFF,45,,,45,21,step,1,Eco,,,,
1788586884501,2026-09-05 13:41:24,1577,35.47,35.31295190384304,45,1,1,Eco/Super Eco,OFF,45,,,45,21,step,1,Eco,,,,
1788586885502,2026-09-05 13:41:25,1577,35.47,35.31295190384304,45,1,1,Eco/Super Eco,OFF,45,,,45,21,step,1,Eco,,,,
1788586886504,2026-09-05 13:41:26,1577,35.47,35.31295190384304,45,1,1,Eco/Super Eco,OFF,45,,,45,21,step,1,Eco,,,,
1788586887504,2026-09-05 13:41:27,1577,35.47,35.31295190384304,45,1,1,Eco/Super Eco,OFF,45,,,45,21,step,1,Eco,,,,
1788586888506,2026-09-05 13:41:28,1578,35.45,35.31295190384304,45,1,1,Eco/Super Eco,OFF,45,,,45,21,step,1,Eco,,,,
1788586889507,2026-09-05 13:41:29,1577,35.47,35.31295190384304,45,1,1,Eco/Super Eco,OFF,45,,,45,21,step,1,Eco,,,,
1788586890508,2026-09-05 13:41:30,1585,35.29,35.31295190384304,45,1,1,Eco/Super Eco,OFF,45,,,45,21,step,1,Eco,,,,
1788586891510,2026-09-05 13:41:31,1576,35.49,35.31295190384304,45,1,1,Eco/Super Eco,OFF,45,,,45,21,step,1,Eco,,,,
1788586892510,2026-09-05 13:41:32,1576,35.49,35.31295190384304,45,1,1,Eco/Super Eco,OFF,45,,,45,21,step,1,Eco,,,,
1788586893511,2026-09-05 13:41:33,1576,35.49,35.494430036015785,45,1,1,Eco/Super Eco,OFF,45,,,45,21,step,1,Eco,,,,
1788586894512,2026-09-05 13:41:34,1578,35.45,35.494430036015785,45,1,1,Eco/Super Eco,OFF,45,,,45,21,step,1,Eco,,,,
1788586895514,2026-09-05 13:41:35,1576,35.49,35.494430036015785,45,1,1,Eco/Super Eco,OFF,45,,,45,21,step,1,Eco,,,,
1788586896514,2026-09-05 13:41:36,1577,35.47,35.494430036015785,45,1,1,Eco/Super Eco,OFF,45,,,45,21,step,1,Eco,,,,
1788586897514,2026-09-05 13:41:37,1577,35.47,35.494430036015785,45,1,1,Eco/Super Eco,OFF,45,,,45,21,step,1,Eco,,,,
1788586898516,2026-09-05 13:41:38,1577,35.47,35.494430036015785,45,1,1,Eco/Super Eco,OFF,45,,,45,21,step,1,Eco,,,,
1788586899516,2026-09-05 13:41:39,1575,35.52,35.494430036015785,45,1,1,Eco/Super Eco,OFF,45,,,45,21,step,1,Eco,,,,
1788586900518,2026-09-05 13:41:40,1578,35.45,35.494430036015785,45,1,1,Eco/Super Eco,OFF,45,,,45,21,step,1,Eco,,,,
1788586901519,2026-09-05 13:41:41,1576,35.49,35.494430036015785,45,1,1,Eco/Super Eco,OFF,45,,,45,21,step,1,Eco,,,,
1788586902519,2026-09-05 13:41:42,1577,35.47,35.494430036015785,45,1,1,Eco/Super Eco,OFF,45,,,45,21,step,1,Eco,,,,
1788586903520,2026-09-05 13:41:43,1575,35.52,35.494430036015785,45,1,1,Eco/Super Eco,OFF,45,,,45,21,step,1,Eco,,,,
1788586904521,2026-09-05 13:41:44,1577,35.47,35.494430036015785,45,1,1,Eco/Super Eco,OFF,45,,,45,21,step,1,Eco,,,,
1788586905521,2026-09-05 13:41:45,1577,35.47,35.494430036015785,45,1,1,Eco/Super Eco,OFF,45,,,45,21,step,1,Eco,,,,
1788586906521,2026-09-05 13:41:46,1575,35.52,35.494430036015785,45,1,1,Eco/Super Eco,OFF,45,,,45,21,step,1,Eco,,,,
1788586907522,2026-09-05 13:41:47,1574,35.54,35.494430036015785,45,1,1,Eco/Super Eco,OFF,45,,,45,21,step,1,Eco,,,,
1788586908523,2026-09-05 13:41:48,1575,35.52,35.53988669681854,45,1,1,Eco/Super Eco,OFF,45,,,45,21,step,1,Eco,,,,
1788586909525,2026-09-05 13:41:49,1575,35.52,35.53988669681854,45,1,1,Eco/Super Eco,OFF,45,,,45,21,step,1,Eco,,,,
1788586910525,2026-09-05 13:41:50,1575,35.52,35.53988669681854,45,1,1,Eco/Super Eco,OFF,45,,,45,21,step,1,Eco,,,,
1788586911527,2026-09-05 13:41:51,1574,35.54,35.53988669681854,45,1,1,Eco/Super Eco,OFF,45,,,45,21,step,1,Eco,,,,
1788586912527,2026-09-05 13:41:52,1576,35.49,35.53988669681854,45,1,1,Eco/Super Eco,OFF,45,,,45,21,step,1,Eco,,,,
1788586913528,2026-09-05 13:41:53,1583,35.34,35.53988669681854,45,1,1,Eco/Super Eco,OFF,45,,,45,21,step,1,Eco,,,,
1788586914529,2026-09-05 13:41:54,1577,35.47,35.53988669681854,45,1,1,Eco/Super Eco,OFF,45,,,45,21,step,1,Eco,,,,
1788586915529,2026-09-05 13:41:55,1575,35.52,35.53988669681854,45,1,1,Eco/Super Eco,OFF,45,,,45,21,step,1,Eco,,,,
1788586916531,2026-09-05 13:41:56,1577,35.47,35.53988669681854,45,1,1,Eco/Super Eco,OFF,45,,,45,21,step,1,Eco,,,,
1788586917532,2026-09-05 13:41:57,1574,35.54,35.53988669681854,45,1,1,Eco/Super Eco,OFF,45,,,45,21,step,1,Eco,,,,
1788586918532,2026-09-05 13:41:58,1576,35.49,35.53988669681854,45,1,1,Eco/Super Eco,OFF,45,,,45,21,step,1,Eco,,,,
1788586919534,2026-09-05 13:41:59,1574,35.54,35.53988669681854,45,1,1,Eco/Super Eco,OFF,45,,,45,21,step,1,Eco,,,,
1788586920535,2026-09-05 13:42:00,1573,35.56,35.53988669681854,45,1,1,Eco/Super Eco,OFF,45,,,45,21,step,1,Eco,,,,
1788586921537,2026-09-05 13:42:01,1575,35.52,35.53988669681854,45,1,1,Eco/Super Eco,OFF,45,,,45,21,step,1,Eco,,,,
1788586922537,2026-09-05 13:42:02,1575,35.52,35.53988669681854,45,1,1,Eco/Super Eco,OFF,45,,,45,21,step,1,Eco,,,,
1788586923538,2026-09-05 13:42:03,1573,35.56,35.51715398437477,45,1,1,Eco/Super Eco,OFF,45,,,45,21,step,1,Eco,,,,
1788586924539,2026-09-05 13:42:04,1575,35.52,35.51715398437477,45,1,1,Eco/Super Eco,OFF,45,,,45,21,step,1,Eco,,,,
1788586925541,2026-09-05 13:42:05,1573,35.56,35.51715398437477,45,1,1,Eco/Super Eco,OFF,45,,,45,21,step,1,Eco,,,,
1788586926541,2026-09-05 13:42:06,1574,35.54,35.51715398437477,45,1,1,Eco/Super Eco,OFF,45,,,45,21,step,1,Eco,,,,
1788586927543,2026-09-05 13:42:07,1574,35.54,35.51715398437477,45,1,1,Eco/Super Eco,OFF,45,,,45,21,step,1,Eco,,,,
1788586928543,2026-09-05 13:42:08,1575,35.52,35.51715398437477,45,1,1,Eco/Super Eco,OFF,45,,,45,21,step,1,Eco,,,,
1788586929545,2026-09-05 13:42:09,1573,35.56,35.51715398437477,45,1,1,Eco/Super Eco,OFF,45,,,45,21,step,1,Eco,,,,
1788586930545,2026-09-05 13:42:10,1573,35.56,35.51715398437477,45,1,1,Eco/Super Eco,OFF,45,,,45,21,step,1,Eco,,,,
1788586931546,2026-09-05 13:42:11,1575,35.52,35.51715398437477,45,1,1,Eco/Super Eco,OFF,45,,,45,21,step,1,Eco,,,,
1788586932547,2026-09-05 13:42:12,1574,35.54,35.51715398437477,45,1,1,Eco/Super Eco,OFF,40,40,DLPC temp UNAVAILABLE,40,22,step,1,Eco,step_end:settled;step_start duty=40 mode=Eco;dlpc_unavailable,,,unavailable
1788586933548,2026-09-05 13:42:13,1572,35.59,35.51715398437477,40,1,1,Eco/Super Eco,OFF,40,,,40,22,step,1,Eco,,,,
1788586934550,2026-09-05 13:42:14,1578,35.45,35.51715398437477,40,1,1,Eco/Super Eco,OFF,40,,,40,22,step,1,Eco,,,,
1788586935552,2026-09-05 13:42:15,1576,35.49,35.51715398437477,40,1,1,Eco/Super Eco,OFF,40,,,40,22,step,1,Eco,,,,
1788586936553,2026-09-05 13:42:16,1578,35.45,35.51715398437477,40,1,1,Eco/Super Eco,OFF,40,,,40,22,step,1,Eco,,,,
1788586937555,2026-09-05 13:42:17,1572,35.59,35.51715398437477,40,1,1,Eco/Super Eco,OFF,40,,,40,22,step,1,Eco,,,,
1788586938556,2026-09-05 13:42:18,1574,35.54,35.58537848271067,40,1,1,Eco/Super Eco,OFF,40,,,40,22,step,1,Eco,,,,
1788586939557,2026-09-05 13:42:19,1575,35.52,35.58537848271067,40,1,1,Eco/Super Eco,OFF,40,,,40,22,step,1,Eco,,,,
1788586940558,2026-09-05 13:42:20,1573,35.56,35.58537848271067,40,1,1,Eco/Super Eco,OFF,40,,,40,22,step,1,Eco,,,,
1788586941558,2026-09-05 13:42:21,1573,35.56,35.58537848271067,40,1,1,Eco/Super Eco,OFF,40,,,40,22,step,1,Eco,,,,
1788586942560,2026-09-05 13:42:22,1565,35.74,35.58537848271067,40,1,1,Eco/Super Eco,OFF,40,,,40,22,step,1,Eco,,,,
1788586943561,2026-09-05 13:42:23,1571,35.61,35.58537848271067,40,1,1,Eco/Super Eco,OFF,40,,,40,22,step,1,Eco,,,,
1788586944561,2026-09-05 13:42:24,1571,35.61,35.58537848271067,40,1,1,Eco/Super Eco,OFF,40,,,40,22,step,1,Eco,,,,
1788586945563,2026-09-05 13:42:25,1571,35.61,35.58537848271067,40,1,1,Eco/Super Eco,OFF,40,,,40,22,step,1,Eco,,,,
1788586946564,2026-09-05 13:42:26,1573,35.56,35.58537848271067,40,1,1,Eco/Super Eco,OFF,40,,,40,22,step,1,Eco,,,,
1788586947565,2026-09-05 13:42:27,1569,35.65,35.58537848271067,40,1,1,Eco/Super Eco,OFF,40,,,40,22,step,1,Eco,,,,
1788586948565,2026-09-05 13:42:28,1568,35.68,35.58537848271067,40,1,1,Eco/Super Eco,OFF,40,,,40,22,step,1,Eco,,,,
1788586949567,2026-09-05 13:42:29,1571,35.61,35.58537848271067,40,1,1,Eco/Super Eco,OFF,40,,,40,22,step,1,Eco,,,,
1788586950569,2026-09-05 13:42:30,1571,35.61,35.58537848271067,40,1,1,Eco/Super Eco,OFF,40,,,40,22,step,1,Eco,,,,
1788586951570,2026-09-05 13:42:31,1570,35.63,35.58537848271067,40,1,1,Eco/Super Eco,OFF,40,,,40,22,step,1,Eco,,,,
1788586952571,2026-09-05 13:42:32,1571,35.61,35.58537848271067,40,1,1,Eco/Super Eco,OFF,40,,,40,22,step,1,Eco,,,,
1788586953572,2026-09-05 13:42:33,1570,35.63,35.60813759060534,40,1,1,Eco/Super Eco,OFF,40,,,40,22,step,1,Eco,,,,
1788586954574,2026-09-05 13:42:34,1566,35.72,35.60813759060534,40,1,1,Eco/Super Eco,OFF,40,,,40,22,step,1,Eco,,,,
1788586955575,2026-09-05 13:42:35,1568,35.68,35.60813759060534,40,1,1,Eco/Super Eco,OFF,40,,,40,22,step,1,Eco,,,,
1788586956577,2026-09-05 13:42:36,1567,35.70,35.60813759060534,40,1,1,Eco/Super Eco,OFF,40,,,40,22,step,1,Eco,,,,
1788586957577,2026-09-05 13:42:37,1568,35.68,35.60813759060534,40,1,1,Eco/Super Eco,OFF,40,,,40,22,step,1,Eco,,,,
1788586958579,2026-09-05 13:42:38,1567,35.70,35.60813759060534,40,1,1,Eco/Super Eco,OFF,40,,,40,22,step,1,Eco,,,,
1788586959580,2026-09-05 13:42:39,1567,35.70,35.60813759060534,40,1,1,Eco/Super Eco,OFF,40,,,40,22,step,1,Eco,,,,
1788586960581,2026-09-05 13:42:40,1569,35.65,35.60813759060534,40,1,1,Eco/Super Eco,OFF,40,,,40,22,step,1,Eco,,,,
1788586961583,2026-09-05 13:42:41,1568,35.68,35.60813759060534,40,1,1,Eco/Super Eco,OFF,40,,,40,22,step,1,Eco,,,,
1788586962584,2026-09-05 13:42:42,1565,35.74,35.60813759060534,40,1,1,Eco/Super Eco,OFF,40,,,40,22,step,1,Eco,,,,
1788586963585,2026-09-05 13:42:43,1567,35.70,35.60813759060534,40,1,1,Eco/Super Eco,OFF,40,,,40,22,step,1,Eco,,,,
1788586964589,2026-09-05 13:42:44,1567,35.70,35.60813759060534,40,1,1,Eco/Super Eco,OFF,40,,,40,22,step,1,Eco,,,,
1788586965590,2026-09-05 13:42:45,1566,35.72,35.60813759060534,40,1,1,Eco/Super Eco,OFF,40,,,40,22,step,1,Eco,,,,
1788586966592,2026-09-05 13:42:46,1565,35.74,35.60813759060534,40,1,1,Eco/Super Eco,OFF,40,,,40,22,step,1,Eco,,,,
1788586967596,2026-09-05 13:42:47,1563,35.79,35.79052989734015,40,1,1,Eco/Super Eco,OFF,40,,,40,22,step,1,Eco,,,,
1788586968597,2026-09-05 13:42:48,1563,35.79,35.79052989734015,40,1,1,Eco/Super Eco,OFF,40,,,40,22,step,1,Eco,,,,
1788586969598,2026-09-05 13:42:49,1564,35.77,35.79052989734015,40,1,1,Eco/Super Eco,OFF,40,,,40,22,step,1,Eco,,,,
1788586970599,2026-09-05 13:42:50,1563,35.79,35.79052989734015,40,1,1,Eco/Super Eco,OFF,40,,,40,22,step,1,Eco,,,,
1788586971601,2026-09-05 13:42:51,1562,35.81,35.79052989734015,40,1,1,Eco/Super Eco,OFF,40,,,40,22,step,1,Eco,,,,
1788586972602,2026-09-05 13:42:52,1563,35.79,35.79052989734015,40,1,1,Eco/Super Eco,OFF,40,,,40,22,step,1,Eco,,,,
1788586973603,2026-09-05 13:42:53,1564,35.77,35.79052989734015,40,1,1,Eco/Super Eco,OFF,40,,,40,22,step,1,Eco,,,,
1788586974604,2026-09-05 13:42:54,1564,35.77,35.79052989734015,40,1,1,Eco/Super Eco,OFF,40,,,40,22,step,1,Eco,,,,
1788586975605,2026-09-05 13:42:55,1562,35.81,35.79052989734015,40,1,1,Eco/Super Eco,OFF,40,,,40,22,step,1,Eco,,,,
1788586976606,2026-09-05 13:42:56,1563,35.79,35.79052989734015,40,1,1,Eco/Super Eco,OFF,40,,,40,22,step,1,Eco,,,,
1788586977607,2026-09-05 13:42:57,1563,35.79,35.79052989734015,40,1,1,Eco/Super Eco,OFF,40,,,40,22,step,1,Eco,,,,
1788586978609,2026-09-05 13:42:58,1562,35.81,35.79052989734015,40,1,1,Eco/Super Eco,OFF,40,,,40,22,step,1,Eco,,,,
1788586979610,2026-09-05 13:42:59,1561,35.84,35.79052989734015,40,1,1,Eco/Super Eco,OFF,40,,,40,22,step,1,Eco,,,,
1788586980611,2026-09-05 13:43:00,1562,35.81,35.79052989734015,40,1,1,Eco/Super Eco,OFF,40,,,40,22,step,1,Eco,,,,
1788586981613,2026-09-05 13:43:01,1560,35.86,35.79052989734015,40,1,1,Eco/Super Eco,OFF,40,,,40,22,step,1,Eco,,,,
1788586982616,2026-09-05 13:43:02,1563,35.79,35.79052989734015,40,1,1,Eco/Super Eco,OFF,40,,,40,22,step,1,Eco,,,,
1788586983618,2026-09-05 13:43:03,1558,35.90,35.79052989734015,40,1,1,Eco/Super Eco,OFF,40,,,40,22,step,1,Eco,,,,
1788586984619,2026-09-05 13:43:04,1561,35.84,35.79052989734015,40,1,1,Eco/Super Eco,OFF,40,,,40,22,step,1,Eco,,,,
1788586985620,2026-09-05 13:43:05,1563,35.79,35.79052989734015,40,1,1,Eco/Super Eco,OFF,40,,,40,22,step,1,Eco,,,,
1788586986621,2026-09-05 13:43:06,1570,35.63,35.79052989734015,40,1,1,Eco/Super Eco,OFF,40,,,40,22,step,1,Eco,,,,
1788586987623,2026-09-05 13:43:07,1559,35.88,35.79052989734015,40,1,1,Eco/Super Eco,OFF,40,,,40,22,step,1,Eco,,,,
1788586988625,2026-09-05 13:43:08,1557,35.93,35.79052989734015,40,1,1,Eco/Super Eco,OFF,40,,,40,22,step,1,Eco,,,,
1788586989627,2026-09-05 13:43:09,1561,35.84,35.79052989734015,40,1,1,Eco/Super Eco,OFF,40,,,40,22,step,1,Eco,,,,
1788586990629,2026-09-05 13:43:10,1560,35.86,35.79052989734015,40,1,1,Eco/Super Eco,OFF,40,,,40,22,step,1,Eco,,,,
1788586991630,2026-09-05 13:43:11,1559,35.88,35.79052989734015,40,1,1,Eco/Super Eco,OFF,40,,,40,22,step,1,Eco,,,,
1788586992631,2026-09-05 13:43:12,1560,35.86,35.79052989734015,40,1,1,Eco/Super Eco,OFF,40,,,40,22,step,1,Eco,,,,
1788586993632,2026-09-05 13:43:13,1559,35.88,35.79052989734015,40,1,1,Eco/Super Eco,OFF,40,,,40,22,step,1,Eco,,,,
1788586994634,2026-09-05 13:43:14,1558,35.90,35.79052989734015,40,1,1,Eco/Super Eco,OFF,40,,,40,22,step,1,Eco,,,,
1788586995635,2026-09-05 13:43:15,1559,35.88,35.79052989734015,40,1,1,Eco/Super Eco,OFF,40,,,40,22,step,1,Eco,,,,
1788586996636,2026-09-05 13:43:16,1558,35.90,35.79052989734015,40,1,1,Eco/Super Eco,OFF,40,,,40,22,step,1,Eco,,,,
1788586997636,2026-09-05 13:43:17,1558,35.90,35.90481611840306,40,1,1,Eco/Super Eco,OFF,40,,,40,22,step,1,Eco,,,,
1788586998638,2026-09-05 13:43:18,1558,35.90,35.90481611840306,40,1,1,Eco/Super Eco,OFF,40,,,40,22,step,1,Eco,,,,
1788586999639,2026-09-05 13:43:19,1560,35.86,35.90481611840306,40,1,1,Eco/Super Eco,OFF,40,,,40,22,step,1,Eco,,,,
1788587000641,2026-09-05 13:43:20,1559,35.88,35.90481611840306,40,1,1,Eco/Super Eco,OFF,40,,,40,22,step,1,Eco,,,,
1788587001643,2026-09-05 13:43:21,1558,35.90,35.90481611840306,40,1,1,Eco/Super Eco,OFF,40,,,40,22,step,1,Eco,,,,
1788587002645,2026-09-05 13:43:22,1557,35.93,35.90481611840306,40,1,1,Eco/Super Eco,OFF,40,,,40,22,step,1,Eco,,,,
1788587003646,2026-09-05 13:43:23,1559,35.88,35.90481611840306,40,1,1,Eco/Super Eco,OFF,40,,,40,22,step,1,Eco,,,,
1788587004647,2026-09-05 13:43:24,1557,35.93,35.90481611840306,40,1,1,Eco/Super Eco,OFF,40,,,40,22,step,1,Eco,,,,
1788587005649,2026-09-05 13:43:25,1556,35.95,35.90481611840306,40,1,1,Eco/Super Eco,OFF,40,,,40,22,step,1,Eco,,,,
1788587006651,2026-09-05 13:43:26,1557,35.93,35.90481611840306,40,1,1,Eco/Super Eco,OFF,40,,,40,22,step,1,Eco,,,,
1788587007652,2026-09-05 13:43:27,1556,35.95,35.90481611840306,40,1,1,Eco/Super Eco,OFF,40,,,40,22,step,1,Eco,,,,
1788587008653,2026-09-05 13:43:28,1556,35.95,35.90481611840306,40,1,1,Eco/Super Eco,OFF,40,,,40,22,step,1,Eco,,,,
1788587009654,2026-09-05 13:43:29,1555,35.97,35.90481611840306,40,1,1,Eco/Super Eco,OFF,40,,,40,22,step,1,Eco,,,,
1788587010656,2026-09-05 13:43:30,1555,35.97,35.90481611840306,40,1,1,Eco/Super Eco,OFF,40,,,40,22,step,1,Eco,,,,
1788587011659,2026-09-05 13:43:31,1558,35.90,35.90481611840306,40,1,1,Eco/Super Eco,OFF,40,,,40,22,step,1,Eco,,,,
1788587012659,2026-09-05 13:43:32,1555,35.97,35.9734964311985,40,1,1,Eco/Super Eco,OFF,40,,,40,22,step,1,Eco,,,,
1788587013661,2026-09-05 13:43:33,1565,35.74,35.9734964311985,40,1,1,Eco/Super Eco,OFF,40,,,40,22,step,1,Eco,,,,
1788587014662,2026-09-05 13:43:34,1554,36.00,35.9734964311985,40,1,1,Eco/Super Eco,OFF,40,,,40,22,step,1,Eco,,,,
1788587015663,2026-09-05 13:43:35,1556,35.95,35.9734964311985,40,1,1,Eco/Super Eco,OFF,40,,,40,22,step,1,Eco,,,,
1788587016665,2026-09-05 13:43:36,1554,36.00,35.9734964311985,40,1,1,Eco/Super Eco,OFF,40,,,40,22,step,1,Eco,,,,
1788587017666,2026-09-05 13:43:37,1552,36.04,35.9734964311985,40,1,1,Eco/Super Eco,OFF,40,,,40,22,step,1,Eco,,,,
1788587018667,2026-09-05 13:43:38,1554,36.00,35.9734964311985,40,1,1,Eco/Super Eco,OFF,40,,,40,22,step,1,Eco,,,,
1788587019669,2026-09-05 13:43:39,1554,36.00,35.9734964311985,40,1,1,Eco/Super Eco,OFF,40,,,40,22,step,1,Eco,,,,
1788587020669,2026-09-05 13:43:40,1553,36.02,35.9734964311985,40,1,1,Eco/Super Eco,OFF,40,,,40,22,step,1,Eco,,,,
1788587021670,2026-09-05 13:43:41,1555,35.97,35.9734964311985,40,1,1,Eco/Super Eco,OFF,40,,,40,22,step,1,Eco,,,,
1788587022672,2026-09-05 13:43:42,1554,36.00,35.9734964311985,40,1,1,Eco/Super Eco,OFF,40,,,40,22,step,1,Eco,,,,
1788587023672,2026-09-05 13:43:43,1555,35.97,35.9734964311985,40,1,1,Eco/Super Eco,OFF,40,,,40,22,step,1,Eco,,,,
1788587024674,2026-09-05 13:43:44,1553,36.02,35.9734964311985,40,1,1,Eco/Super Eco,OFF,40,,,40,22,step,1,Eco,,,,
1788587025675,2026-09-05 13:43:45,1556,35.95,35.9734964311985,40,1,1,Eco/Super Eco,OFF,40,,,40,22,step,1,Eco,,,,
1788587026677,2026-09-05 13:43:46,1554,36.00,35.9734964311985,40,1,1,Eco/Super Eco,OFF,40,,,40,22,step,1,Eco,,,,
1788587027678,2026-09-05 13:43:47,1555,35.97,35.9734964311985,40,1,1,Eco/Super Eco,OFF,40,,,40,22,step,1,Eco,,,,
1788587028680,2026-09-05 13:43:48,1553,36.02,35.9734964311985,40,1,1,Eco/Super Eco,OFF,40,,,40,22,step,1,Eco,,,,
1788587029681,2026-09-05 13:43:49,1556,35.95,35.9734964311985,40,1,1,Eco/Super Eco,OFF,40,,,40,22,step,1,Eco,,,,
1788587030682,2026-09-05 13:43:50,1554,36.00,35.9734964311985,40,1,1,Eco/Super Eco,OFF,40,,,40,22,step,1,Eco,,,,
1788587031683,2026-09-05 13:43:51,1554,36.00,35.9734964311985,40,1,1,Eco/Super Eco,OFF,40,,,40,22,step,1,Eco,,,,
1788587032683,2026-09-05 13:43:52,1552,36.04,35.9734964311985,40,1,1,Eco/Super Eco,OFF,40,,,40,22,step,1,Eco,,,,
1788587033685,2026-09-05 13:43:53,1552,36.04,35.9734964311985,40,1,1,Eco/Super Eco,OFF,40,,,40,22,step,1,Eco,,,,
1788587034686,2026-09-05 13:43:54,1551,36.07,35.9734964311985,40,1,1,Eco/Super Eco,OFF,40,,,40,22,step,1,Eco,,,,
1788587035687,2026-09-05 13:43:55,1554,36.00,35.9734964311985,40,1,1,Eco/Super Eco,OFF,40,,,40,22,step,1,Eco,,,,
1788587036688,2026-09-05 13:43:56,1553,36.02,35.9734964311985,40,1,1,Eco/Super Eco,OFF,40,,,40,22,step,1,Eco,,,,
1788587037689,2026-09-05 13:43:57,1553,36.02,35.9734964311985,40,1,1,Eco/Super Eco,OFF,40,,,40,22,step,1,Eco,,,,
1788587038691,2026-09-05 13:43:58,1554,36.00,35.9734964311985,40,1,1,Eco/Super Eco,OFF,40,,,40,22,step,1,Eco,,,,
1788587039692,2026-09-05 13:43:59,1554,36.00,35.9734964311985,40,1,1,Eco/Super Eco,OFF,40,,,40,22,step,1,Eco,,,,
1788587040694,2026-09-05 13:44:00,1552,36.04,35.9734964311985,40,1,1,Eco/Super Eco,OFF,40,,,40,22,step,1,Eco,,,,
1788587041695,2026-09-05 13:44:01,1552,36.04,35.9734964311985,40,1,1,Eco/Super Eco,OFF,40,,,40,22,step,1,Eco,,,,
1788587042697,2026-09-05 13:44:02,1551,36.07,36.0651978495157,43,1,1,Eco/Super Eco,OFF,40,40,foreign_write 43 reassert(was 43),40,22,step,1,Eco,foreign_write:43,,,
1788587043698,2026-09-05 13:44:03,1551,36.07,36.0651978495157,40,1,1,Eco/Super Eco,OFF,40,,,40,22,step,1,Eco,,,,
1788587044699,2026-09-05 13:44:04,1551,36.07,36.0651978495157,40,1,1,Eco/Super Eco,OFF,40,,,40,22,step,1,Eco,,,,
1788587045700,2026-09-05 13:44:05,1554,36.00,36.0651978495157,40,1,1,Eco/Super Eco,OFF,40,,,40,22,step,1,Eco,,,,
1788587046700,2026-09-05 13:44:06,1551,36.07,36.0651978495157,40,1,1,Eco/Super Eco,OFF,40,,,40,22,step,1,Eco,,,,
1788587047706,2026-09-05 13:44:07,1552,36.04,36.0651978495157,40,1,1,Eco/Super Eco,OFF,40,,,40,22,step,1,Eco,,,,
1788587048708,2026-09-05 13:44:08,1550,36.09,36.0651978495157,40,1,1,Eco/Super Eco,OFF,40,,,40,22,step,1,Eco,,,,
1788587049710,2026-09-05 13:44:09,1551,36.07,36.0651978495157,40,1,1,Eco/Super Eco,OFF,40,,,40,22,step,1,Eco,,,,
1788587050712,2026-09-05 13:44:10,1552,36.04,36.0651978495157,40,1,1,Eco/Super Eco,OFF,40,,,40,22,step,1,Eco,,,,
1788587051713,2026-09-05 13:44:11,1550,36.09,36.0651978495157,40,1,1,Eco/Super Eco,OFF,40,,,40,22,step,1,Eco,,,,
1788587052714,2026-09-05 13:44:12,1550,36.09,36.0651978495157,40,1,1,Eco/Super Eco,OFF,40,,,40,22,step,1,Eco,,,,
1788587053716,2026-09-05 13:44:13,1549,36.11,36.0651978495157,40,1,1,Eco/Super Eco,OFF,40,,,40,22,step,1,Eco,,,,
1788587054718,2026-09-05 13:44:14,1552,36.04,36.0651978495157,40,1,1,Eco/Super Eco,OFF,40,,,40,22,step,1,Eco,,,,
1788587055720,2026-09-05 13:44:15,1549,36.11,36.0651978495157,40,1,1,Eco/Super Eco,OFF,40,,,40,22,step,1,Eco,,,,
1788587056721,2026-09-05 13:44:16,1552,36.04,36.0651978495157,40,1,1,Eco/Super Eco,OFF,40,,,40,22,step,1,Eco,,,,
1788587057723,2026-09-05 13:44:17,1549,36.11,36.11110359395036,40,1,1,Eco/Super Eco,OFF,40,,,40,22,step,1,Eco,,,,
1788587058724,2026-09-05 13:44:18,1548,36.13,36.11110359395036,40,1,1,Eco/Super Eco,OFF,40,,,40,22,step,1,Eco,,,,
1788587059725,2026-09-05 13:44:19,1550,36.09,36.11110359395036,40,1,1,Eco/Super Eco,OFF,40,,,40,22,step,1,Eco,,,,
1788587060725,2026-09-05 13:44:20,1549,36.11,36.11110359395036,40,1,1,Eco/Super Eco,OFF,40,,,40,22,step,1,Eco,,,,
1788587061727,2026-09-05 13:44:21,1551,36.07,36.11110359395036,40,1,1,Eco/Super Eco,OFF,40,,,40,22,step,1,Eco,,,,
1788587062729,2026-09-05 13:44:22,1549,36.11,36.11110359395036,40,1,1,Eco/Super Eco,OFF,40,,,40,22,step,1,Eco,,,,
1788587063730,2026-09-05 13:44:23,1550,36.09,36.11110359395036,40,1,1,Eco/Super Eco,OFF,40,,,40,22,step,1,Eco,,,,
1788587064731,2026-09-05 13:44:24,1551,36.07,36.11110359395036,40,1,1,Eco/Super Eco,OFF,40,,,40,22,step,1,Eco,,,,
1788587065732,2026-09-05 13:44:25,1548,36.13,36.11110359395036,40,1,1,Eco/Super Eco,OFF,40,,,40,22,step,1,Eco,,,,
1788587066734,2026-09-05 13:44:26,1549,36.11,36.11110359395036,40,1,1,Eco/Super Eco,OFF,40,,,40,22,step,1,Eco,,,,
1788587067735,2026-09-05 13:44:27,1548,36.13,36.11110359395036,40,1,1,Eco/Super Eco,OFF,40,,,40,22,step,1,Eco,,,,
1788587068736,2026-09-05 13:44:28,1548,36.13,36.11110359395036,40,1,1,Eco/Super Eco,OFF,40,,,40,22,step,1,Eco,,,,
1788587069737,2026-09-05 13:44:29,1548,36.13,36.11110359395036,40,1,1,Eco/Super Eco,OFF,40,,,40,22,step,1,Eco,,,,
1788587070738,2026-09-05 13:44:30,1547,36.16,36.11110359395036,40,1,1,Eco/Super Eco,OFF,40,,,40,22,step,1,Eco,,,,
1788587071740,2026-09-05 13:44:31,1547,36.16,36.11110359395036,40,1,1,Eco/Super Eco,OFF,40,,,40,22,step,1,Eco,,,,
1788587072741,2026-09-05 13:44:32,1549,36.11,36.11110359395036,40,1,1,Eco/Super Eco,OFF,40,,,40,22,step,1,Eco,,,,
1788587073743,2026-09-05 13:44:33,1550,36.09,36.11110359395036,40,1,1,Eco/Super Eco,OFF,40,,,40,22,step,1,Eco,,,,
1788587074745,2026-09-05 13:44:34,1547,36.16,36.11110359395036,40,1,1,Eco/Super Eco,OFF,40,,,40,22,step,1,Eco,,,,
1788587075746,2026-09-05 13:44:35,1548,36.13,36.11110359395036,40,1,1,Eco/Super Eco,OFF,40,,,40,22,step,1,Eco,,,,
1788587076747,2026-09-05 13:44:36,1547,36.16,36.11110359395036,40,1,1,Eco/Super Eco,OFF,40,,,40,22,step,1,Eco,,,,
1788587077748,2026-09-05 13:44:37,1548,36.13,36.11110359395036,40,1,1,Eco/Super Eco,OFF,40,,,40,22,step,1,Eco,,,,
1788587078749,2026-09-05 13:44:38,1546,36.18,36.11110359395036,40,1,1,Eco/Super Eco,OFF,40,,,40,22,step,1,Eco,,,,
1788587079750,2026-09-05 13:44:39,1549,36.11,36.11110359395036,40,1,1,Eco/Super Eco,OFF,40,,,40,22,step,1,Eco,,,,
1788587080751,2026-09-05 13:44:40,1547,36.16,36.11110359395036,40,1,1,Eco/Super Eco,OFF,40,,,40,22,step,1,Eco,,,,
1788587081752,2026-09-05 13:44:41,1545,36.20,36.11110359395036,40,1,1,Eco/Super Eco,OFF,40,,,40,22,step,1,Eco,,,,
1788587082753,2026-09-05 13:44:42,1548,36.13,36.11110359395036,40,1,1,Eco/Super Eco,OFF,40,,,40,22,step,1,Eco,,,,
1788587083755,2026-09-05 13:44:43,1547,36.16,36.11110359395036,40,1,1,Eco/Super Eco,OFF,40,,,40,22,step,1,Eco,,,,
1788587084756,2026-09-05 13:44:44,1547,36.16,36.11110359395036,40,1,1,Eco/Super Eco,OFF,40,,,40,22,step,1,Eco,,,,
1788587085758,2026-09-05 13:44:45,1546,36.18,36.11110359395036,40,1,1,Eco/Super Eco,OFF,40,,,40,22,step,1,Eco,,,,
1788587086760,2026-09-05 13:44:46,1547,36.16,36.11110359395036,40,1,1,Eco/Super Eco,OFF,40,,,40,22,step,1,Eco,,,,
1788587087761,2026-09-05 13:44:47,1549,36.11,36.11110359395036,40,1,1,Eco/Super Eco,OFF,40,,,40,22,step,1,Eco,,,,
1788587088762,2026-09-05 13:44:48,1547,36.16,36.11110359395036,40,1,1,Eco/Super Eco,OFF,40,,,40,22,step,1,Eco,,,,
1788587089762,2026-09-05 13:44:49,1546,36.18,36.11110359395036,40,1,1,Eco/Super Eco,OFF,40,,,40,22,step,1,Eco,,,,
1788587090764,2026-09-05 13:44:50,1543,36.25,36.11110359395036,40,1,1,Eco/Super Eco,OFF,40,,,40,22,step,1,Eco,,,,
1788587091766,2026-09-05 13:44:51,1552,36.04,36.11110359395036,40,1,1,Eco/Super Eco,OFF,40,,,40,22,step,1,Eco,,,,
1788587092766,2026-09-05 13:44:52,1545,36.20,36.11110359395036,40,1,1,Eco/Super Eco,OFF,40,,,40,22,step,1,Eco,,,,
1788587093768,2026-09-05 13:44:53,1546,36.18,36.11110359395036,40,1,1,Eco/Super Eco,OFF,40,,,40,22,step,1,Eco,,,,
1788587094769,2026-09-05 13:44:54,1545,36.20,36.11110359395036,40,1,1,Eco/Super Eco,OFF,40,,,40,22,step,1,Eco,,,,
1788587095771,2026-09-05 13:44:55,1544,36.23,36.11110359395036,40,1,1,Eco/Super Eco,OFF,40,,,40,22,step,1,Eco,,,,
1788587096773,2026-09-05 13:44:56,1548,36.13,36.11110359395036,40,1,1,Eco/Super Eco,OFF,40,,,40,22,step,1,Eco,,,,
1788587097774,2026-09-05 13:44:57,1544,36.23,36.11110359395036,40,1,1,Eco/Super Eco,OFF,40,,,40,22,step,1,Eco,,,,
1788587098775,2026-09-05 13:44:58,1546,36.18,36.11110359395036,40,1,1,Eco/Super Eco,OFF,40,,,40,22,step,1,Eco,,,,
1788587099776,2026-09-05 13:44:59,1548,36.13,36.11110359395036,40,1,1,Eco/Super Eco,OFF,40,,,40,22,step,1,Eco,,,,
1788587100777,2026-09-05 13:45:00,1545,36.20,36.11110359395036,40,1,1,Eco/Super Eco,OFF,40,,,40,22,step,1,Eco,,,,
1788587101777,2026-09-05 13:45:01,1547,36.16,36.11110359395036,40,1,1,Eco/Super Eco,OFF,40,,,40,22,step,1,Eco,,,,
1788587102779,2026-09-05 13:45:02,1548,36.13,36.20302586943444,40,1,1,Eco/Super Eco,OFF,40,,,40,22,step,1,Eco,,,,
1788587103780,2026-09-05 13:45:03,1546,36.18,36.20302586943444,40,1,1,Eco/Super Eco,OFF,40,,,40,22,step,1,Eco,,,,
1788587104782,2026-09-05 13:45:04,1545,36.20,36.20302586943444,40,1,1,Eco/Super Eco,OFF,40,,,40,22,step,1,Eco,,,,
1788587105783,2026-09-05 13:45:05,1546,36.18,36.20302586943444,40,1,1,Eco/Super Eco,OFF,40,,,40,22,step,1,Eco,,,,
1788587106784,2026-09-05 13:45:06,1545,36.20,36.20302586943444,40,1,1,Eco/Super Eco,OFF,40,,,40,22,step,1,Eco,,,,
1788587107786,2026-09-05 13:45:07,1545,36.20,36.20302586943444,40,1,1,Eco/Super Eco,OFF,40,,,40,22,step,1,Eco,,,,
1788587108788,2026-09-05 13:45:08,1546,36.18,36.20302586943444,40,1,1,Eco/Super Eco,OFF,40,,,40,22,step,1,Eco,,,,
1788587109788,2026-09-05 13:45:09,1546,36.18,36.20302586943444,40,1,1,Eco/Super Eco,OFF,40,,,40,22,step,1,Eco,,,,
1788587110790,2026-09-05 13:45:10,1547,36.16,36.20302586943444,40,1,1,Eco/Super Eco,OFF,40,,,40,22,step,1,Eco,,,,
1788587111791,2026-09-05 13:45:11,1544,36.23,36.20302586943444,40,1,1,Eco/Super Eco,OFF,40,,,40,22,step,1,Eco,,,,
1788587112792,2026-09-05 13:45:12,1543,36.25,36.20302586943444,40,1,1,Eco/Super Eco,OFF,35,35,DLPC temp UNAVAILABLE,35,23,step,1,Eco,step_end:settled;step_start duty=35 mode=Eco;dlpc_unavailable,,,unavailable
1788587113793,2026-09-05 13:45:13,1543,36.25,36.20302586943444,35,1,1,Eco/Super Eco,OFF,35,,,35,23,step,1,Eco,,,,
1788587114794,2026-09-05 13:45:14,1547,36.16,36.20302586943444,35,1,1,Eco/Super Eco,OFF,35,,,35,23,step,1,Eco,,,,
1788587115794,2026-09-05 13:45:15,1545,36.20,36.20302586943444,35,1,1,Eco/Super Eco,OFF,35,,,35,23,step,1,Eco,,,,
1788587116797,2026-09-05 13:45:16,1544,36.23,36.20302586943444,35,1,1,Eco/Super Eco,OFF,35,,,35,23,step,1,Eco,,,,
1788587117798,2026-09-05 13:45:17,1543,36.25,36.11110359395036,35,1,1,Eco/Super Eco,OFF,35,,,35,23,step,1,Eco,,,,
1788587118799,2026-09-05 13:45:18,1545,36.20,36.11110359395036,35,1,1,Eco/Super Eco,OFF,35,,,35,23,step,1,Eco,,,,
1788587119800,2026-09-05 13:45:19,1543,36.25,36.11110359395036,35,1,1,Eco/Super Eco,OFF,35,,,35,23,step,1,Eco,,,,
1788587120802,2026-09-05 13:45:20,1542,36.27,36.11110359395036,35,1,1,Eco/Super Eco,OFF,35,,,35,23,step,1,Eco,,,,
1788587121802,2026-09-05 13:45:21,1542,36.27,36.11110359395036,35,1,1,Eco/Super Eco,OFF,35,,,35,23,step,1,Eco,,,,
1788587122803,2026-09-05 13:45:22,1540,36.32,36.11110359395036,35,1,1,Eco/Super Eco,OFF,35,,,35,23,step,1,Eco,,,,
1788587123804,2026-09-05 13:45:23,1541,36.30,36.11110359395036,35,1,1,Eco/Super Eco,OFF,35,,,35,23,step,1,Eco,,,,
1788587124806,2026-09-05 13:45:24,1540,36.32,36.11110359395036,35,1,1,Eco/Super Eco,OFF,35,,,35,23,step,1,Eco,,,,
1788587125807,2026-09-05 13:45:25,1541,36.30,36.11110359395036,35,1,1,Eco/Super Eco,OFF,35,,,35,23,step,1,Eco,,,,
1788587126809,2026-09-05 13:45:26,1541,36.30,36.11110359395036,35,1,1,Eco/Super Eco,OFF,35,,,35,23,step,1,Eco,,,,
1788587127809,2026-09-05 13:45:27,1542,36.27,36.11110359395036,35,1,1,Eco/Super Eco,OFF,35,,,35,23,step,1,Eco,,,,
1788587128810,2026-09-05 13:45:28,1543,36.25,36.11110359395036,35,1,1,Eco/Super Eco,OFF,35,,,35,23,step,1,Eco,,,,
1788587129812,2026-09-05 13:45:29,1538,36.36,36.11110359395036,35,1,1,Eco/Super Eco,OFF,35,,,35,23,step,1,Eco,,,,
1788587130814,2026-09-05 13:45:30,1539,36.34,36.11110359395036,35,1,1,Eco/Super Eco,OFF,35,,,35,23,step,1,Eco,,,,
1788587131815,2026-09-05 13:45:31,1535,36.43,36.11110359395036,35,1,1,Eco/Super Eco,OFF,35,,,35,23,step,1,Eco,,,,
1788587132816,2026-09-05 13:45:32,1538,36.36,36.36424830028602,35,1,1,Eco/Super Eco,OFF,35,,,35,23,step,1,Eco,,,,
1788587133817,2026-09-05 13:45:33,1537,36.39,36.36424830028602,35,1,1,Eco/Super Eco,OFF,35,,,35,23,step,1,Eco,,,,
1788587134819,2026-09-05 13:45:34,1538,36.36,36.36424830028602,35,1,1,Eco/Super Eco,OFF,35,,,35,23,step,1,Eco,,,,
1788587135820,2026-09-05 13:45:35,1538,36.36,36.36424830028602,35,1,1,Eco/Super Eco,OFF,35,,,35,23,step,1,Eco,,,,
1788587136820,2026-09-05 13:45:36,1539,36.34,36.36424830028602,35,1,1,Eco/Super Eco,OFF,35,,,35,23,step,1,Eco,,,,
1788587137822,2026-09-05 13:45:37,1533,36.48,36.36424830028602,35,1,1,Eco/Super Eco,OFF,35,,,35,23,step,1,Eco,,,,
1788587138824,2026-09-05 13:45:38,1537,36.39,36.36424830028602,35,1,1,Eco/Super Eco,OFF,35,,,35,23,step,1,Eco,,,,
1788587139826,2026-09-05 13:45:39,1537,36.39,36.36424830028602,35,1,1,Eco/Super Eco,OFF,35,,,35,23,step,1,Eco,,,,
1788587140828,2026-09-05 13:45:40,1534,36.46,36.36424830028602,35,1,1,Eco/Super Eco,OFF,35,,,35,23,step,1,Eco,,,,
1788587141829,2026-09-05 13:45:41,1532,36.50,36.36424830028602,35,1,1,Eco/Super Eco,OFF,35,,,35,23,step,1,Eco,,,,
1788587142830,2026-09-05 13:45:42,1534,36.46,36.36424830028602,35,1,1,Eco/Super Eco,OFF,35,,,35,23,step,1,Eco,,,,
1788587143832,2026-09-05 13:45:43,1531,36.53,36.36424830028602,35,1,1,Eco/Super Eco,OFF,35,,,35,23,step,1,Eco,,,,
1788587144833,2026-09-05 13:45:44,1530,36.55,36.36424830028602,35,1,1,Eco/Super Eco,OFF,35,,,35,23,step,1,Eco,,,,
1788587145833,2026-09-05 13:45:45,1542,36.27,36.36424830028602,35,1,1,Eco/Super Eco,OFF,35,,,35,23,step,1,Eco,,,,
1788587146835,2026-09-05 13:45:46,1532,36.50,36.36424830028602,35,1,1,Eco/Super Eco,OFF,35,,,35,23,step,1,Eco,,,,
1788587147836,2026-09-05 13:45:47,1531,36.53,36.525932285921385,35,1,1,Eco/Super Eco,OFF,35,,,35,23,step,1,Eco,,,,
1788587148837,2026-09-05 13:45:48,1531,36.53,36.525932285921385,35,1,1,Eco/Super Eco,OFF,35,,,35,23,step,1,Eco,,,,
1788587149839,2026-09-05 13:45:49,1532,36.50,36.525932285921385,35,1,1,Eco/Super Eco,OFF,35,,,35,23,step,1,Eco,,,,
1788587150841,2026-09-05 13:45:50,1532,36.50,36.525932285921385,35,1,1,Eco/Super Eco,OFF,35,,,35,23,step,1,Eco,,,,
1788587151843,2026-09-05 13:45:51,1532,36.50,36.525932285921385,35,1,1,Eco/Super Eco,OFF,35,,,35,23,step,1,Eco,,,,
1788587152844,2026-09-05 13:45:52,1532,36.50,36.525932285921385,35,1,1,Eco/Super Eco,OFF,35,,,35,23,step,1,Eco,,,,
1788587153845,2026-09-05 13:45:53,1532,36.50,36.525932285921385,35,1,1,Eco/Super Eco,OFF,35,,,35,23,step,1,Eco,,,,
1788587154845,2026-09-05 13:45:54,1530,36.55,36.525932285921385,35,1,1,Eco/Super Eco,OFF,35,,,35,23,step,1,Eco,,,,
1788587155847,2026-09-05 13:45:55,1540,36.32,36.525932285921385,35,1,1,Eco/Super Eco,OFF,35,,,35,23,step,1,Eco,,,,
1788587156848,2026-09-05 13:45:56,1530,36.55,36.525932285921385,35,1,1,Eco/Super Eco,OFF,35,,,35,23,step,1,Eco,,,,
1788587157848,2026-09-05 13:45:57,1530,36.55,36.525932285921385,35,1,1,Eco/Super Eco,OFF,35,,,35,23,step,1,Eco,,,,
1788587158850,2026-09-05 13:45:58,1529,36.57,36.525932285921385,35,1,1,Eco/Super Eco,OFF,35,,,35,23,step,1,Eco,,,,
1788587159851,2026-09-05 13:45:59,1526,36.64,36.525932285921385,35,1,1,Eco/Super Eco,OFF,35,,,35,23,step,1,Eco,,,,
1788587160851,2026-09-05 13:46:00,1527,36.62,36.525932285921385,35,1,1,Eco/Super Eco,OFF,35,,,35,23,step,1,Eco,,,,
1788587161853,2026-09-05 13:46:01,1527,36.62,36.525932285921385,35,1,1,Eco/Super Eco,OFF,35,,,35,23,step,1,Eco,,,,
1788587162853,2026-09-05 13:46:02,1527,36.62,36.59536827498698,35,1,1,Eco/Super Eco,OFF,35,,,35,23,step,1,Eco,,,,
1788587163855,2026-09-05 13:46:03,1527,36.62,36.59536827498698,35,1,1,Eco/Super Eco,OFF,35,,,35,23,step,1,Eco,,,,
1788587164857,2026-09-05 13:46:04,1528,36.60,36.59536827498698,35,1,1,Eco/Super Eco,OFF,35,,,35,23,step,1,Eco,,,,
1788587165858,2026-09-05 13:46:05,1525,36.66,36.59536827498698,35,1,1,Eco/Super Eco,OFF,35,,,35,23,step,1,Eco,,,,
1788587166859,2026-09-05 13:46:06,1526,36.64,36.59536827498698,35,1,1,Eco/Super Eco,OFF,35,,,35,23,step,1,Eco,,,,
1788587167860,2026-09-05 13:46:07,1525,36.66,36.59536827498698,35,1,1,Eco/Super Eco,OFF,35,,,35,23,step,1,Eco,,,,
1788587168862,2026-09-05 13:46:08,1525,36.66,36.59536827498698,35,1,1,Eco/Super Eco,OFF,35,,,35,23,step,1,Eco,,,,
1788587169863,2026-09-05 13:46:09,1526,36.64,36.59536827498698,35,1,1,Eco/Super Eco,OFF,35,,,35,23,step,1,Eco,,,,
1788587170865,2026-09-05 13:46:10,1525,36.66,36.59536827498698,35,1,1,Eco/Super Eco,OFF,35,,,35,23,step,1,Eco,,,,
1788587171866,2026-09-05 13:46:11,1526,36.64,36.59536827498698,35,1,1,Eco/Super Eco,OFF,35,,,35,23,step,1,Eco,,,,
1788587172868,2026-09-05 13:46:12,1519,36.80,36.59536827498698,35,1,1,Eco/Super Eco,OFF,35,,,35,23,step,1,Eco,,,,
1788587173869,2026-09-05 13:46:13,1524,36.69,36.59536827498698,35,1,1,Eco/Super Eco,OFF,35,,,35,23,step,1,Eco,,,,
1788587174870,2026-09-05 13:46:14,1525,36.66,36.59536827498698,35,1,1,Eco/Super Eco,OFF,35,,,35,23,step,1,Eco,,,,
1788587175872,2026-09-05 13:46:15,1525,36.66,36.59536827498698,35,1,1,Eco/Super Eco,OFF,35,,,35,23,step,1,Eco,,,,
1788587176873,2026-09-05 13:46:16,1525,36.66,36.59536827498698,35,1,1,Eco/Super Eco,OFF,35,,,35,23,step,1,Eco,,,,
1788587177874,2026-09-05 13:46:17,1525,36.66,36.664890697525664,35,1,1,Eco/Super Eco,OFF,35,,,35,23,step,1,Eco,,,,
1788587178875,2026-09-05 13:46:18,1523,36.71,36.664890697525664,35,1,1,Eco/Super Eco,OFF,35,,,35,23,step,1,Eco,,,,
1788587179877,2026-09-05 13:46:19,1525,36.66,36.664890697525664,35,1,1,Eco/Super Eco,OFF,35,,,35,23,step,1,Eco,,,,
1788587180880,2026-09-05 13:46:20,1523,36.71,36.664890697525664,35,1,1,Eco/Super Eco,OFF,35,,,35,23,step,1,Eco,,,,
1788587181881,2026-09-05 13:46:21,1523,36.71,36.664890697525664,35,1,1,Eco/Super Eco,OFF,35,,,35,23,step,1,Eco,,,,
1788587182883,2026-09-05 13:46:22,1521,36.76,36.664890697525664,35,1,1,Eco/Super Eco,OFF,35,,,35,23,step,1,Eco,,,,
1788587183884,2026-09-05 13:46:23,1522,36.73,36.664890697525664,35,1,1,Eco/Super Eco,OFF,35,,,35,23,step,1,Eco,,,,
1788587184885,2026-09-05 13:46:24,1522,36.73,36.664890697525664,35,1,1,Eco/Super Eco,OFF,35,,,35,23,step,1,Eco,,,,
1788587185886,2026-09-05 13:46:25,1521,36.76,36.664890697525664,35,1,1,Eco/Super Eco,OFF,35,,,35,23,step,1,Eco,,,,
1788587186887,2026-09-05 13:46:26,1522,36.73,36.664890697525664,35,1,1,Eco/Super Eco,OFF,35,,,35,23,step,1,Eco,,,,
1788587187888,2026-09-05 13:46:27,1522,36.73,36.664890697525664,35,1,1,Eco/Super Eco,OFF,35,,,35,23,step,1,Eco,,,,
1788587188889,2026-09-05 13:46:28,1522,36.73,36.664890697525664,35,1,1,Eco/Super Eco,OFF,35,,,35,23,step,1,Eco,,,,
1788587189890,2026-09-05 13:46:29,1522,36.73,36.664890697525664,35,1,1,Eco/Super Eco,OFF,35,,,35,23,step,1,Eco,,,,
1788587190890,2026-09-05 13:46:30,1520,36.78,36.664890697525664,35,1,1,Eco/Super Eco,OFF,35,,,35,23,step,1,Eco,,,,
1788587191892,2026-09-05 13:46:31,1520,36.78,36.664890697525664,35,1,1,Eco/Super Eco,OFF,35,,,35,23,step,1,Eco,,,,
1788587192893,2026-09-05 13:46:32,1520,36.78,36.78095484458805,35,1,1,Eco/Super Eco,OFF,35,,,35,23,step,1,Eco,,,,
1788587193894,2026-09-05 13:46:33,1520,36.78,36.78095484458805,35,1,1,Eco/Super Eco,OFF,35,,,35,23,step,1,Eco,,,,
1788587194895,2026-09-05 13:46:34,1519,36.80,36.78095484458805,35,1,1,Eco/Super Eco,OFF,35,,,35,23,step,1,Eco,,,,
1788587195897,2026-09-05 13:46:35,1518,36.83,36.78095484458805,35,1,1,Eco/Super Eco,OFF,35,,,35,23,step,1,Eco,,,,
1788587196898,2026-09-05 13:46:36,1520,36.78,36.78095484458805,35,1,1,Eco/Super Eco,OFF,35,,,35,23,step,1,Eco,,,,
1788587197899,2026-09-05 13:46:37,1519,36.80,36.78095484458805,35,1,1,Eco/Super Eco,OFF,35,,,35,23,step,1,Eco,,,,
1788587198900,2026-09-05 13:46:38,1519,36.80,36.78095484458805,35,1,1,Eco/Super Eco,OFF,35,,,35,23,step,1,Eco,,,,
1788587199902,2026-09-05 13:46:39,1519,36.80,36.78095484458805,35,1,1,Eco/Super Eco,OFF,35,,,35,23,step,1,Eco,,,,
1788587200903,2026-09-05 13:46:40,1520,36.78,36.78095484458805,35,1,1,Eco/Super Eco,OFF,35,,,35,23,step,1,Eco,,,,
1788587201903,2026-09-05 13:46:41,1519,36.80,36.78095484458805,35,1,1,Eco/Super Eco,OFF,35,,,35,23,step,1,Eco,,,,
1788587202905,2026-09-05 13:46:42,1518,36.83,36.78095484458805,35,1,1,Eco/Super Eco,OFF,35,,,35,23,step,1,Eco,,,,
1788587203905,2026-09-05 13:46:43,1518,36.83,36.78095484458805,35,1,1,Eco/Super Eco,OFF,35,,,35,23,step,1,Eco,,,,
1788587204906,2026-09-05 13:46:44,1515,36.90,36.78095484458805,35,1,1,Eco/Super Eco,OFF,35,,,35,23,step,1,Eco,,,,
1788587205907,2026-09-05 13:46:45,1518,36.83,36.78095484458805,35,1,1,Eco/Super Eco,OFF,35,,,35,23,step,1,Eco,,,,
1788587206909,2026-09-05 13:46:46,1517,36.85,36.78095484458805,35,1,1,Eco/Super Eco,OFF,35,,,35,23,step,1,Eco,,,,
1788587207910,2026-09-05 13:46:47,1518,36.83,36.85071022466616,35,1,1,Eco/Super Eco,OFF,35,,,35,23,step,1,Eco,,,,
1788587208911,2026-09-05 13:46:48,1516,36.87,36.85071022466616,35,1,1,Eco/Super Eco,OFF,35,,,35,23,step,1,Eco,,,,
1788587209913,2026-09-05 13:46:49,1517,36.85,36.85071022466616,35,1,1,Eco/Super Eco,OFF,35,,,35,23,step,1,Eco,,,,
1788587210913,2026-09-05 13:46:50,1516,36.87,36.85071022466616,35,1,1,Eco/Super Eco,OFF,35,,,35,23,step,1,Eco,,,,
1788587211915,2026-09-05 13:46:51,1517,36.85,36.85071022466616,35,1,1,Eco/Super Eco,OFF,35,,,35,23,step,1,Eco,,,,
1788587212917,2026-09-05 13:46:52,1515,36.90,36.85071022466616,35,1,1,Eco/Super Eco,OFF,35,,,35,23,step,1,Eco,,,,
1788587213919,2026-09-05 13:46:53,1515,36.90,36.85071022466616,35,1,1,Eco/Super Eco,OFF,35,,,35,23,step,1,Eco,,,,
1788587214920,2026-09-05 13:46:54,1515,36.90,36.85071022466616,35,1,1,Eco/Super Eco,OFF,35,,,35,23,step,1,Eco,,,,
1788587215920,2026-09-05 13:46:55,1517,36.85,36.85071022466616,35,1,1,Eco/Super Eco,OFF,35,,,35,23,step,1,Eco,,,,
1788587216922,2026-09-05 13:46:56,1515,36.90,36.85071022466616,35,1,1,Eco/Super Eco,OFF,35,,,35,23,step,1,Eco,,,,
1788587217923,2026-09-05 13:46:57,1517,36.85,36.85071022466616,35,1,1,Eco/Super Eco,OFF,35,,,35,23,step,1,Eco,,,,
1788587218925,2026-09-05 13:46:58,1514,36.92,36.85071022466616,35,1,1,Eco/Super Eco,OFF,35,,,35,23,step,1,Eco,,,,
1788587219926,2026-09-05 13:46:59,1515,36.90,36.85071022466616,35,1,1,Eco/Super Eco,OFF,35,,,35,23,step,1,Eco,,,,
1788587220927,2026-09-05 13:47:00,1516,36.87,36.85071022466616,35,1,1,Eco/Super Eco,OFF,35,,,35,23,step,1,Eco,,,,
1788587221929,2026-09-05 13:47:01,1513,36.94,36.85071022466616,35,1,1,Eco/Super Eco,OFF,35,,,35,23,step,1,Eco,,,,
1788587222930,2026-09-05 13:47:02,1514,36.92,36.87398161325308,35,1,1,Eco/Super Eco,OFF,35,,,35,23,step,1,Eco,,,,
1788587223929,2026-09-05 13:47:03,1515,36.90,36.87398161325308,35,1,1,Eco/Super Eco,OFF,35,,,35,23,step,1,Eco,,,,
1788587224930,2026-09-05 13:47:04,1517,36.85,36.87398161325308,35,1,1,Eco/Super Eco,OFF,35,,,35,23,step,1,Eco,,,,
1788587225931,2026-09-05 13:47:05,1514,36.92,36.87398161325308,35,1,1,Eco/Super Eco,OFF,35,,,35,23,step,1,Eco,,,,
1788587226932,2026-09-05 13:47:06,1515,36.90,36.87398161325308,35,1,1,Eco/Super Eco,OFF,35,,,35,23,step,1,Eco,,,,
1788587227932,2026-09-05 13:47:07,1514,36.92,36.87398161325308,35,1,1,Eco/Super Eco,OFF,35,,,35,23,step,1,Eco,,,,
1788587228933,2026-09-05 13:47:08,1513,36.94,36.87398161325308,35,1,1,Eco/Super Eco,OFF,35,,,35,23,step,1,Eco,,,,
1788587229935,2026-09-05 13:47:09,1516,36.87,36.87398161325308,35,1,1,Eco/Super Eco,OFF,35,,,35,23,step,1,Eco,,,,
1788587230936,2026-09-05 13:47:10,1513,36.94,36.87398161325308,35,1,1,Eco/Super Eco,OFF,35,,,35,23,step,1,Eco,,,,
1788587231937,2026-09-05 13:47:11,1515,36.90,36.87398161325308,35,1,1,Eco/Super Eco,OFF,35,,,35,23,step,1,Eco,,,,
1788587232938,2026-09-05 13:47:12,1515,36.90,36.87398161325308,35,1,1,Eco/Super Eco,OFF,35,,,35,23,step,1,Eco,,,,
1788587233940,2026-09-05 13:47:13,1510,37.01,36.87398161325308,35,1,1,Eco/Super Eco,OFF,35,,,35,23,step,1,Eco,,,,
1788587234941,2026-09-05 13:47:14,1513,36.94,36.87398161325308,35,1,1,Eco/Super Eco,OFF,35,,,35,23,step,1,Eco,,,,
1788587235941,2026-09-05 13:47:15,1512,36.97,36.87398161325308,35,1,1,Eco/Super Eco,OFF,35,,,35,23,step,1,Eco,,,,
1788587236943,2026-09-05 13:47:16,1514,36.92,36.87398161325308,35,1,1,Eco/Super Eco,OFF,35,,,35,23,step,1,Eco,,,,
1788587237943,2026-09-05 13:47:17,1515,36.90,36.897262831052956,35,1,1,Eco/Super Eco,OFF,35,,,35,23,step,1,Eco,,,,
1788587238945,2026-09-05 13:47:18,1513,36.94,36.897262831052956,35,1,1,Eco/Super Eco,OFF,35,,,35,23,step,1,Eco,,,,
1788587239946,2026-09-05 13:47:19,1512,36.97,36.897262831052956,35,1,1,Eco/Super Eco,OFF,35,,,35,23,step,1,Eco,,,,
1788587240946,2026-09-05 13:47:20,1511,36.99,36.897262831052956,35,1,1,Eco/Super Eco,OFF,35,,,35,23,step,1,Eco,,,,
1788587241947,2026-09-05 13:47:21,1511,36.99,36.897262831052956,35,1,1,Eco/Super Eco,OFF,35,,,35,23,step,1,Eco,,,,
1788587242949,2026-09-05 13:47:22,1510,37.01,36.897262831052956,35,1,1,Eco/Super Eco,OFF,35,,,35,23,step,1,Eco,,,,
1788587243949,2026-09-05 13:47:23,1512,36.97,36.897262831052956,35,1,1,Eco/Super Eco,OFF,35,,,35,23,step,1,Eco,,,,
1788587244950,2026-09-05 13:47:24,1510,37.01,36.897262831052956,35,1,1,Eco/Super Eco,OFF,35,,,35,23,step,1,Eco,,,,
1788587245951,2026-09-05 13:47:25,1511,36.99,36.897262831052956,35,1,1,Eco/Super Eco,OFF,35,,,35,23,step,1,Eco,,,,
1788587246953,2026-09-05 13:47:26,1504,37.15,36.897262831052956,35,1,1,Eco/Super Eco,OFF,35,,,35,23,step,1,Eco,,,,
1788587247954,2026-09-05 13:47:27,1520,36.78,36.897262831052956,35,1,1,Eco/Super Eco,OFF,35,,,35,23,step,1,Eco,,,,
1788587248954,2026-09-05 13:47:28,1509,37.04,36.897262831052956,35,1,1,Eco/Super Eco,OFF,35,,,35,23,step,1,Eco,,,,
1788587249955,2026-09-05 13:47:29,1510,37.01,36.897262831052956,35,1,1,Eco/Super Eco,OFF,35,,,35,23,step,1,Eco,,,,
1788587250956,2026-09-05 13:47:30,1512,36.97,36.897262831052956,35,1,1,Eco/Super Eco,OFF,35,,,35,23,step,1,Eco,,,,
1788587251958,2026-09-05 13:47:31,1509,37.04,36.897262831052956,35,1,1,Eco/Super Eco,OFF,35,,,35,23,step,1,Eco,,,,
1788587252958,2026-09-05 13:47:32,1509,37.04,36.990486375090484,35,1,1,Eco/Super Eco,OFF,35,,,35,23,step,1,Eco,,,,
1788587253959,2026-09-05 13:47:33,1510,37.01,36.990486375090484,35,1,1,Eco/Super Eco,OFF,35,,,35,23,step,1,Eco,,,,
1788587254961,2026-09-05 13:47:34,1509,37.04,36.990486375090484,35,1,1,Eco/Super Eco,OFF,35,,,35,23,step,1,Eco,,,,
1788587255962,2026-09-05 13:47:35,1510,37.01,36.990486375090484,35,1,1,Eco/Super Eco,OFF,35,,,35,23,step,1,Eco,,,,
1788587256963,2026-09-05 13:47:36,1509,37.04,36.990486375090484,35,1,1,Eco/Super Eco,OFF,35,,,35,23,step,1,Eco,,,,
1788587257965,2026-09-05 13:47:37,1510,37.01,36.990486375090484,35,1,1,Eco/Super Eco,OFF,35,,,35,23,step,1,Eco,,,,
1788587258965,2026-09-05 13:47:38,1509,37.04,36.990486375090484,35,1,1,Eco/Super Eco,OFF,35,,,35,23,step,1,Eco,,,,
1788587259966,2026-09-05 13:47:39,1507,37.08,36.990486375090484,35,1,1,Eco/Super Eco,OFF,35,,,35,23,step,1,Eco,,,,
1788587260967,2026-09-05 13:47:40,1509,37.04,36.990486375090484,35,1,1,Eco/Super Eco,OFF,35,,,35,23,step,1,Eco,,,,
1788587261969,2026-09-05 13:47:41,1509,37.04,36.990486375090484,35,1,1,Eco/Super Eco,OFF,35,,,35,23,step,1,Eco,,,,
1788587262970,2026-09-05 13:47:42,1507,37.08,36.990486375090484,35,1,1,Eco/Super Eco,OFF,35,,,35,23,step,1,Eco,,,,
1788587263971,2026-09-05 13:47:43,1512,36.97,36.990486375090484,35,1,1,Eco/Super Eco,OFF,35,,,35,23,step,1,Eco,,,,
1788587264972,2026-09-05 13:47:44,1508,37.06,36.990486375090484,35,1,1,Eco/Super Eco,OFF,35,,,35,23,step,1,Eco,,,,
1788587265972,2026-09-05 13:47:45,1508,37.06,36.990486375090484,35,1,1,Eco/Super Eco,OFF,35,,,35,23,step,1,Eco,,,,
1788587266974,2026-09-05 13:47:46,1508,37.06,36.990486375090484,35,1,1,Eco/Super Eco,OFF,35,,,35,23,step,1,Eco,,,,
1788587267974,2026-09-05 13:47:47,1508,37.06,37.037157618261006,43,1,1,Eco/Super Eco,OFF,35,35,foreign_write 43 reassert(was 43),35,23,step,1,Eco,foreign_write:43,,,
1788587268975,2026-09-05 13:47:48,1507,37.08,37.037157618261006,35,1,1,Eco/Super Eco,OFF,35,,,35,23,step,1,Eco,,,,
1788587269976,2026-09-05 13:47:49,1508,37.06,37.037157618261006,35,1,1,Eco/Super Eco,OFF,35,,,35,23,step,1,Eco,,,,
1788587270978,2026-09-05 13:47:50,1507,37.08,37.037157618261006,35,1,1,Eco/Super Eco,OFF,35,,,35,23,step,1,Eco,,,,
1788587271978,2026-09-05 13:47:51,1507,37.08,37.037157618261006,35,1,1,Eco/Super Eco,OFF,35,,,35,23,step,1,Eco,,,,
1788587272980,2026-09-05 13:47:52,1507,37.08,37.037157618261006,35,1,1,Eco/Super Eco,OFF,35,,,35,23,step,1,Eco,,,,
1788587273980,2026-09-05 13:47:53,1506,37.11,37.037157618261006,35,1,1,Eco/Super Eco,OFF,35,,,35,23,step,1,Eco,,,,
1788587274982,2026-09-05 13:47:54,1505,37.13,37.037157618261006,35,1,1,Eco/Super Eco,OFF,35,,,35,23,step,1,Eco,,,,
1788587275983,2026-09-05 13:47:55,1508,37.06,37.037157618261006,35,1,1,Eco/Super Eco,OFF,35,,,35,23,step,1,Eco,,,,
1788587276983,2026-09-05 13:47:56,1507,37.08,37.037157618261006,35,1,1,Eco/Super Eco,OFF,35,,,35,23,step,1,Eco,,,,
1788587277985,2026-09-05 13:47:57,1509,37.04,37.037157618261006,35,1,1,Eco/Super Eco,OFF,35,,,35,23,step,1,Eco,,,,
1788587278986,2026-09-05 13:47:58,1507,37.08,37.037157618261006,35,1,1,Eco/Super Eco,OFF,35,,,35,23,step,1,Eco,,,,
1788587279986,2026-09-05 13:47:59,1506,37.11,37.037157618261006,35,1,1,Eco/Super Eco,OFF,35,,,35,23,step,1,Eco,,,,
1788587280988,2026-09-05 13:48:00,1505,37.13,37.037157618261006,35,1,1,Eco/Super Eco,OFF,35,,,35,23,step,1,Eco,,,,
1788587281990,2026-09-05 13:48:01,1505,37.13,37.037157618261006,35,1,1,Eco/Super Eco,OFF,35,,,35,23,step,1,Eco,,,,
1788587282991,2026-09-05 13:48:02,1505,37.13,37.107239253710816,35,1,1,Eco/Super Eco,OFF,35,,,35,23,step,1,Eco,,,,
1788587283992,2026-09-05 13:48:03,1507,37.08,37.107239253710816,35,1,1,Eco/Super Eco,OFF,35,,,35,23,step,1,Eco,,,,
1788587284993,2026-09-05 13:48:04,1505,37.13,37.107239253710816,35,1,1,Eco/Super Eco,OFF,35,,,35,23,step,1,Eco,,,,
1788587285995,2026-09-05 13:48:05,1503,37.18,37.107239253710816,35,1,1,Eco/Super Eco,OFF,35,,,35,23,step,1,Eco,,,,
1788587286995,2026-09-05 13:48:06,1507,37.08,37.107239253710816,35,1,1,Eco/Super Eco,OFF,35,,,35,23,step,1,Eco,,,,
1788587287997,2026-09-05 13:48:07,1506,37.11,37.107239253710816,35,1,1,Eco/Super Eco,OFF,35,,,35,23,step,1,Eco,,,,
1788587288997,2026-09-05 13:48:08,1505,37.13,37.107239253710816,35,1,1,Eco/Super Eco,OFF,35,,,35,23,step,1,Eco,,,,
1788587289999,2026-09-05 13:48:09,1507,37.08,37.107239253710816,35,1,1,Eco/Super Eco,OFF,35,,,35,23,step,1,Eco,,,,
1788587291000,2026-09-05 13:48:11,1503,37.18,37.107239253710816,35,1,1,Eco/Super Eco,OFF,35,,,35,23,step,1,Eco,,,,
1788587292001,2026-09-05 13:48:12,1503,37.18,37.107239253710816,35,1,1,Eco/Super Eco,OFF,35,,,35,23,step,1,Eco,,,,
1788587293002,2026-09-05 13:48:13,1505,37.13,37.107239253710816,35,1,1,Eco/Super Eco,OFF,83,83,rgblevel<-4 DLPC temp UNAVAILABLE,83,24,baseline,4,Super Eco,step_end:settled;mode_change to Super Eco (rgblevel 4); the stock controller will slam the fan to this tier's floor within one 15 s poll - the 1 Hz re-assert takes it back;rgblevel_set:4;dlpc_unavailable,,,unavailable
1788587294002,2026-09-05 13:48:14,1521,36.76,37.107239253710816,83,4,1,Eco/Super Eco,OFF,83,,,83,24,baseline,4,Super Eco,,,,
1788587295003,2026-09-05 13:48:15,1532,36.50,37.107239253710816,83,4,1,Eco/Super Eco,OFF,83,,,83,24,baseline,4,Super Eco,,,,
1788587296004,2026-09-05 13:48:16,1539,36.34,37.107239253710816,83,4,1,Eco/Super Eco,OFF,83,,,83,24,baseline,4,Super Eco,,,,
1788587297006,2026-09-05 13:48:17,1542,36.27,37.107239253710816,83,4,1,Eco/Super Eco,OFF,83,,,83,24,baseline,4,Super Eco,,,,
1788587298006,2026-09-05 13:48:18,1552,36.04,36.11110359395036,43,4,1,Eco/Super Eco,OFF,83,83,foreign_write 43 reassert(was 43),83,24,baseline,4,Super Eco,foreign_write:43,,,
1788587299007,2026-09-05 13:48:19,1556,35.95,36.11110359395036,83,4,1,Eco/Super Eco,OFF,83,,,83,24,baseline,4,Super Eco,,,,
1788587300009,2026-09-05 13:48:20,1561,35.84,36.11110359395036,83,4,1,Eco/Super Eco,OFF,83,,,83,24,baseline,4,Super Eco,,,,
1788587301010,2026-09-05 13:48:21,1563,35.79,36.11110359395036,83,4,1,Eco/Super Eco,OFF,83,,,83,24,baseline,4,Super Eco,,,,
1788587302011,2026-09-05 13:48:22,1566,35.72,36.11110359395036,83,4,1,Eco/Super Eco,OFF,83,,,83,24,baseline,4,Super Eco,,,,
1788587303013,2026-09-05 13:48:23,1571,35.61,36.11110359395036,83,4,1,Eco/Super Eco,OFF,83,,,83,24,baseline,4,Super Eco,,,,
1788587304013,2026-09-05 13:48:24,1577,35.47,36.11110359395036,83,4,1,Eco/Super Eco,OFF,83,,,83,24,baseline,4,Super Eco,,,,
1788587305014,2026-09-05 13:48:25,1580,35.40,36.11110359395036,83,4,1,Eco/Super Eco,OFF,83,,,83,24,baseline,4,Super Eco,,,,
1788587306016,2026-09-05 13:48:26,1594,35.09,36.11110359395036,83,4,1,Eco/Super Eco,OFF,83,,,83,24,baseline,4,Super Eco,,,,
1788587307017,2026-09-05 13:48:27,1586,35.27,36.11110359395036,83,4,1,Eco/Super Eco,OFF,83,,,83,24,baseline,4,Super Eco,,,,
1788587308019,2026-09-05 13:48:28,1590,35.18,36.11110359395036,83,4,1,Eco/Super Eco,OFF,83,,,83,24,baseline,4,Super Eco,,,,
1788587309020,2026-09-05 13:48:29,1595,35.06,36.11110359395036,83,4,1,Eco/Super Eco,OFF,83,,,83,24,baseline,4,Super Eco,,,,
1788587310021,2026-09-05 13:48:30,1595,35.06,36.11110359395036,83,4,1,Eco/Super Eco,OFF,83,,,83,24,baseline,4,Super Eco,,,,
1788587311022,2026-09-05 13:48:31,1602,34.91,36.11110359395036,83,4,1,Eco/Super Eco,OFF,83,,,83,24,baseline,4,Super Eco,,,,
1788587312023,2026-09-05 13:48:32,1606,34.82,36.11110359395036,83,4,1,Eco/Super Eco,OFF,83,,,83,24,baseline,4,Super Eco,,,,
1788587313024,2026-09-05 13:48:33,1611,34.70,34.704481774029205,43,4,1,Eco/Super Eco,OFF,83,83,foreign_write 43 reassert(was 43),83,24,baseline,4,Super Eco,foreign_write:43,,,
1788587314026,2026-09-05 13:48:34,1612,34.68,34.704481774029205,83,4,1,Eco/Super Eco,OFF,83,,,83,24,baseline,4,Super Eco,,,,
1788587315027,2026-09-05 13:48:35,1616,34.59,34.704481774029205,83,4,1,Eco/Super Eco,OFF,83,,,83,24,baseline,4,Super Eco,,,,
1788587316028,2026-09-05 13:48:36,1626,34.37,34.704481774029205,83,4,1,Eco/Super Eco,OFF,83,,,83,24,baseline,4,Super Eco,,,,
1788587317030,2026-09-05 13:48:37,1621,34.48,34.704481774029205,83,4,1,Eco/Super Eco,OFF,83,,,83,24,baseline,4,Super Eco,,,,
1788587318031,2026-09-05 13:48:38,1625,34.39,34.704481774029205,83,4,1,Eco/Super Eco,OFF,83,,,83,24,baseline,4,Super Eco,,,,
1788587319033,2026-09-05 13:48:39,1626,34.37,34.704481774029205,83,4,1,Eco/Super Eco,OFF,83,,,83,24,baseline,4,Super Eco,,,,
1788587320034,2026-09-05 13:48:40,1631,34.26,34.704481774029205,83,4,1,Eco/Super Eco,OFF,83,,,83,24,baseline,4,Super Eco,,,,
1788587321035,2026-09-05 13:48:41,1634,34.19,34.704481774029205,83,4,1,Eco/Super Eco,OFF,83,,,83,24,baseline,4,Super Eco,,,,
1788587322037,2026-09-05 13:48:42,1637,34.12,34.704481774029205,83,4,1,Eco/Super Eco,OFF,83,,,83,24,baseline,4,Super Eco,,,,
1788587323037,2026-09-05 13:48:43,1640,34.06,34.704481774029205,83,4,1,Eco/Super Eco,OFF,83,,,83,24,baseline,4,Super Eco,,,,
1788587324038,2026-09-05 13:48:44,1642,34.01,34.704481774029205,83,4,1,Eco/Super Eco,OFF,83,,,83,24,baseline,4,Super Eco,,,,
1788587325039,2026-09-05 13:48:45,1642,34.01,34.704481774029205,83,4,1,Eco/Super Eco,OFF,83,,,83,24,baseline,4,Super Eco,,,,
1788587326039,2026-09-05 13:48:46,1654,33.75,34.704481774029205,83,4,1,Eco/Super Eco,OFF,83,,,83,24,baseline,4,Super Eco,,,,
1788587327041,2026-09-05 13:48:47,1646,33.92,34.704481774029205,83,4,1,Eco/Super Eco,OFF,83,,,83,24,baseline,4,Super Eco,,,,
1788587328042,2026-09-05 13:48:48,1648,33.88,33.90239343609727,43,4,1,Eco/Super Eco,OFF,83,83,foreign_write 43 reassert(was 43),83,24,baseline,4,Super Eco,foreign_write:43,,,
1788587329043,2026-09-05 13:48:49,1653,33.77,33.90239343609727,83,4,1,Eco/Super Eco,OFF,83,,,83,24,baseline,4,Super Eco,,,,
1788587330043,2026-09-05 13:48:50,1655,33.73,33.90239343609727,83,4,1,Eco/Super Eco,OFF,83,,,83,24,baseline,4,Super Eco,,,,
1788587331044,2026-09-05 13:48:51,1665,33.51,33.90239343609727,83,4,1,Eco/Super Eco,OFF,83,,,83,24,baseline,4,Super Eco,,,,
1788587332046,2026-09-05 13:48:52,1661,33.59,33.90239343609727,83,4,1,Eco/Super Eco,OFF,83,,,83,24,baseline,4,Super Eco,,,,
1788587333046,2026-09-05 13:48:53,1662,33.57,33.90239343609727,83,4,1,Eco/Super Eco,OFF,83,,,83,24,baseline,4,Super Eco,,,,
1788587334047,2026-09-05 13:48:54,1662,33.57,33.90239343609727,83,4,1,Eco/Super Eco,OFF,83,,,83,24,baseline,4,Super Eco,,,,
1788587335047,2026-09-05 13:48:55,1668,33.44,33.90239343609727,83,4,1,Eco/Super Eco,OFF,83,,,83,24,baseline,4,Super Eco,,,,
1788587336049,2026-09-05 13:48:56,1669,33.42,33.90239343609727,83,4,1,Eco/Super Eco,OFF,83,,,83,24,baseline,4,Super Eco,,,,
1788587337049,2026-09-05 13:48:57,1669,33.42,33.90239343609727,83,4,1,Eco/Super Eco,OFF,83,,,83,24,baseline,4,Super Eco,,,,
1788587338050,2026-09-05 13:48:58,1671,33.37,33.90239343609727,83,4,1,Eco/Super Eco,OFF,83,,,83,24,baseline,4,Super Eco,,,,
1788587339051,2026-09-05 13:48:59,1674,33.31,33.90239343609727,83,4,1,Eco/Super Eco,OFF,83,,,83,24,baseline,4,Super Eco,,,,
1788587340051,2026-09-05 13:49:00,1675,33.29,33.90239343609727,83,4,1,Eco/Super Eco,OFF,83,,,83,24,baseline,4,Super Eco,,,,
1788587341053,2026-09-05 13:49:01,1675,33.29,33.90239343609727,83,4,1,Eco/Super Eco,OFF,83,,,83,24,baseline,4,Super Eco,,,,
1788587342053,2026-09-05 13:49:02,1679,33.20,33.90239343609727,83,4,1,Eco/Super Eco,OFF,83,,,83,24,baseline,4,Super Eco,,,,
1788587343055,2026-09-05 13:49:03,1681,33.15,33.153920456532944,83,4,1,Eco/Super Eco,OFF,83,,,83,24,baseline,4,Super Eco,,,,
1788587344055,2026-09-05 13:49:04,1682,33.13,33.153920456532944,83,4,1,Eco/Super Eco,OFF,83,,,83,24,baseline,4,Super Eco,,,,
1788587345056,2026-09-05 13:49:05,1684,33.09,33.153920456532944,83,4,1,Eco/Super Eco,OFF,83,,,83,24,baseline,4,Super Eco,,,,
1788587346058,2026-09-05 13:49:06,1685,33.07,33.153920456532944,83,4,1,Eco/Super Eco,OFF,83,,,83,24,baseline,4,Super Eco,,,,
1788587347059,2026-09-05 13:49:07,1685,33.07,33.153920456532944,83,4,1,Eco/Super Eco,OFF,83,,,83,24,baseline,4,Super Eco,,,,
1788587348060,2026-09-05 13:49:08,1690,32.96,33.153920456532944,83,4,1,Eco/Super Eco,OFF,83,,,83,24,baseline,4,Super Eco,,,,
1788587349061,2026-09-05 13:49:09,1692,32.91,33.153920456532944,83,4,1,Eco/Super Eco,OFF,83,,,83,24,baseline,4,Super Eco,,,,
1788587350061,2026-09-05 13:49:10,1691,32.94,33.153920456532944,83,4,1,Eco/Super Eco,OFF,83,,,83,24,baseline,4,Super Eco,,,,
1788587351061,2026-09-05 13:49:11,1694,32.87,33.153920456532944,83,4,1,Eco/Super Eco,OFF,83,,,83,24,baseline,4,Super Eco,,,,
1788587352063,2026-09-05 13:49:12,1695,32.85,33.153920456532944,83,4,1,Eco/Super Eco,OFF,83,,,83,24,baseline,4,Super Eco,,,,
1788587353063,2026-09-05 13:49:13,1695,32.85,33.153920456532944,83,4,1,Eco/Super Eco,OFF,83,,,83,24,baseline,4,Super Eco,,,,
1788587354064,2026-09-05 13:49:14,1698,32.78,33.153920456532944,83,4,1,Eco/Super Eco,OFF,83,,,83,24,baseline,4,Super Eco,,,,
1788587355066,2026-09-05 13:49:15,1697,32.80,33.153920456532944,83,4,1,Eco/Super Eco,OFF,83,,,83,24,baseline,4,Super Eco,,,,
1788587356067,2026-09-05 13:49:16,1701,32.72,33.153920456532944,83,4,1,Eco/Super Eco,OFF,83,,,83,24,baseline,4,Super Eco,,,,
1788587357068,2026-09-05 13:49:17,1703,32.67,33.153920456532944,83,4,1,Eco/Super Eco,OFF,83,,,83,24,baseline,4,Super Eco,,,,
1788587358070,2026-09-05 13:49:18,1703,32.67,32.67401764334414,43,4,1,Eco/Super Eco,OFF,83,83,foreign_write 43 reassert(was 43),83,24,baseline,4,Super Eco,foreign_write:43,,,
1788587359071,2026-09-05 13:49:19,1704,32.65,32.67401764334414,83,4,1,Eco/Super Eco,OFF,83,,,83,24,baseline,4,Super Eco,,,,
1788587360073,2026-09-05 13:49:20,1705,32.63,32.67401764334414,83,4,1,Eco/Super Eco,OFF,83,,,83,24,baseline,4,Super Eco,,,,
1788587361074,2026-09-05 13:49:21,1705,32.63,32.67401764334414,83,4,1,Eco/Super Eco,OFF,83,,,83,24,baseline,4,Super Eco,,,,
1788587362074,2026-09-05 13:49:22,1709,32.54,32.67401764334414,83,4,1,Eco/Super Eco,OFF,83,,,83,24,baseline,4,Super Eco,,,,
1788587363077,2026-09-05 13:49:23,1709,32.54,32.67401764334414,83,4,1,Eco/Super Eco,OFF,83,,,83,24,baseline,4,Super Eco,,,,
1788587364078,2026-09-05 13:49:24,1709,32.54,32.67401764334414,83,4,1,Eco/Super Eco,OFF,83,,,83,24,baseline,4,Super Eco,,,,
1788587365078,2026-09-05 13:49:25,1712,32.48,32.67401764334414,83,4,1,Eco/Super Eco,OFF,83,,,83,24,baseline,4,Super Eco,,,,
1788587366078,2026-09-05 13:49:26,1713,32.46,32.67401764334414,83,4,1,Eco/Super Eco,OFF,83,,,83,24,baseline,4,Super Eco,,,,
1788587367079,2026-09-05 13:49:27,1715,32.41,32.67401764334414,83,4,1,Eco/Super Eco,OFF,83,,,83,24,baseline,4,Super Eco,,,,
1788587368080,2026-09-05 13:49:28,1713,32.46,32.67401764334414,83,4,1,Eco/Super Eco,OFF,83,,,83,24,baseline,4,Super Eco,,,,
1788587369082,2026-09-05 13:49:29,1715,32.41,32.67401764334414,83,4,1,Eco/Super Eco,OFF,83,,,83,24,baseline,4,Super Eco,,,,
1788587370083,2026-09-05 13:49:30,1715,32.41,32.67401764334414,83,4,1,Eco/Super Eco,OFF,83,,,83,24,baseline,4,Super Eco,,,,
1788587371083,2026-09-05 13:49:31,1721,32.28,32.67401764334414,83,4,1,Eco/Super Eco,OFF,83,,,83,24,baseline,4,Super Eco,,,,
1788587372084,2026-09-05 13:49:32,1718,32.35,32.67401764334414,83,4,1,Eco/Super Eco,OFF,83,,,83,24,baseline,4,Super Eco,,,,
1788587373086,2026-09-05 13:49:33,1720,32.31,32.305436645568534,83,4,1,Eco/Super Eco,OFF,83,,,83,24,baseline,4,Super Eco,,,,
1788587374087,2026-09-05 13:49:34,1721,32.28,32.305436645568534,83,4,1,Eco/Super Eco,OFF,83,,,83,24,baseline,4,Super Eco,,,,
1788587375089,2026-09-05 13:49:35,1719,32.33,32.305436645568534,83,4,1,Eco/Super Eco,OFF,83,,,83,24,baseline,4,Super Eco,,,,
1788587376089,2026-09-05 13:49:36,1723,32.24,32.305436645568534,83,4,1,Eco/Super Eco,OFF,83,,,83,24,baseline,4,Super Eco,,,,
1788587377090,2026-09-05 13:49:37,1724,32.22,32.305436645568534,83,4,1,Eco/Super Eco,OFF,83,,,83,24,baseline,4,Super Eco,,,,
1788587378091,2026-09-05 13:49:38,1723,32.24,32.305436645568534,83,4,1,Eco/Super Eco,OFF,83,,,83,24,baseline,4,Super Eco,,,,
1788587379092,2026-09-05 13:49:39,1725,32.20,32.305436645568534,83,4,1,Eco/Super Eco,OFF,83,,,83,24,baseline,4,Super Eco,,,,
1788587380093,2026-09-05 13:49:40,1726,32.18,32.305436645568534,83,4,1,Eco/Super Eco,OFF,83,,,83,24,baseline,4,Super Eco,,,,
1788587381094,2026-09-05 13:49:41,1730,32.09,32.305436645568534,83,4,1,Eco/Super Eco,OFF,83,,,83,24,baseline,4,Super Eco,,,,
1788587382094,2026-09-05 13:49:42,1728,32.13,32.305436645568534,83,4,1,Eco/Super Eco,OFF,83,,,83,24,baseline,4,Super Eco,,,,
1788587383096,2026-09-05 13:49:43,1729,32.11,32.305436645568534,83,4,1,Eco/Super Eco,OFF,83,,,83,24,baseline,4,Super Eco,,,,
1788587384096,2026-09-05 13:49:44,1732,32.05,32.305436645568534,83,4,1,Eco/Super Eco,OFF,83,,,83,24,baseline,4,Super Eco,,,,
1788587385096,2026-09-05 13:49:45,1730,32.09,32.305436645568534,83,4,1,Eco/Super Eco,OFF,83,,,83,24,baseline,4,Super Eco,,,,
1788587386098,2026-09-05 13:49:46,1734,32.00,32.305436645568534,83,4,1,Eco/Super Eco,OFF,83,,,83,24,baseline,4,Super Eco,,,,
1788587387099,2026-09-05 13:49:47,1734,32.00,32.305436645568534,83,4,1,Eco/Super Eco,OFF,83,,,83,24,baseline,4,Super Eco,,,,
1788587388099,2026-09-05 13:49:48,1735,31.98,31.981788673799542,43,4,1,Eco/Super Eco,OFF,83,83,foreign_write 43 reassert(was 43),83,24,baseline,4,Super Eco,foreign_write:43,,,
1788587389100,2026-09-05 13:49:49,1733,32.02,31.981788673799542,83,4,1,Eco/Super Eco,OFF,83,,,83,24,baseline,4,Super Eco,,,,
1788587390101,2026-09-05 13:49:50,1737,31.94,31.981788673799542,83,4,1,Eco/Super Eco,OFF,83,,,83,24,baseline,4,Super Eco,,,,
1788587391102,2026-09-05 13:49:51,1738,31.92,31.981788673799542,83,4,1,Eco/Super Eco,OFF,83,,,83,24,baseline,4,Super Eco,,,,
1788587392103,2026-09-05 13:49:52,1738,31.92,31.981788673799542,83,4,1,Eco/Super Eco,OFF,83,,,83,24,baseline,4,Super Eco,,,,
1788587393103,2026-09-05 13:49:53,1738,31.92,31.981788673799542,83,4,1,Eco/Super Eco,OFF,83,,,83,24,baseline,4,Super Eco,,,,
1788587394104,2026-09-05 13:49:54,1740,31.87,31.981788673799542,83,4,1,Eco/Super Eco,OFF,83,,,83,24,baseline,4,Super Eco,,,,
1788587395106,2026-09-05 13:49:55,1741,31.85,31.981788673799542,83,4,1,Eco/Super Eco,OFF,83,,,83,24,baseline,4,Super Eco,,,,
1788587396106,2026-09-05 13:49:56,1742,31.83,31.981788673799542,83,4,1,Eco/Super Eco,OFF,83,,,83,24,baseline,4,Super Eco,,,,
1788587397108,2026-09-05 13:49:57,1742,31.83,31.981788673799542,83,4,1,Eco/Super Eco,OFF,83,,,83,24,baseline,4,Super Eco,,,,
1788587398108,2026-09-05 13:49:58,1735,31.98,31.981788673799542,83,4,1,Eco/Super Eco,OFF,83,,,83,24,baseline,4,Super Eco,,,,
1788587399108,2026-09-05 13:49:59,1742,31.83,31.981788673799542,83,4,1,Eco/Super Eco,OFF,83,,,83,24,baseline,4,Super Eco,,,,
1788587400108,2026-09-05 13:50:00,1744,31.79,31.981788673799542,83,4,1,Eco/Super Eco,OFF,83,,,83,24,baseline,4,Super Eco,,,,
1788587401109,2026-09-05 13:50:01,1744,31.79,31.981788673799542,83,4,1,Eco/Super Eco,OFF,83,,,83,24,baseline,4,Super Eco,,,,
1788587402111,2026-09-05 13:50:02,1744,31.79,31.981788673799542,83,4,1,Eco/Super Eco,OFF,83,,,83,24,baseline,4,Super Eco,,,,
1788587403111,2026-09-05 13:50:03,1745,31.77,31.7668173406077,83,4,1,Eco/Super Eco,OFF,83,,,83,24,baseline,4,Super Eco,,,,
1788587404113,2026-09-05 13:50:04,1747,31.72,31.7668173406077,83,4,1,Eco/Super Eco,OFF,83,,,83,24,baseline,4,Super Eco,,,,
1788587405114,2026-09-05 13:50:05,1749,31.68,31.7668173406077,83,4,1,Eco/Super Eco,OFF,83,,,83,24,baseline,4,Super Eco,,,,
1788587406114,2026-09-05 13:50:06,1749,31.68,31.7668173406077,83,4,1,Eco/Super Eco,OFF,83,,,83,24,baseline,4,Super Eco,,,,
1788587407116,2026-09-05 13:50:07,1752,31.62,31.7668173406077,83,4,1,Eco/Super Eco,OFF,83,,,83,24,baseline,4,Super Eco,,,,
1788587408117,2026-09-05 13:50:08,1750,31.66,31.7668173406077,83,4,1,Eco/Super Eco,OFF,83,,,83,24,baseline,4,Super Eco,,,,
1788587409118,2026-09-05 13:50:09,1752,31.62,31.7668173406077,83,4,1,Eco/Super Eco,OFF,83,,,83,24,baseline,4,Super Eco,,,,
1788587410118,2026-09-05 13:50:10,1752,31.62,31.7668173406077,83,4,1,Eco/Super Eco,OFF,83,,,83,24,baseline,4,Super Eco,,,,
1788587411120,2026-09-05 13:50:11,1753,31.60,31.7668173406077,83,4,1,Eco/Super Eco,OFF,83,,,83,24,baseline,4,Super Eco,,,,
1788587412120,2026-09-05 13:50:12,1754,31.57,31.7668173406077,83,4,1,Eco/Super Eco,OFF,83,,,83,24,baseline,4,Super Eco,,,,
1788587413121,2026-09-05 13:50:13,1754,31.57,31.7668173406077,83,4,1,Eco/Super Eco,OFF,83,,,83,24,baseline,4,Super Eco,,,,
1788587414122,2026-09-05 13:50:14,1754,31.57,31.7668173406077,83,4,1,Eco/Super Eco,OFF,83,,,83,24,baseline,4,Super Eco,,,,
1788587415123,2026-09-05 13:50:15,1755,31.55,31.7668173406077,83,4,1,Eco/Super Eco,OFF,83,,,83,24,baseline,4,Super Eco,,,,
1788587416124,2026-09-05 13:50:16,1756,31.53,31.7668173406077,83,4,1,Eco/Super Eco,OFF,83,,,83,24,baseline,4,Super Eco,,,,
1788587417125,2026-09-05 13:50:17,1754,31.57,31.7668173406077,83,4,1,Eco/Super Eco,OFF,83,,,83,24,baseline,4,Super Eco,,,,
1788587418127,2026-09-05 13:50:18,1757,31.51,31.552465451106173,83,4,1,Eco/Super Eco,OFF,83,,,83,24,baseline,4,Super Eco,,,,
1788587419129,2026-09-05 13:50:19,1757,31.51,31.552465451106173,83,4,1,Eco/Super Eco,OFF,83,,,83,24,baseline,4,Super Eco,,,,
1788587420129,2026-09-05 13:50:20,1761,31.42,31.552465451106173,83,4,1,Eco/Super Eco,OFF,83,,,83,24,baseline,4,Super Eco,,,,
1788587421129,2026-09-05 13:50:21,1761,31.42,31.552465451106173,83,4,1,Eco/Super Eco,OFF,83,,,83,24,baseline,4,Super Eco,,,,
1788587422129,2026-09-05 13:50:22,1759,31.47,31.552465451106173,83,4,1,Eco/Super Eco,OFF,83,,,83,24,baseline,4,Super Eco,,,,
1788587423130,2026-09-05 13:50:23,1761,31.42,31.552465451106173,83,4,1,Eco/Super Eco,OFF,83,,,83,24,baseline,4,Super Eco,,,,
1788587424131,2026-09-05 13:50:24,1763,31.38,31.552465451106173,83,4,1,Eco/Super Eco,OFF,83,,,83,24,baseline,4,Super Eco,,,,
1788587425133,2026-09-05 13:50:25,1761,31.42,31.552465451106173,83,4,1,Eco/Super Eco,OFF,83,,,83,24,baseline,4,Super Eco,,,,
1788587426133,2026-09-05 13:50:26,1762,31.40,31.552465451106173,83,4,1,Eco/Super Eco,OFF,83,,,83,24,baseline,4,Super Eco,,,,
1788587427134,2026-09-05 13:50:27,1762,31.40,31.552465451106173,83,4,1,Eco/Super Eco,OFF,83,,,83,24,baseline,4,Super Eco,,,,
1788587428135,2026-09-05 13:50:28,1763,31.38,31.552465451106173,83,4,1,Eco/Super Eco,OFF,83,,,83,24,baseline,4,Super Eco,,,,
1788587429136,2026-09-05 13:50:29,1770,31.23,31.552465451106173,83,4,1,Eco/Super Eco,OFF,83,,,83,24,baseline,4,Super Eco,,,,
1788587430137,2026-09-05 13:50:30,1766,31.32,31.552465451106173,83,4,1,Eco/Super Eco,OFF,83,,,83,24,baseline,4,Super Eco,,,,
1788587431139,2026-09-05 13:50:31,1764,31.36,31.552465451106173,83,4,1,Eco/Super Eco,OFF,83,,,83,24,baseline,4,Super Eco,,,,
1788587432139,2026-09-05 13:50:32,1765,31.34,31.552465451106173,83,4,1,Eco/Super Eco,OFF,83,,,83,24,baseline,4,Super Eco,,,,
1788587433140,2026-09-05 13:50:33,1765,31.34,31.274712211610563,83,4,1,Eco/Super Eco,OFF,83,,,83,24,baseline,4,Super Eco,,,,
1788587434143,2026-09-05 13:50:34,1767,31.30,31.274712211610563,83,4,1,Eco/Super Eco,OFF,83,,,83,24,baseline,4,Super Eco,,,,
1788587435144,2026-09-05 13:50:35,1766,31.32,31.274712211610563,83,4,1,Eco/Super Eco,OFF,83,,,83,24,baseline,4,Super Eco,,,,
1788587436144,2026-09-05 13:50:36,1767,31.30,31.274712211610563,83,4,1,Eco/Super Eco,OFF,83,,,83,24,baseline,4,Super Eco,,,,
1788587437146,2026-09-05 13:50:37,1767,31.30,31.274712211610563,83,4,1,Eco/Super Eco,OFF,83,,,83,24,baseline,4,Super Eco,,,,
1788587438147,2026-09-05 13:50:38,1768,31.27,31.274712211610563,83,4,1,Eco/Super Eco,OFF,83,,,83,24,baseline,4,Super Eco,,,,
1788587439149,2026-09-05 13:50:39,1769,31.25,31.274712211610563,83,4,1,Eco/Super Eco,OFF,83,,,83,24,baseline,4,Super Eco,,,,
1788587440150,2026-09-05 13:50:40,1770,31.23,31.274712211610563,83,4,1,Eco/Super Eco,OFF,83,,,83,24,baseline,4,Super Eco,,,,
1788587441151,2026-09-05 13:50:41,1768,31.27,31.274712211610563,83,4,1,Eco/Super Eco,OFF,83,,,83,24,baseline,4,Super Eco,,,,
1788587442151,2026-09-05 13:50:42,1771,31.21,31.274712211610563,83,4,1,Eco/Super Eco,OFF,83,,,83,24,baseline,4,Super Eco,,,,
1788587443153,2026-09-05 13:50:43,1770,31.23,31.274712211610563,83,4,1,Eco/Super Eco,OFF,83,,,83,24,baseline,4,Super Eco,,,,
1788587444154,2026-09-05 13:50:44,1771,31.21,31.274712211610563,83,4,1,Eco/Super Eco,OFF,83,,,83,24,baseline,4,Super Eco,,,,
1788587445154,2026-09-05 13:50:45,1771,31.21,31.274712211610563,83,4,1,Eco/Super Eco,OFF,83,,,83,24,baseline,4,Super Eco,,,,
1788587446155,2026-09-05 13:50:46,1772,31.19,31.274712211610563,83,4,1,Eco/Super Eco,OFF,83,,,83,24,baseline,4,Super Eco,,,,
1788587447156,2026-09-05 13:50:47,1775,31.13,31.274712211610563,83,4,1,Eco/Super Eco,OFF,83,,,83,24,baseline,4,Super Eco,,,,
1788587448157,2026-09-05 13:50:48,1774,31.15,31.16815070005532,83,4,1,Eco/Super Eco,OFF,83,,,83,24,baseline,4,Super Eco,,,,
1788587449157,2026-09-05 13:50:49,1772,31.19,31.16815070005532,83,4,1,Eco/Super Eco,OFF,83,,,83,24,baseline,4,Super Eco,,,,
1788587450157,2026-09-05 13:50:50,1775,31.13,31.16815070005532,83,4,1,Eco/Super Eco,OFF,83,,,83,24,baseline,4,Super Eco,,,,
1788587451159,2026-09-05 13:50:51,1775,31.13,31.16815070005532,83,4,1,Eco/Super Eco,OFF,83,,,83,24,baseline,4,Super Eco,,,,
1788587452159,2026-09-05 13:50:52,1775,31.13,31.16815070005532,83,4,1,Eco/Super Eco,OFF,83,,,83,24,baseline,4,Super Eco,,,,
1788587453161,2026-09-05 13:50:53,1777,31.08,31.16815070005532,83,4,1,Eco/Super Eco,OFF,83,,,83,24,baseline,4,Super Eco,,,,
1788587454162,2026-09-05 13:50:54,1777,31.08,31.16815070005532,83,4,1,Eco/Super Eco,OFF,83,,,83,24,baseline,4,Super Eco,,,,
1788587455163,2026-09-05 13:50:55,1778,31.06,31.16815070005532,83,4,1,Eco/Super Eco,OFF,83,,,83,24,baseline,4,Super Eco,,,,
1788587456163,2026-09-05 13:50:56,1777,31.08,31.16815070005532,83,4,1,Eco/Super Eco,OFF,83,,,83,24,baseline,4,Super Eco,,,,
1788587457164,2026-09-05 13:50:57,1778,31.06,31.16815070005532,83,4,1,Eco/Super Eco,OFF,83,,,83,24,baseline,4,Super Eco,,,,
1788587458166,2026-09-05 13:50:58,1778,31.06,31.16815070005532,83,4,1,Eco/Super Eco,OFF,83,,,83,24,baseline,4,Super Eco,,,,
1788587459166,2026-09-05 13:50:59,1779,31.04,31.16815070005532,83,4,1,Eco/Super Eco,OFF,83,,,83,24,baseline,4,Super Eco,,,,
1788587460167,2026-09-05 13:51:00,1780,31.02,31.16815070005532,83,4,1,Eco/Super Eco,OFF,83,,,83,24,baseline,4,Super Eco,,,,
1788587461169,2026-09-05 13:51:01,1780,31.02,31.16815070005532,83,4,1,Eco/Super Eco,OFF,83,,,83,24,baseline,4,Super Eco,,,,
1788587462169,2026-09-05 13:51:02,1782,30.98,31.16815070005532,83,4,1,Eco/Super Eco,OFF,83,,,83,24,baseline,4,Super Eco,,,,
1788587463170,2026-09-05 13:51:03,1781,31.00,30.997954566802605,43,4,1,Eco/Super Eco,OFF,83,83,foreign_write 43 reassert(was 43),83,24,baseline,4,Super Eco,foreign_write:43,,,
1788587464171,2026-09-05 13:51:04,1781,31.00,30.997954566802605,83,4,1,Eco/Super Eco,OFF,83,,,83,24,baseline,4,Super Eco,,,,
1788587465171,2026-09-05 13:51:05,1783,30.96,30.997954566802605,83,4,1,Eco/Super Eco,OFF,83,,,83,24,baseline,4,Super Eco,,,,
1788587466173,2026-09-05 13:51:06,1782,30.98,30.997954566802605,83,4,1,Eco/Super Eco,OFF,83,,,83,24,baseline,4,Super Eco,,,,
1788587467173,2026-09-05 13:51:07,1781,31.00,30.997954566802605,83,4,1,Eco/Super Eco,OFF,83,,,83,24,baseline,4,Super Eco,,,,
1788587468175,2026-09-05 13:51:08,1785,30.91,30.997954566802605,83,4,1,Eco/Super Eco,OFF,83,,,83,24,baseline,4,Super Eco,,,,
1788587469177,2026-09-05 13:51:09,1782,30.98,30.997954566802605,83,4,1,Eco/Super Eco,OFF,83,,,83,24,baseline,4,Super Eco,,,,
1788587470178,2026-09-05 13:51:10,1783,30.96,30.997954566802605,83,4,1,Eco/Super Eco,OFF,83,,,83,24,baseline,4,Super Eco,,,,
1788587471179,2026-09-05 13:51:11,1786,30.89,30.997954566802605,83,4,1,Eco/Super Eco,OFF,83,,,83,24,baseline,4,Super Eco,,,,
1788587472181,2026-09-05 13:51:12,1784,30.93,30.997954566802605,83,4,1,Eco/Super Eco,OFF,83,,,83,24,baseline,4,Super Eco,,,,
1788587473182,2026-09-05 13:51:13,1788,30.85,30.997954566802605,83,4,1,Eco/Super Eco,OFF,83,,,83,24,baseline,4,Super Eco,,,,
1788587474182,2026-09-05 13:51:14,1787,30.87,30.997954566802605,83,4,1,Eco/Super Eco,OFF,83,,,83,24,baseline,4,Super Eco,,,,
1788587475184,2026-09-05 13:51:15,1787,30.87,30.997954566802605,83,4,1,Eco/Super Eco,OFF,83,,,83,24,baseline,4,Super Eco,,,,
1788587476184,2026-09-05 13:51:16,1789,30.83,30.997954566802605,83,4,1,Eco/Super Eco,OFF,83,,,83,24,baseline,4,Super Eco,,,,
1788587477186,2026-09-05 13:51:17,1786,30.89,30.997954566802605,83,4,1,Eco/Super Eco,OFF,83,,,83,24,baseline,4,Super Eco,,,,
1788587478187,2026-09-05 13:51:18,1788,30.85,30.806921416622174,83,4,1,Eco/Super Eco,OFF,83,,,83,24,baseline,4,Super Eco,,,,
1788587479187,2026-09-05 13:51:19,1787,30.87,30.806921416622174,83,4,1,Eco/Super Eco,OFF,83,,,83,24,baseline,4,Super Eco,,,,
1788587480188,2026-09-05 13:51:20,1787,30.87,30.806921416622174,83,4,1,Eco/Super Eco,OFF,83,,,83,24,baseline,4,Super Eco,,,,
1788587481190,2026-09-05 13:51:21,1789,30.83,30.806921416622174,83,4,1,Eco/Super Eco,OFF,83,,,83,24,baseline,4,Super Eco,,,,
1788587482191,2026-09-05 13:51:22,1789,30.83,30.806921416622174,83,4,1,Eco/Super Eco,OFF,83,,,83,24,baseline,4,Super Eco,,,,
1788587483192,2026-09-05 13:51:23,1790,30.81,30.806921416622174,83,4,1,Eco/Super Eco,OFF,83,,,83,24,baseline,4,Super Eco,,,,
1788587484194,2026-09-05 13:51:24,1790,30.81,30.806921416622174,83,4,1,Eco/Super Eco,OFF,83,,,83,24,baseline,4,Super Eco,,,,
1788587485194,2026-09-05 13:51:25,1792,30.76,30.806921416622174,83,4,1,Eco/Super Eco,OFF,83,,,83,24,baseline,4,Super Eco,,,,
1788587486196,2026-09-05 13:51:26,1793,30.74,30.806921416622174,83,4,1,Eco/Super Eco,OFF,83,,,83,24,baseline,4,Super Eco,,,,
1788587487198,2026-09-05 13:51:27,1793,30.74,30.806921416622174,83,4,1,Eco/Super Eco,OFF,83,,,83,24,baseline,4,Super Eco,,,,
1788587488199,2026-09-05 13:51:28,1795,30.70,30.806921416622174,83,4,1,Eco/Super Eco,OFF,83,,,83,24,baseline,4,Super Eco,,,,
1788587489200,2026-09-05 13:51:29,1794,30.72,30.806921416622174,83,4,1,Eco/Super Eco,OFF,83,,,83,24,baseline,4,Super Eco,,,,
1788587490201,2026-09-05 13:51:30,1795,30.70,30.806921416622174,83,4,1,Eco/Super Eco,OFF,83,,,83,24,baseline,4,Super Eco,,,,
1788587491203,2026-09-05 13:51:31,1794,30.72,30.806921416622174,83,4,1,Eco/Super Eco,OFF,83,,,83,24,baseline,4,Super Eco,,,,
1788587492204,2026-09-05 13:51:32,1794,30.72,30.806921416622174,83,4,1,Eco/Super Eco,OFF,83,,,83,24,baseline,4,Super Eco,,,,
1788587493206,2026-09-05 13:51:33,1791,30.79,30.70098878048327,83,4,1,Eco/Super Eco,OFF,83,,,83,24,baseline,4,Super Eco,,,,
1788587494207,2026-09-05 13:51:34,1794,30.72,30.70098878048327,83,4,1,Eco/Super Eco,OFF,83,,,83,24,baseline,4,Super Eco,,,,
1788587495208,2026-09-05 13:51:35,1794,30.72,30.70098878048327,83,4,1,Eco/Super Eco,OFF,83,,,83,24,baseline,4,Super Eco,,,,
1788587496208,2026-09-05 13:51:36,1795,30.70,30.70098878048327,83,4,1,Eco/Super Eco,OFF,83,,,83,24,baseline,4,Super Eco,,,,
1788587497210,2026-09-05 13:51:37,1797,30.66,30.70098878048327,83,4,1,Eco/Super Eco,OFF,83,,,83,24,baseline,4,Super Eco,,,,
1788587498211,2026-09-05 13:51:38,1796,30.68,30.70098878048327,83,4,1,Eco/Super Eco,OFF,83,,,83,24,baseline,4,Super Eco,,,,
1788587499212,2026-09-05 13:51:39,1798,30.64,30.70098878048327,83,4,1,Eco/Super Eco,OFF,83,,,83,24,baseline,4,Super Eco,,,,
1788587500213,2026-09-05 13:51:40,1795,30.70,30.70098878048327,83,4,1,Eco/Super Eco,OFF,83,,,83,24,baseline,4,Super Eco,,,,
1788587501214,2026-09-05 13:51:41,1797,30.66,30.70098878048327,83,4,1,Eco/Super Eco,OFF,83,,,83,24,baseline,4,Super Eco,,,,
1788587502215,2026-09-05 13:51:42,1799,30.62,30.70098878048327,83,4,1,Eco/Super Eco,OFF,83,,,83,24,baseline,4,Super Eco,,,,
1788587503215,2026-09-05 13:51:43,1797,30.66,30.70098878048327,83,4,1,Eco/Super Eco,OFF,83,,,83,24,baseline,4,Super Eco,,,,
1788587504217,2026-09-05 13:51:44,1797,30.66,30.70098878048327,83,4,1,Eco/Super Eco,OFF,83,,,83,24,baseline,4,Super Eco,,,,
1788587505218,2026-09-05 13:51:45,1798,30.64,30.70098878048327,83,4,1,Eco/Super Eco,OFF,83,,,83,24,baseline,4,Super Eco,,,,
1788587506220,2026-09-05 13:51:46,1796,30.68,30.70098878048327,83,4,1,Eco/Super Eco,OFF,83,,,83,24,baseline,4,Super Eco,,,,
1788587507220,2026-09-05 13:51:47,1800,30.60,30.70098878048327,83,4,1,Eco/Super Eco,OFF,83,,,83,24,baseline,4,Super Eco,,,,
1788587508221,2026-09-05 13:51:48,1797,30.66,30.65865463186816,83,4,1,Eco/Super Eco,OFF,83,,,83,24,baseline,4,Super Eco,,,,
1788587509222,2026-09-05 13:51:49,1801,30.57,30.65865463186816,83,4,1,Eco/Super Eco,OFF,83,,,83,24,baseline,4,Super Eco,,,,
1788587510223,2026-09-05 13:51:50,1799,30.62,30.65865463186816,83,4,1,Eco/Super Eco,OFF,83,,,83,24,baseline,4,Super Eco,,,,
1788587511224,2026-09-05 13:51:51,1802,30.55,30.65865463186816,83,4,1,Eco/Super Eco,OFF,83,,,83,24,baseline,4,Super Eco,,,,
1788587512224,2026-09-05 13:51:52,1801,30.57,30.65865463186816,83,4,1,Eco/Super Eco,OFF,83,,,83,24,baseline,4,Super Eco,,,,
1788587513226,2026-09-05 13:51:53,1803,30.53,30.65865463186816,83,4,1,Eco/Super Eco,OFF,83,,,83,24,baseline,4,Super Eco,,,,
1788587514229,2026-09-05 13:51:54,1804,30.51,30.65865463186816,83,4,1,Eco/Super Eco,OFF,83,,,83,24,baseline,4,Super Eco,,,,
1788587515229,2026-09-05 13:51:55,1800,30.60,30.65865463186816,83,4,1,Eco/Super Eco,OFF,83,,,83,24,baseline,4,Super Eco,,,,
1788587516232,2026-09-05 13:51:56,1804,30.51,30.65865463186816,83,4,1,Eco/Super Eco,OFF,83,,,83,24,baseline,4,Super Eco,,,,
1788587517234,2026-09-05 13:51:57,1804,30.51,30.65865463186816,83,4,1,Eco/Super Eco,OFF,83,,,83,24,baseline,4,Super Eco,,,,
1788587518234,2026-09-05 13:51:58,1805,30.49,30.65865463186816,83,4,1,Eco/Super Eco,OFF,83,,,83,24,baseline,4,Super Eco,,,,
1788587519236,2026-09-05 13:51:59,1804,30.51,30.65865463186816,83,4,1,Eco/Super Eco,OFF,83,,,83,24,baseline,4,Super Eco,,,,
1788587520238,2026-09-05 13:52:00,1790,30.81,30.65865463186816,83,4,1,Eco/Super Eco,OFF,83,,,83,24,baseline,4,Super Eco,,,,
1788587521240,2026-09-05 13:52:01,1805,30.49,30.65865463186816,83,4,1,Eco/Super Eco,OFF,83,,,83,24,baseline,4,Super Eco,,,,
1788587522240,2026-09-05 13:52:02,1801,30.57,30.65865463186816,83,4,1,Eco/Super Eco,OFF,83,,,83,24,baseline,4,Super Eco,,,,
1788587523242,2026-09-05 13:52:03,1803,30.53,30.5951947791105,83,4,1,Eco/Super Eco,OFF,83,,,83,24,baseline,4,Super Eco,,,,
1788587524243,2026-09-05 13:52:04,1803,30.53,30.5951947791105,83,4,1,Eco/Super Eco,OFF,83,,,83,24,baseline,4,Super Eco,,,,
1788587525244,2026-09-05 13:52:05,1805,30.49,30.5951947791105,83,4,1,Eco/Super Eco,OFF,83,,,83,24,baseline,4,Super Eco,,,,
1788587526244,2026-09-05 13:52:06,1807,30.45,30.5951947791105,83,4,1,Eco/Super Eco,OFF,83,,,83,24,baseline,4,Super Eco,,,,
1788587527246,2026-09-05 13:52:07,1807,30.45,30.5951947791105,83,4,1,Eco/Super Eco,OFF,83,,,83,24,baseline,4,Super Eco,,,,
1788587528247,2026-09-05 13:52:08,1807,30.45,30.5951947791105,83,4,1,Eco/Super Eco,OFF,83,,,83,24,baseline,4,Super Eco,,,,
1788587529247,2026-09-05 13:52:09,1805,30.49,30.5951947791105,83,4,1,Eco/Super Eco,OFF,83,,,83,24,baseline,4,Super Eco,,,,
1788587530248,2026-09-05 13:52:10,1807,30.45,30.5951947791105,83,4,1,Eco/Super Eco,OFF,83,,,83,24,baseline,4,Super Eco,,,,
1788587531249,2026-09-05 13:52:11,1809,30.41,30.5951947791105,83,4,1,Eco/Super Eco,OFF,83,,,83,24,baseline,4,Super Eco,,,,
1788587532250,2026-09-05 13:52:12,1808,30.43,30.5951947791105,83,4,1,Eco/Super Eco,OFF,83,,,83,24,baseline,4,Super Eco,,,,
1788587533250,2026-09-05 13:52:13,1807,30.45,30.5951947791105,83,4,1,Eco/Super Eco,OFF,83,,,83,24,baseline,4,Super Eco,,,,
1788587534251,2026-09-05 13:52:14,1812,30.34,30.5951947791105,83,4,1,Eco/Super Eco,OFF,83,,,83,24,baseline,4,Super Eco,,,,
1788587535253,2026-09-05 13:52:15,1808,30.43,30.5951947791105,83,4,1,Eco/Super Eco,OFF,83,,,83,24,baseline,4,Super Eco,,,,
1788587536253,2026-09-05 13:52:16,1811,30.36,30.5951947791105,83,4,1,Eco/Super Eco,OFF,83,,,83,24,baseline,4,Super Eco,,,,
1788587537255,2026-09-05 13:52:17,1810,30.38,30.5951947791105,83,4,1,Eco/Super Eco,OFF,83,,,83,24,baseline,4,Super Eco,,,,
1788587538255,2026-09-05 13:52:18,1809,30.41,30.44731309660466,83,4,1,Eco/Super Eco,OFF,83,,,83,24,baseline,4,Super Eco,,,,
1788587539256,2026-09-05 13:52:19,1809,30.41,30.44731309660466,83,4,1,Eco/Super Eco,OFF,83,,,83,24,baseline,4,Super Eco,,,,
1788587540258,2026-09-05 13:52:20,1810,30.38,30.44731309660466,83,4,1,Eco/Super Eco,OFF,83,,,83,24,baseline,4,Super Eco,,,,
1788587541259,2026-09-05 13:52:21,1812,30.34,30.44731309660466,83,4,1,Eco/Super Eco,OFF,83,,,83,24,baseline,4,Super Eco,,,,
1788587542260,2026-09-05 13:52:22,1812,30.34,30.44731309660466,83,4,1,Eco/Super Eco,OFF,83,,,83,24,baseline,4,Super Eco,,,,
1788587543261,2026-09-05 13:52:23,1812,30.34,30.44731309660466,83,4,1,Eco/Super Eco,OFF,83,,,83,24,baseline,4,Super Eco,,,,
1788587544262,2026-09-05 13:52:24,1810,30.38,30.44731309660466,83,4,1,Eco/Super Eco,OFF,83,,,83,24,baseline,4,Super Eco,,,,
1788587545264,2026-09-05 13:52:25,1810,30.38,30.44731309660466,83,4,1,Eco/Super Eco,OFF,83,,,83,24,baseline,4,Super Eco,,,,
1788587546267,2026-09-05 13:52:26,1813,30.32,30.44731309660466,83,4,1,Eco/Super Eco,OFF,83,,,83,24,baseline,4,Super Eco,,,,
1788587547267,2026-09-05 13:52:27,1813,30.32,30.44731309660466,83,4,1,Eco/Super Eco,OFF,83,,,83,24,baseline,4,Super Eco,,,,
1788587548269,2026-09-05 13:52:28,1813,30.32,30.44731309660466,83,4,1,Eco/Super Eco,OFF,83,,,83,24,baseline,4,Super Eco,,,,
1788587549271,2026-09-05 13:52:29,1812,30.34,30.44731309660466,83,4,1,Eco/Super Eco,OFF,83,,,83,24,baseline,4,Super Eco,,,,
1788587550273,2026-09-05 13:52:30,1815,30.28,30.44731309660466,83,4,1,Eco/Super Eco,OFF,83,,,83,24,baseline,4,Super Eco,,,,
1788587551274,2026-09-05 13:52:31,1811,30.36,30.44731309660466,83,4,1,Eco/Super Eco,OFF,83,,,83,24,baseline,4,Super Eco,,,,
1788587552274,2026-09-05 13:52:32,1813,30.32,30.44731309660466,83,4,1,Eco/Super Eco,OFF,83,,,83,24,baseline,4,Super Eco,,,,
1788587553274,2026-09-05 13:52:33,1815,30.28,30.278628931378023,83,4,1,Eco/Super Eco,OFF,83,,,83,24,baseline,4,Super Eco,,,,
1788587554275,2026-09-05 13:52:34,1814,30.30,30.278628931378023,83,4,1,Eco/Super Eco,OFF,83,,,83,24,baseline,4,Super Eco,,,,
1788587555276,2026-09-05 13:52:35,1812,30.34,30.278628931378023,83,4,1,Eco/Super Eco,OFF,83,,,83,24,baseline,4,Super Eco,,,,
1788587556277,2026-09-05 13:52:36,1817,30.24,30.278628931378023,83,4,1,Eco/Super Eco,OFF,83,,,83,24,baseline,4,Super Eco,,,,
1788587557279,2026-09-05 13:52:37,1814,30.30,30.278628931378023,83,4,1,Eco/Super Eco,OFF,83,,,83,24,baseline,4,Super Eco,,,,
1788587558280,2026-09-05 13:52:38,1814,30.30,30.278628931378023,83,4,1,Eco/Super Eco,OFF,83,,,83,24,baseline,4,Super Eco,,,,
1788587559281,2026-09-05 13:52:39,1814,30.30,30.278628931378023,83,4,1,Eco/Super Eco,OFF,83,,,83,24,baseline,4,Super Eco,,,,
1788587560282,2026-09-05 13:52:40,1813,30.32,30.278628931378023,83,4,1,Eco/Super Eco,OFF,83,,,83,24,baseline,4,Super Eco,,,,
1788587561282,2026-09-05 13:52:41,1817,30.24,30.278628931378023,83,4,1,Eco/Super Eco,OFF,83,,,83,24,baseline,4,Super Eco,,,,
1788587562284,2026-09-05 13:52:42,1818,30.22,30.278628931378023,83,4,1,Eco/Super Eco,OFF,83,,,83,24,baseline,4,Super Eco,,,,
1788587563284,2026-09-05 13:52:43,1815,30.28,30.278628931378023,83,4,1,Eco/Super Eco,OFF,83,,,83,24,baseline,4,Super Eco,,,,
1788587564286,2026-09-05 13:52:44,1818,30.22,30.278628931378023,83,4,1,Eco/Super Eco,OFF,83,,,83,24,baseline,4,Super Eco,,,,
1788587565287,2026-09-05 13:52:45,1817,30.24,30.278628931378023,83,4,1,Eco/Super Eco,OFF,83,,,83,24,baseline,4,Super Eco,,,,
1788587566287,2026-09-05 13:52:46,1817,30.24,30.278628931378023,83,4,1,Eco/Super Eco,OFF,83,,,83,24,baseline,4,Super Eco,,,,
1788587567287,2026-09-05 13:52:47,1818,30.22,30.278628931378023,83,4,1,Eco/Super Eco,OFF,83,,,83,24,baseline,4,Super Eco,,,,
1788587568289,2026-09-05 13:52:48,1818,30.22,30.23651110031983,83,4,1,Eco/Super Eco,OFF,83,,,83,24,baseline,4,Super Eco,,,,
1788587569290,2026-09-05 13:52:49,1818,30.22,30.23651110031983,83,4,1,Eco/Super Eco,OFF,83,,,83,24,baseline,4,Super Eco,,,,
1788587570291,2026-09-05 13:52:50,1816,30.26,30.23651110031983,83,4,1,Eco/Super Eco,OFF,83,,,83,24,baseline,4,Super Eco,,,,
1788587571292,2026-09-05 13:52:51,1818,30.22,30.23651110031983,83,4,1,Eco/Super Eco,OFF,83,,,83,24,baseline,4,Super Eco,,,,
1788587572294,2026-09-05 13:52:52,1816,30.26,30.23651110031983,83,4,1,Eco/Super Eco,OFF,83,,,83,24,baseline,4,Super Eco,,,,
1788587573294,2026-09-05 13:52:53,1819,30.19,30.23651110031983,83,4,1,Eco/Super Eco,OFF,83,,,83,24,baseline,4,Super Eco,,,,
1788587574295,2026-09-05 13:52:54,1820,30.17,30.23651110031983,83,4,1,Eco/Super Eco,OFF,83,,,83,24,baseline,4,Super Eco,,,,
1788587575297,2026-09-05 13:52:55,1818,30.22,30.23651110031983,83,4,1,Eco/Super Eco,OFF,83,,,83,24,baseline,4,Super Eco,,,,
1788587576298,2026-09-05 13:52:56,1821,30.15,30.23651110031983,83,4,1,Eco/Super Eco,OFF,83,,,83,24,baseline,4,Super Eco,,,,
1788587577298,2026-09-05 13:52:57,1819,30.19,30.23651110031983,83,4,1,Eco/Super Eco,OFF,83,,,83,24,baseline,4,Super Eco,,,,
1788587578299,2026-09-05 13:52:58,1818,30.22,30.23651110031983,83,4,1,Eco/Super Eco,OFF,83,,,83,24,baseline,4,Super Eco,,,,
1788587579301,2026-09-05 13:52:59,1816,30.26,30.23651110031983,83,4,1,Eco/Super Eco,OFF,83,,,83,24,baseline,4,Super Eco,,,,
1788587580302,2026-09-05 13:53:00,1818,30.22,30.23651110031983,83,4,1,Eco/Super Eco,OFF,83,,,83,24,baseline,4,Super Eco,,,,
1788587581303,2026-09-05 13:53:01,1820,30.17,30.23651110031983,83,4,1,Eco/Super Eco,OFF,83,,,83,24,baseline,4,Super Eco,,,,
1788587582303,2026-09-05 13:53:02,1822,30.13,30.23651110031983,83,4,1,Eco/Super Eco,OFF,83,,,83,24,baseline,4,Super Eco,,,,
1788587583305,2026-09-05 13:53:03,1822,30.13,30.152338601084466,83,4,1,Eco/Super Eco,OFF,83,,,83,24,baseline,4,Super Eco,,,,
1788587584304,2026-09-05 13:53:04,1820,30.17,30.152338601084466,83,4,1,Eco/Super Eco,OFF,83,,,83,24,baseline,4,Super Eco,,,,
1788587585305,2026-09-05 13:53:05,1822,30.13,30.152338601084466,83,4,1,Eco/Super Eco,OFF,83,,,83,24,baseline,4,Super Eco,,,,
1788587586307,2026-09-05 13:53:06,1821,30.15,30.152338601084466,83,4,1,Eco/Super Eco,OFF,83,,,83,24,baseline,4,Super Eco,,,,
1788587587308,2026-09-05 13:53:07,1815,30.28,30.152338601084466,83,4,1,Eco/Super Eco,OFF,83,,,83,24,baseline,4,Super Eco,,,,
1788587588310,2026-09-05 13:53:08,1822,30.13,30.152338601084466,83,4,1,Eco/Super Eco,OFF,83,,,83,24,baseline,4,Super Eco,,,,
1788587589311,2026-09-05 13:53:09,1824,30.09,30.152338601084466,83,4,1,Eco/Super Eco,OFF,83,,,83,24,baseline,4,Super Eco,,,,
1788587590313,2026-09-05 13:53:10,1822,30.13,30.152338601084466,83,4,1,Eco/Super Eco,OFF,83,,,83,24,baseline,4,Super Eco,,,,
1788587591313,2026-09-05 13:53:11,1824,30.09,30.152338601084466,83,4,1,Eco/Super Eco,OFF,83,,,83,24,baseline,4,Super Eco,,,,
1788587592314,2026-09-05 13:53:12,1822,30.13,30.152338601084466,83,4,1,Eco/Super Eco,OFF,83,,,83,24,baseline,4,Super Eco,,,,
1788587593315,2026-09-05 13:53:13,1825,30.07,30.152338601084466,83,4,1,Eco/Super Eco,OFF,60,60,DLPC temp UNAVAILABLE,60,24,step,4,Super Eco,baseline_end:timeout;step_start duty=60 mode=Super Eco;dlpc_unavailable,,,unavailable
1788587594316,2026-09-05 13:53:14,1825,30.07,30.152338601084466,60,4,1,Eco/Super Eco,OFF,60,,,60,24,step,4,Super Eco,,,,
1788587595318,2026-09-05 13:53:15,1825,30.07,30.152338601084466,60,4,1,Eco/Super Eco,OFF,60,,,60,24,step,4,Super Eco,,,,
1788587596319,2026-09-05 13:53:16,1825,30.07,30.152338601084466,60,4,1,Eco/Super Eco,OFF,60,,,60,24,step,4,Super Eco,,,,
1788587597319,2026-09-05 13:53:17,1823,30.11,30.152338601084466,60,4,1,Eco/Super Eco,OFF,60,,,60,24,step,4,Super Eco,,,,
1788587598321,2026-09-05 13:53:18,1823,30.11,30.11028373680284,60,4,1,Eco/Super Eco,OFF,60,,,60,24,step,4,Super Eco,,,,
1788587599322,2026-09-05 13:53:19,1825,30.07,30.11028373680284,60,4,1,Eco/Super Eco,OFF,60,,,60,24,step,4,Super Eco,,,,
1788587600323,2026-09-05 13:53:20,1825,30.07,30.11028373680284,60,4,1,Eco/Super Eco,OFF,60,,,60,24,step,4,Super Eco,,,,
1788587601330,2026-09-05 13:53:21,1825,30.07,30.11028373680284,60,4,1,Eco/Super Eco,OFF,60,,,60,24,step,4,Super Eco,,,,
1788587602331,2026-09-05 13:53:22,1823,30.11,30.11028373680284,60,4,1,Eco/Super Eco,OFF,60,,,60,24,step,4,Super Eco,,,,
1788587603331,2026-09-05 13:53:23,1826,30.05,30.11028373680284,60,4,1,Eco/Super Eco,OFF,60,,,60,24,step,4,Super Eco,,,,
1788587604332,2026-09-05 13:53:24,1825,30.07,30.11028373680284,60,4,1,Eco/Super Eco,OFF,60,,,60,24,step,4,Super Eco,,,,
1788587605334,2026-09-05 13:53:25,1823,30.11,30.11028373680284,60,4,1,Eco/Super Eco,OFF,60,,,60,24,step,4,Super Eco,,,,
1788587606334,2026-09-05 13:53:26,1827,30.03,30.11028373680284,60,4,1,Eco/Super Eco,OFF,60,,,60,24,step,4,Super Eco,,,,
1788587607335,2026-09-05 13:53:27,1822,30.13,30.11028373680284,60,4,1,Eco/Super Eco,OFF,60,,,60,24,step,4,Super Eco,,,,
1788587608336,2026-09-05 13:53:28,1819,30.19,30.11028373680284,60,4,1,Eco/Super Eco,OFF,60,,,60,24,step,4,Super Eco,,,,
1788587609337,2026-09-05 13:53:29,1825,30.07,30.11028373680284,60,4,1,Eco/Super Eco,OFF,60,,,60,24,step,4,Super Eco,,,,
1788587610339,2026-09-05 13:53:30,1824,30.09,30.11028373680284,60,4,1,Eco/Super Eco,OFF,60,,,60,24,step,4,Super Eco,,,,
1788587611340,2026-09-05 13:53:31,1824,30.09,30.11028373680284,60,4,1,Eco/Super Eco,OFF,60,,,60,24,step,4,Super Eco,,,,
1788587612341,2026-09-05 13:53:32,1822,30.13,30.11028373680284,60,4,1,Eco/Super Eco,OFF,60,,,60,24,step,4,Super Eco,,,,
1788587613341,2026-09-05 13:53:33,1824,30.09,30.131308563693096,60,4,1,Eco/Super Eco,OFF,60,,,60,24,step,4,Super Eco,,,,
1788587614342,2026-09-05 13:53:34,1822,30.13,30.131308563693096,60,4,1,Eco/Super Eco,OFF,60,,,60,24,step,4,Super Eco,,,,
1788587615343,2026-09-05 13:53:35,1824,30.09,30.131308563693096,60,4,1,Eco/Super Eco,OFF,60,,,60,24,step,4,Super Eco,,,,
1788587616345,2026-09-05 13:53:36,1825,30.07,30.131308563693096,60,4,1,Eco/Super Eco,OFF,60,,,60,24,step,4,Super Eco,,,,
1788587617345,2026-09-05 13:53:37,1823,30.11,30.131308563693096,60,4,1,Eco/Super Eco,OFF,60,,,60,24,step,4,Super Eco,,,,
1788587618345,2026-09-05 13:53:38,1825,30.07,30.131308563693096,60,4,1,Eco/Super Eco,OFF,60,,,60,24,step,4,Super Eco,,,,
1788587619345,2026-09-05 13:53:39,1824,30.09,30.131308563693096,60,4,1,Eco/Super Eco,OFF,60,,,60,24,step,4,Super Eco,,,,
1788587620347,2026-09-05 13:53:40,1823,30.11,30.131308563693096,60,4,1,Eco/Super Eco,OFF,60,,,60,24,step,4,Super Eco,,,,
1788587621347,2026-09-05 13:53:41,1827,30.03,30.131308563693096,60,4,1,Eco/Super Eco,OFF,60,,,60,24,step,4,Super Eco,,,,
1788587622348,2026-09-05 13:53:42,1819,30.19,30.131308563693096,60,4,1,Eco/Super Eco,OFF,60,,,60,24,step,4,Super Eco,,,,
1788587623349,2026-09-05 13:53:43,1821,30.15,30.131308563693096,60,4,1,Eco/Super Eco,OFF,60,,,60,24,step,4,Super Eco,,,,
1788587624350,2026-09-05 13:53:44,1822,30.13,30.131308563693096,60,4,1,Eco/Super Eco,OFF,60,,,60,24,step,4,Super Eco,,,,
1788587625350,2026-09-05 13:53:45,1822,30.13,30.131308563693096,60,4,1,Eco/Super Eco,OFF,60,,,60,24,step,4,Super Eco,,,,
1788587626351,2026-09-05 13:53:46,1824,30.09,30.131308563693096,60,4,1,Eco/Super Eco,OFF,60,,,60,24,step,4,Super Eco,,,,
1788587627351,2026-09-05 13:53:47,1822,30.13,30.131308563693096,60,4,1,Eco/Super Eco,OFF,60,,,60,24,step,4,Super Eco,,,,
1788587628352,2026-09-05 13:53:48,1819,30.19,30.131308563693096,60,4,1,Eco/Super Eco,OFF,60,,,60,24,step,4,Super Eco,,,,
1788587629353,2026-09-05 13:53:49,1822,30.13,30.131308563693096,60,4,1,Eco/Super Eco,OFF,60,,,60,24,step,4,Super Eco,,,,
1788587630354,2026-09-05 13:53:50,1822,30.13,30.131308563693096,60,4,1,Eco/Super Eco,OFF,60,,,60,24,step,4,Super Eco,,,,
1788587631355,2026-09-05 13:53:51,1823,30.11,30.131308563693096,60,4,1,Eco/Super Eco,OFF,60,,,60,24,step,4,Super Eco,,,,
1788587632356,2026-09-05 13:53:52,1822,30.13,30.131308563693096,60,4,1,Eco/Super Eco,OFF,60,,,60,24,step,4,Super Eco,,,,
1788587633357,2026-09-05 13:53:53,1821,30.15,30.131308563693096,60,4,1,Eco/Super Eco,OFF,60,,,60,24,step,4,Super Eco,,,,
1788587634357,2026-09-05 13:53:54,1822,30.13,30.131308563693096,60,4,1,Eco/Super Eco,OFF,60,,,60,24,step,4,Super Eco,,,,
1788587635357,2026-09-05 13:53:55,1822,30.13,30.131308563693096,60,4,1,Eco/Super Eco,OFF,60,,,60,24,step,4,Super Eco,,,,
1788587636358,2026-09-05 13:53:56,1822,30.13,30.131308563693096,60,4,1,Eco/Super Eco,OFF,60,,,60,24,step,4,Super Eco,,,,
1788587637359,2026-09-05 13:53:57,1821,30.15,30.131308563693096,60,4,1,Eco/Super Eco,OFF,60,,,60,24,step,4,Super Eco,,,,
1788587638359,2026-09-05 13:53:58,1821,30.15,30.131308563693096,60,4,1,Eco/Super Eco,OFF,60,,,60,24,step,4,Super Eco,,,,
1788587639360,2026-09-05 13:53:59,1821,30.15,30.131308563693096,60,4,1,Eco/Super Eco,OFF,60,,,60,24,step,4,Super Eco,,,,
1788587640361,2026-09-05 13:54:00,1821,30.15,30.131308563693096,60,4,1,Eco/Super Eco,OFF,60,,,60,24,step,4,Super Eco,,,,
1788587641363,2026-09-05 13:54:01,1824,30.09,30.131308563693096,60,4,1,Eco/Super Eco,OFF,60,,,60,24,step,4,Super Eco,,,,
1788587642363,2026-09-05 13:54:02,1824,30.09,30.131308563693096,60,4,1,Eco/Super Eco,OFF,60,,,60,24,step,4,Super Eco,,,,
1788587643364,2026-09-05 13:54:03,1821,30.15,30.131308563693096,60,4,1,Eco/Super Eco,OFF,60,,,60,24,step,4,Super Eco,,,,
1788587644366,2026-09-05 13:54:04,1821,30.15,30.131308563693096,60,4,1,Eco/Super Eco,OFF,60,,,60,24,step,4,Super Eco,,,,
1788587645367,2026-09-05 13:54:05,1820,30.17,30.131308563693096,60,4,1,Eco/Super Eco,OFF,60,,,60,24,step,4,Super Eco,,,,
1788587646367,2026-09-05 13:54:06,1825,30.07,30.131308563693096,60,4,1,Eco/Super Eco,OFF,60,,,60,24,step,4,Super Eco,,,,
1788587647369,2026-09-05 13:54:07,1821,30.15,30.131308563693096,60,4,1,Eco/Super Eco,OFF,60,,,60,24,step,4,Super Eco,,,,
1788587648370,2026-09-05 13:54:08,1821,30.15,30.131308563693096,60,4,1,Eco/Super Eco,OFF,60,,,60,24,step,4,Super Eco,,,,
1788587649371,2026-09-05 13:54:09,1823,30.11,30.131308563693096,60,4,1,Eco/Super Eco,OFF,60,,,60,24,step,4,Super Eco,,,,
1788587650372,2026-09-05 13:54:10,1823,30.11,30.131308563693096,60,4,1,Eco/Super Eco,OFF,60,,,60,24,step,4,Super Eco,,,,
1788587651372,2026-09-05 13:54:11,1820,30.17,30.131308563693096,60,4,1,Eco/Super Eco,OFF,60,,,60,24,step,4,Super Eco,,,,
1788587652372,2026-09-05 13:54:12,1826,30.05,30.131308563693096,60,4,1,Eco/Super Eco,OFF,60,,,60,24,step,4,Super Eco,,,,
1788587653374,2026-09-05 13:54:13,1821,30.15,30.131308563693096,60,4,1,Eco/Super Eco,OFF,60,,,60,24,step,4,Super Eco,,,,
1788587654374,2026-09-05 13:54:14,1821,30.15,30.131308563693096,60,4,1,Eco/Super Eco,OFF,60,,,60,24,step,4,Super Eco,,,,
1788587655375,2026-09-05 13:54:15,1820,30.17,30.131308563693096,60,4,1,Eco/Super Eco,OFF,60,,,60,24,step,4,Super Eco,,,,
1788587656376,2026-09-05 13:54:16,1821,30.15,30.131308563693096,60,4,1,Eco/Super Eco,OFF,60,,,60,24,step,4,Super Eco,,,,
1788587657377,2026-09-05 13:54:17,1821,30.15,30.131308563693096,60,4,1,Eco/Super Eco,OFF,60,,,60,24,step,4,Super Eco,,,,
1788587658379,2026-09-05 13:54:18,1816,30.26,30.131308563693096,60,4,1,Eco/Super Eco,OFF,60,,,60,24,step,4,Super Eco,,,,
1788587659380,2026-09-05 13:54:19,1822,30.13,30.131308563693096,60,4,1,Eco/Super Eco,OFF,60,,,60,24,step,4,Super Eco,,,,
1788587660380,2026-09-05 13:54:20,1821,30.15,30.131308563693096,60,4,1,Eco/Super Eco,OFF,60,,,60,24,step,4,Super Eco,,,,
1788587661380,2026-09-05 13:54:21,1825,30.07,30.131308563693096,60,4,1,Eco/Super Eco,OFF,60,,,60,24,step,4,Super Eco,,,,
1788587662380,2026-09-05 13:54:22,1822,30.13,30.131308563693096,60,4,1,Eco/Super Eco,OFF,60,,,60,24,step,4,Super Eco,,,,
1788587663381,2026-09-05 13:54:23,1821,30.15,30.131308563693096,60,4,1,Eco/Super Eco,OFF,60,,,60,24,step,4,Super Eco,,,,
1788587664382,2026-09-05 13:54:24,1822,30.13,30.131308563693096,60,4,1,Eco/Super Eco,OFF,60,,,60,24,step,4,Super Eco,,,,
1788587665383,2026-09-05 13:54:25,1823,30.11,30.131308563693096,60,4,1,Eco/Super Eco,OFF,60,,,60,24,step,4,Super Eco,,,,
1788587666384,2026-09-05 13:54:26,1822,30.13,30.131308563693096,60,4,1,Eco/Super Eco,OFF,60,,,60,24,step,4,Super Eco,,,,
1788587667386,2026-09-05 13:54:27,1826,30.05,30.131308563693096,60,4,1,Eco/Super Eco,OFF,60,,,60,24,step,4,Super Eco,,,,
1788587668386,2026-09-05 13:54:28,1822,30.13,30.131308563693096,60,4,1,Eco/Super Eco,OFF,60,,,60,24,step,4,Super Eco,,,,
1788587669387,2026-09-05 13:54:29,1823,30.11,30.131308563693096,60,4,1,Eco/Super Eco,OFF,60,,,60,24,step,4,Super Eco,,,,
1788587670389,2026-09-05 13:54:30,1823,30.11,30.131308563693096,60,4,1,Eco/Super Eco,OFF,60,,,60,24,step,4,Super Eco,,,,
1788587671390,2026-09-05 13:54:31,1820,30.17,30.131308563693096,60,4,1,Eco/Super Eco,OFF,60,,,60,24,step,4,Super Eco,,,,
1788587672390,2026-09-05 13:54:32,1822,30.13,30.131308563693096,60,4,1,Eco/Super Eco,OFF,60,,,60,24,step,4,Super Eco,,,,
1788587673390,2026-09-05 13:54:33,1821,30.15,30.152338601084466,60,4,1,Eco/Super Eco,OFF,60,,,60,24,step,4,Super Eco,,,,
1788587674391,2026-09-05 13:54:34,1824,30.09,30.152338601084466,60,4,1,Eco/Super Eco,OFF,60,,,60,24,step,4,Super Eco,,,,
1788587675391,2026-09-05 13:54:35,1825,30.07,30.152338601084466,60,4,1,Eco/Super Eco,OFF,60,,,60,24,step,4,Super Eco,,,,
1788587676395,2026-09-05 13:54:36,1822,30.13,30.152338601084466,60,4,1,Eco/Super Eco,OFF,60,,,60,24,step,4,Super Eco,,,,
1788587677395,2026-09-05 13:54:37,1820,30.17,30.152338601084466,60,4,1,Eco/Super Eco,OFF,60,,,60,24,step,4,Super Eco,,,,
1788587678397,2026-09-05 13:54:38,1829,29.98,30.152338601084466,60,4,1,Eco/Super Eco,OFF,60,,,60,24,step,4,Super Eco,,,,
1788587679397,2026-09-05 13:54:39,1822,30.13,30.152338601084466,60,4,1,Eco/Super Eco,OFF,60,,,60,24,step,4,Super Eco,,,,
1788587680398,2026-09-05 13:54:40,1818,30.22,30.152338601084466,60,4,1,Eco/Super Eco,OFF,60,,,60,24,step,4,Super Eco,,,,
1788587681399,2026-09-05 13:54:41,1821,30.15,30.152338601084466,60,4,1,Eco/Super Eco,OFF,60,,,60,24,step,4,Super Eco,,,,
1788587682399,2026-09-05 13:54:42,1821,30.15,30.152338601084466,60,4,1,Eco/Super Eco,OFF,60,,,60,24,step,4,Super Eco,,,,
1788587683401,2026-09-05 13:54:43,1826,30.05,30.152338601084466,60,4,1,Eco/Super Eco,OFF,60,,,60,24,step,4,Super Eco,,,,
1788587684402,2026-09-05 13:54:44,1821,30.15,30.152338601084466,60,4,1,Eco/Super Eco,OFF,60,,,60,24,step,4,Super Eco,,,,
1788587685404,2026-09-05 13:54:45,1823,30.11,30.152338601084466,60,4,1,Eco/Super Eco,OFF,60,,,60,24,step,4,Super Eco,,,,
1788587686404,2026-09-05 13:54:46,1822,30.13,30.152338601084466,60,4,1,Eco/Super Eco,OFF,60,,,60,24,step,4,Super Eco,,,,
1788587687404,2026-09-05 13:54:47,1821,30.15,30.152338601084466,60,4,1,Eco/Super Eco,OFF,60,,,60,24,step,4,Super Eco,,,,
1788587688406,2026-09-05 13:54:48,1822,30.13,30.152338601084466,60,4,1,Eco/Super Eco,OFF,60,,,60,24,step,4,Super Eco,,,,
1788587689407,2026-09-05 13:54:49,1818,30.22,30.152338601084466,60,4,1,Eco/Super Eco,OFF,60,,,60,24,step,4,Super Eco,,,,
1788587690407,2026-09-05 13:54:50,1823,30.11,30.152338601084466,60,4,1,Eco/Super Eco,OFF,60,,,60,24,step,4,Super Eco,,,,
1788587691408,2026-09-05 13:54:51,1822,30.13,30.152338601084466,60,4,1,Eco/Super Eco,OFF,60,,,60,24,step,4,Super Eco,,,,
1788587692409,2026-09-05 13:54:52,1825,30.07,30.152338601084466,60,4,1,Eco/Super Eco,OFF,60,,,60,24,step,4,Super Eco,,,,
1788587693411,2026-09-05 13:54:53,1821,30.15,30.152338601084466,60,4,1,Eco/Super Eco,OFF,60,,,60,24,step,4,Super Eco,,,,
1788587694411,2026-09-05 13:54:54,1824,30.09,30.152338601084466,60,4,1,Eco/Super Eco,OFF,60,,,60,24,step,4,Super Eco,,,,
1788587695413,2026-09-05 13:54:55,1818,30.22,30.152338601084466,60,4,1,Eco/Super Eco,OFF,60,,,60,24,step,4,Super Eco,,,,
1788587696414,2026-09-05 13:54:56,1824,30.09,30.152338601084466,60,4,1,Eco/Super Eco,OFF,60,,,60,24,step,4,Super Eco,,,,
1788587697415,2026-09-05 13:54:57,1826,30.05,30.152338601084466,60,4,1,Eco/Super Eco,OFF,60,,,60,24,step,4,Super Eco,,,,
1788587698417,2026-09-05 13:54:58,1825,30.07,30.152338601084466,60,4,1,Eco/Super Eco,OFF,60,,,60,24,step,4,Super Eco,,,,
1788587699418,2026-09-05 13:54:59,1824,30.09,30.152338601084466,60,4,1,Eco/Super Eco,OFF,60,,,60,24,step,4,Super Eco,,,,
1788587700418,2026-09-05 13:55:00,1820,30.17,30.152338601084466,60,4,1,Eco/Super Eco,OFF,60,,,60,24,step,4,Super Eco,,,,
1788587701419,2026-09-05 13:55:01,1822,30.13,30.152338601084466,60,4,1,Eco/Super Eco,OFF,60,,,60,24,step,4,Super Eco,,,,
1788587702420,2026-09-05 13:55:02,1822,30.13,30.152338601084466,60,4,1,Eco/Super Eco,OFF,60,,,60,24,step,4,Super Eco,,,,
1788587703421,2026-09-05 13:55:03,1819,30.19,30.1944143562755,60,4,1,Eco/Super Eco,OFF,60,,,60,24,step,4,Super Eco,,,,
1788587704422,2026-09-05 13:55:04,1823,30.11,30.1944143562755,60,4,1,Eco/Super Eco,OFF,60,,,60,24,step,4,Super Eco,,,,
1788587705423,2026-09-05 13:55:05,1825,30.07,30.1944143562755,60,4,1,Eco/Super Eco,OFF,60,,,60,24,step,4,Super Eco,,,,
1788587706424,2026-09-05 13:55:06,1825,30.07,30.1944143562755,60,4,1,Eco/Super Eco,OFF,60,,,60,24,step,4,Super Eco,,,,
1788587707425,2026-09-05 13:55:07,1821,30.15,30.1944143562755,60,4,1,Eco/Super Eco,OFF,60,,,60,24,step,4,Super Eco,,,,
1788587708425,2026-09-05 13:55:08,1823,30.11,30.1944143562755,60,4,1,Eco/Super Eco,OFF,60,,,60,24,step,4,Super Eco,,,,
1788587709427,2026-09-05 13:55:09,1823,30.11,30.1944143562755,60,4,1,Eco/Super Eco,OFF,60,,,60,24,step,4,Super Eco,,,,
1788587710427,2026-09-05 13:55:10,1821,30.15,30.1944143562755,60,4,1,Eco/Super Eco,OFF,60,,,60,24,step,4,Super Eco,,,,
1788587711429,2026-09-05 13:55:11,1822,30.13,30.1944143562755,60,4,1,Eco/Super Eco,OFF,60,,,60,24,step,4,Super Eco,,,,
1788587712429,2026-09-05 13:55:12,1824,30.09,30.1944143562755,60,4,1,Eco/Super Eco,OFF,60,,,60,24,step,4,Super Eco,,,,
1788587713431,2026-09-05 13:55:13,1822,30.13,30.1944143562755,60,4,1,Eco/Super Eco,OFF,60,,,60,24,step,4,Super Eco,,,,
1788587714431,2026-09-05 13:55:14,1822,30.13,30.1944143562755,60,4,1,Eco/Super Eco,OFF,60,,,60,24,step,4,Super Eco,,,,
1788587715433,2026-09-05 13:55:15,1822,30.13,30.1944143562755,60,4,1,Eco/Super Eco,OFF,60,,,60,24,step,4,Super Eco,,,,
1788587716434,2026-09-05 13:55:16,1822,30.13,30.1944143562755,60,4,1,Eco/Super Eco,OFF,60,,,60,24,step,4,Super Eco,,,,
1788587717433,2026-09-05 13:55:17,1826,30.05,30.1944143562755,60,4,1,Eco/Super Eco,OFF,60,,,60,24,step,4,Super Eco,,,,
1788587718434,2026-09-05 13:55:18,1825,30.07,30.152338601084466,60,4,1,Eco/Super Eco,OFF,60,,,60,24,step,4,Super Eco,,,,
1788587719435,2026-09-05 13:55:19,1825,30.07,30.152338601084466,60,4,1,Eco/Super Eco,OFF,60,,,60,24,step,4,Super Eco,,,,
1788587720437,2026-09-05 13:55:20,1821,30.15,30.152338601084466,60,4,1,Eco/Super Eco,OFF,60,,,60,24,step,4,Super Eco,,,,
1788587721437,2026-09-05 13:55:21,1825,30.07,30.152338601084466,60,4,1,Eco/Super Eco,OFF,60,,,60,24,step,4,Super Eco,,,,
1788587722438,2026-09-05 13:55:22,1826,30.05,30.152338601084466,60,4,1,Eco/Super Eco,OFF,60,,,60,24,step,4,Super Eco,,,,
1788587723439,2026-09-05 13:55:23,1825,30.07,30.152338601084466,60,4,1,Eco/Super Eco,OFF,60,,,60,24,step,4,Super Eco,,,,
1788587724441,2026-09-05 13:55:24,1826,30.05,30.152338601084466,60,4,1,Eco/Super Eco,OFF,60,,,60,24,step,4,Super Eco,,,,
1788587725442,2026-09-05 13:55:25,1824,30.09,30.152338601084466,60,4,1,Eco/Super Eco,OFF,60,,,60,24,step,4,Super Eco,,,,
1788587726443,2026-09-05 13:55:26,1823,30.11,30.152338601084466,60,4,1,Eco/Super Eco,OFF,60,,,60,24,step,4,Super Eco,,,,
1788587727444,2026-09-05 13:55:27,1825,30.07,30.152338601084466,60,4,1,Eco/Super Eco,OFF,60,,,60,24,step,4,Super Eco,,,,
1788587728445,2026-09-05 13:55:28,1824,30.09,30.152338601084466,60,4,1,Eco/Super Eco,OFF,60,,,60,24,step,4,Super Eco,,,,
1788587729445,2026-09-05 13:55:29,1825,30.07,30.152338601084466,60,4,1,Eco/Super Eco,OFF,60,,,60,24,step,4,Super Eco,,,,
1788587730447,2026-09-05 13:55:30,1826,30.05,30.152338601084466,60,4,1,Eco/Super Eco,OFF,60,,,60,24,step,4,Super Eco,,,,
1788587731447,2026-09-05 13:55:31,1826,30.05,30.152338601084466,60,4,1,Eco/Super Eco,OFF,60,,,60,24,step,4,Super Eco,,,,
1788587732449,2026-09-05 13:55:32,1822,30.13,30.152338601084466,60,4,1,Eco/Super Eco,OFF,60,,,60,24,step,4,Super Eco,,,,
1788587733450,2026-09-05 13:55:33,1825,30.07,30.04724039711141,60,4,1,Eco/Super Eco,OFF,60,,,60,24,step,4,Super Eco,,,,
1788587734450,2026-09-05 13:55:34,1825,30.07,30.04724039711141,60,4,1,Eco/Super Eco,OFF,60,,,60,24,step,4,Super Eco,,,,
1788587735453,2026-09-05 13:55:35,1826,30.05,30.04724039711141,60,4,1,Eco/Super Eco,OFF,60,,,60,24,step,4,Super Eco,,,,
1788587736454,2026-09-05 13:55:36,1825,30.07,30.04724039711141,60,4,1,Eco/Super Eco,OFF,60,,,60,24,step,4,Super Eco,,,,
1788587737454,2026-09-05 13:55:37,1824,30.09,30.04724039711141,60,4,1,Eco/Super Eco,OFF,60,,,60,24,step,4,Super Eco,,,,
1788587738455,2026-09-05 13:55:38,1826,30.05,30.04724039711141,60,4,1,Eco/Super Eco,OFF,60,,,60,24,step,4,Super Eco,,,,
1788587739457,2026-09-05 13:55:39,1825,30.07,30.04724039711141,60,4,1,Eco/Super Eco,OFF,60,,,60,24,step,4,Super Eco,,,,
1788587740458,2026-09-05 13:55:40,1825,30.07,30.04724039711141,60,4,1,Eco/Super Eco,OFF,60,,,60,24,step,4,Super Eco,,,,
1788587741459,2026-09-05 13:55:41,1827,30.03,30.04724039711141,60,4,1,Eco/Super Eco,OFF,60,,,60,24,step,4,Super Eco,,,,
1788587742459,2026-09-05 13:55:42,1824,30.09,30.04724039711141,60,4,1,Eco/Super Eco,OFF,60,,,60,24,step,4,Super Eco,,,,
1788587743464,2026-09-05 13:55:43,1823,30.11,30.04724039711141,60,4,1,Eco/Super Eco,OFF,60,,,60,24,step,4,Super Eco,,,,
1788587744464,2026-09-05 13:55:44,1829,29.98,30.04724039711141,60,4,1,Eco/Super Eco,OFF,60,,,60,24,step,4,Super Eco,,,,
1788587745465,2026-09-05 13:55:45,1826,30.05,30.04724039711141,60,4,1,Eco/Super Eco,OFF,60,,,60,24,step,4,Super Eco,,,,
1788587746466,2026-09-05 13:55:46,1827,30.03,30.04724039711141,60,4,1,Eco/Super Eco,OFF,60,,,60,24,step,4,Super Eco,,,,
1788587747468,2026-09-05 13:55:47,1827,30.03,30.04724039711141,60,4,1,Eco/Super Eco,OFF,60,,,60,24,step,4,Super Eco,,,,
1788587748468,2026-09-05 13:55:48,1826,30.05,30.11028373680284,60,4,1,Eco/Super Eco,OFF,60,,,60,24,step,4,Super Eco,,,,
1788587749469,2026-09-05 13:55:49,1824,30.09,30.11028373680284,60,4,1,Eco/Super Eco,OFF,60,,,60,24,step,4,Super Eco,,,,
1788587750471,2026-09-05 13:55:50,1825,30.07,30.11028373680284,60,4,1,Eco/Super Eco,OFF,60,,,60,24,step,4,Super Eco,,,,
1788587751472,2026-09-05 13:55:51,1827,30.03,30.11028373680284,60,4,1,Eco/Super Eco,OFF,60,,,60,24,step,4,Super Eco,,,,
1788587752472,2026-09-05 13:55:52,1825,30.07,30.11028373680284,60,4,1,Eco/Super Eco,OFF,60,,,60,24,step,4,Super Eco,,,,
1788587753474,2026-09-05 13:55:53,1828,30.01,30.11028373680284,60,4,1,Eco/Super Eco,OFF,60,,,60,24,step,4,Super Eco,,,,
1788587754473,2026-09-05 13:55:54,1825,30.07,30.11028373680284,60,4,1,Eco/Super Eco,OFF,60,,,60,24,step,4,Super Eco,,,,
1788587755474,2026-09-05 13:55:55,1835,29.86,30.11028373680284,60,4,1,Eco/Super Eco,OFF,60,,,60,24,step,4,Super Eco,,,,
1788587756476,2026-09-05 13:55:56,1826,30.05,30.11028373680284,60,4,1,Eco/Super Eco,OFF,60,,,60,24,step,4,Super Eco,,,,
1788587757477,2026-09-05 13:55:57,1826,30.05,30.11028373680284,60,4,1,Eco/Super Eco,OFF,60,,,60,24,step,4,Super Eco,,,,
1788587758477,2026-09-05 13:55:58,1826,30.05,30.11028373680284,60,4,1,Eco/Super Eco,OFF,60,,,60,24,step,4,Super Eco,,,,
1788587759478,2026-09-05 13:55:59,1822,30.13,30.11028373680284,60,4,1,Eco/Super Eco,OFF,60,,,60,24,step,4,Super Eco,,,,
1788587760479,2026-09-05 13:56:00,1826,30.05,30.11028373680284,60,4,1,Eco/Super Eco,OFF,60,,,60,24,step,4,Super Eco,,,,
1788587761481,2026-09-05 13:56:01,1825,30.07,30.11028373680284,60,4,1,Eco/Super Eco,OFF,60,,,60,24,step,4,Super Eco,,,,
1788587762482,2026-09-05 13:56:02,1823,30.11,30.11028373680284,60,4,1,Eco/Super Eco,OFF,60,,,60,24,step,4,Super Eco,,,,
1788587763483,2026-09-05 13:56:03,1827,30.03,30.068249665701444,60,4,1,Eco/Super Eco,OFF,60,,,60,24,step,4,Super Eco,,,,
1788587764483,2026-09-05 13:56:04,1825,30.07,30.068249665701444,60,4,1,Eco/Super Eco,OFF,60,,,60,24,step,4,Super Eco,,,,
1788587765484,2026-09-05 13:56:05,1825,30.07,30.068249665701444,60,4,1,Eco/Super Eco,OFF,60,,,60,24,step,4,Super Eco,,,,
1788587766486,2026-09-05 13:56:06,1826,30.05,30.068249665701444,60,4,1,Eco/Super Eco,OFF,60,,,60,24,step,4,Super Eco,,,,
1788587767487,2026-09-05 13:56:07,1824,30.09,30.068249665701444,60,4,1,Eco/Super Eco,OFF,60,,,60,24,step,4,Super Eco,,,,
1788587768487,2026-09-05 13:56:08,1828,30.01,30.068249665701444,60,4,1,Eco/Super Eco,OFF,60,,,60,24,step,4,Super Eco,,,,
1788587769489,2026-09-05 13:56:09,1826,30.05,30.068249665701444,60,4,1,Eco/Super Eco,OFF,60,,,60,24,step,4,Super Eco,,,,
1788587770489,2026-09-05 13:56:10,1825,30.07,30.068249665701444,60,4,1,Eco/Super Eco,OFF,60,,,60,24,step,4,Super Eco,,,,
1788587771491,2026-09-05 13:56:11,1828,30.01,30.068249665701444,60,4,1,Eco/Super Eco,OFF,60,,,60,24,step,4,Super Eco,,,,
1788587772492,2026-09-05 13:56:12,1829,29.98,30.068249665701444,60,4,1,Eco/Super Eco,OFF,60,,,60,24,step,4,Super Eco,,,,
1788587773492,2026-09-05 13:56:13,1826,30.05,30.068249665701444,60,4,1,Eco/Super Eco,OFF,60,,,60,24,step,4,Super Eco,,,,
1788587774494,2026-09-05 13:56:14,1829,29.98,30.068249665701444,60,4,1,Eco/Super Eco,OFF,60,,,60,24,step,4,Super Eco,,,,
1788587775494,2026-09-05 13:56:15,1828,30.01,30.068249665701444,60,4,1,Eco/Super Eco,OFF,60,,,60,24,step,4,Super Eco,,,,
1788587776496,2026-09-05 13:56:16,1826,30.05,30.068249665701444,60,4,1,Eco/Super Eco,OFF,60,,,60,24,step,4,Super Eco,,,,
1788587777496,2026-09-05 13:56:17,1826,30.05,30.068249665701444,60,4,1,Eco/Super Eco,OFF,60,,,60,24,step,4,Super Eco,,,,
1788587778497,2026-09-05 13:56:18,1826,30.05,29.9842435131888,43,4,1,Eco/Super Eco,OFF,60,60,foreign_write 43 reassert(was 43),60,24,step,4,Super Eco,foreign_write:43,,,
1788587779499,2026-09-05 13:56:19,1828,30.01,29.9842435131888,60,4,1,Eco/Super Eco,OFF,60,,,60,24,step,4,Super Eco,,,,
1788587780499,2026-09-05 13:56:20,1825,30.07,29.9842435131888,60,4,1,Eco/Super Eco,OFF,60,,,60,24,step,4,Super Eco,,,,
1788587781501,2026-09-05 13:56:21,1826,30.05,29.9842435131888,60,4,1,Eco/Super Eco,OFF,60,,,60,24,step,4,Super Eco,,,,
1788587782502,2026-09-05 13:56:22,1826,30.05,29.9842435131888,60,4,1,Eco/Super Eco,OFF,60,,,60,24,step,4,Super Eco,,,,
1788587783503,2026-09-05 13:56:23,1826,30.05,29.9842435131888,60,4,1,Eco/Super Eco,OFF,60,,,60,24,step,4,Super Eco,,,,
1788587784503,2026-09-05 13:56:24,1827,30.03,29.9842435131888,60,4,1,Eco/Super Eco,OFF,60,,,60,24,step,4,Super Eco,,,,
1788587785504,2026-09-05 13:56:25,1825,30.07,29.9842435131888,60,4,1,Eco/Super Eco,OFF,60,,,60,24,step,4,Super Eco,,,,
1788587786504,2026-09-05 13:56:26,1825,30.07,29.9842435131888,60,4,1,Eco/Super Eco,OFF,60,,,60,24,step,4,Super Eco,,,,
1788587787504,2026-09-05 13:56:27,1826,30.05,29.9842435131888,60,4,1,Eco/Super Eco,OFF,60,,,60,24,step,4,Super Eco,,,,
1788587788506,2026-09-05 13:56:28,1826,30.05,29.9842435131888,60,4,1,Eco/Super Eco,OFF,60,,,60,24,step,4,Super Eco,,,,
1788587789507,2026-09-05 13:56:29,1829,29.98,29.9842435131888,60,4,1,Eco/Super Eco,OFF,60,,,60,24,step,4,Super Eco,,,,
1788587790507,2026-09-05 13:56:30,1827,30.03,29.9842435131888,60,4,1,Eco/Super Eco,OFF,60,,,60,24,step,4,Super Eco,,,,
1788587791508,2026-09-05 13:56:31,1826,30.05,29.9842435131888,60,4,1,Eco/Super Eco,OFF,60,,,60,24,step,4,Super Eco,,,,
1788587792510,2026-09-05 13:56:32,1827,30.03,29.9842435131888,60,4,1,Eco/Super Eco,OFF,60,,,60,24,step,4,Super Eco,,,,
1788587793511,2026-09-05 13:56:33,1828,30.01,30.04724039711141,43,4,1,Eco/Super Eco,OFF,60,60,foreign_write 43 reassert(was 43),60,24,step,4,Super Eco,foreign_write:43,,,
1788587794512,2026-09-05 13:56:34,1829,29.98,30.04724039711141,60,4,1,Eco/Super Eco,OFF,60,,,60,24,step,4,Super Eco,,,,
1788587795514,2026-09-05 13:56:35,1828,30.01,30.04724039711141,60,4,1,Eco/Super Eco,OFF,60,,,60,24,step,4,Super Eco,,,,
1788587796514,2026-09-05 13:56:36,1826,30.05,30.04724039711141,60,4,1,Eco/Super Eco,OFF,60,,,60,24,step,4,Super Eco,,,,
1788587797516,2026-09-05 13:56:37,1826,30.05,30.04724039711141,60,4,1,Eco/Super Eco,OFF,60,,,60,24,step,4,Super Eco,,,,
1788587798518,2026-09-05 13:56:38,1826,30.05,30.04724039711141,60,4,1,Eco/Super Eco,OFF,60,,,60,24,step,4,Super Eco,,,,
1788587799519,2026-09-05 13:56:39,1827,30.03,30.04724039711141,60,4,1,Eco/Super Eco,OFF,60,,,60,24,step,4,Super Eco,,,,
1788587800519,2026-09-05 13:56:40,1829,29.98,30.04724039711141,60,4,1,Eco/Super Eco,OFF,60,,,60,24,step,4,Super Eco,,,,
1788587801520,2026-09-05 13:56:41,1827,30.03,30.04724039711141,60,4,1,Eco/Super Eco,OFF,60,,,60,24,step,4,Super Eco,,,,
1788587802522,2026-09-05 13:56:42,1826,30.05,30.04724039711141,60,4,1,Eco/Super Eco,OFF,60,,,60,24,step,4,Super Eco,,,,
1788587803523,2026-09-05 13:56:43,1827,30.03,30.04724039711141,60,4,1,Eco/Super Eco,OFF,60,,,60,24,step,4,Super Eco,,,,
1788587804523,2026-09-05 13:56:44,1825,30.07,30.04724039711141,60,4,1,Eco/Super Eco,OFF,60,,,60,24,step,4,Super Eco,,,,
1788587805524,2026-09-05 13:56:45,1830,29.96,30.04724039711141,60,4,1,Eco/Super Eco,OFF,60,,,60,24,step,4,Super Eco,,,,
1788587806525,2026-09-05 13:56:46,1826,30.05,30.04724039711141,60,4,1,Eco/Super Eco,OFF,60,,,60,24,step,4,Super Eco,,,,
1788587807526,2026-09-05 13:56:47,1826,30.05,30.04724039711141,60,4,1,Eco/Super Eco,OFF,60,,,60,24,step,4,Super Eco,,,,
1788587808527,2026-09-05 13:56:48,1828,30.01,29.9842435131888,43,4,1,Eco/Super Eco,OFF,60,60,foreign_write 43 reassert(was 43),60,24,step,4,Super Eco,foreign_write:43,,,
1788587809529,2026-09-05 13:56:49,1827,30.03,29.9842435131888,60,4,1,Eco/Super Eco,OFF,60,,,60,24,step,4,Super Eco,,,,
1788587810529,2026-09-05 13:56:50,1827,30.03,29.9842435131888,60,4,1,Eco/Super Eco,OFF,60,,,60,24,step,4,Super Eco,,,,
1788587811531,2026-09-05 13:56:51,1827,30.03,29.9842435131888,60,4,1,Eco/Super Eco,OFF,60,,,60,24,step,4,Super Eco,,,,
1788587812531,2026-09-05 13:56:52,1829,29.98,29.9842435131888,60,4,1,Eco/Super Eco,OFF,60,,,60,24,step,4,Super Eco,,,,
1788587813533,2026-09-05 13:56:53,1825,30.07,29.9842435131888,60,4,1,Eco/Super Eco,OFF,50,50,DLPC temp UNAVAILABLE,50,25,step,4,Super Eco,step_end:settled;step_start duty=50 mode=Super Eco;dlpc_unavailable,,,unavailable
1788587814534,2026-09-05 13:56:54,1828,30.01,29.9842435131888,50,4,1,Eco/Super Eco,OFF,50,,,50,25,step,4,Super Eco,,,,
1788587815534,2026-09-05 13:56:55,1831,29.94,29.9842435131888,50,4,1,Eco/Super Eco,OFF,50,,,50,25,step,4,Super Eco,,,,
1788587816535,2026-09-05 13:56:56,1827,30.03,29.9842435131888,50,4,1,Eco/Super Eco,OFF,50,,,50,25,step,4,Super Eco,,,,
1788587817536,2026-09-05 13:56:57,1828,30.01,29.9842435131888,50,4,1,Eco/Super Eco,OFF,50,,,50,25,step,4,Super Eco,,,,
1788587818537,2026-09-05 13:56:58,1828,30.01,29.9842435131888,50,4,1,Eco/Super Eco,OFF,50,,,50,25,step,4,Super Eco,,,,
1788587819538,2026-09-05 13:56:59,1829,29.98,29.9842435131888,50,4,1,Eco/Super Eco,OFF,50,,,50,25,step,4,Super Eco,,,,
1788587820539,2026-09-05 13:57:00,1827,30.03,29.9842435131888,50,4,1,Eco/Super Eco,OFF,50,,,50,25,step,4,Super Eco,,,,
1788587821540,2026-09-05 13:57:01,1830,29.96,29.9842435131888,50,4,1,Eco/Super Eco,OFF,50,,,50,25,step,4,Super Eco,,,,
1788587822540,2026-09-05 13:57:02,1826,30.05,29.9842435131888,50,4,1,Eco/Super Eco,OFF,50,,,50,25,step,4,Super Eco,,,,
1788587823542,2026-09-05 13:57:03,1827,30.03,30.026236290264592,43,4,1,Eco/Super Eco,OFF,50,50,foreign_write 43 reassert(was 43),50,25,step,4,Super Eco,foreign_write:43,,,
1788587824543,2026-09-05 13:57:04,1828,30.01,30.026236290264592,50,4,1,Eco/Super Eco,OFF,50,,,50,25,step,4,Super Eco,,,,
1788587825544,2026-09-05 13:57:05,1829,29.98,30.026236290264592,50,4,1,Eco/Super Eco,OFF,50,,,50,25,step,4,Super Eco,,,,
1788587826546,2026-09-05 13:57:06,1825,30.07,30.026236290264592,50,4,1,Eco/Super Eco,OFF,50,,,50,25,step,4,Super Eco,,,,
1788587827547,2026-09-05 13:57:07,1826,30.05,30.026236290264592,50,4,1,Eco/Super Eco,OFF,50,,,50,25,step,4,Super Eco,,,,
1788587828548,2026-09-05 13:57:08,1828,30.01,30.026236290264592,50,4,1,Eco/Super Eco,OFF,50,,,50,25,step,4,Super Eco,,,,
1788587829550,2026-09-05 13:57:09,1834,29.88,30.026236290264592,50,4,1,Eco/Super Eco,OFF,50,,,50,25,step,4,Super Eco,,,,
1788587830551,2026-09-05 13:57:10,1825,30.07,30.026236290264592,50,4,1,Eco/Super Eco,OFF,50,,,50,25,step,4,Super Eco,,,,
1788587831553,2026-09-05 13:57:11,1827,30.03,30.026236290264592,50,4,1,Eco/Super Eco,OFF,50,,,50,25,step,4,Super Eco,,,,
1788587832553,2026-09-05 13:57:12,1824,30.09,30.026236290264592,50,4,1,Eco/Super Eco,OFF,50,,,50,25,step,4,Super Eco,,,,
1788587833555,2026-09-05 13:57:13,1825,30.07,30.026236290264592,50,4,1,Eco/Super Eco,OFF,50,,,50,25,step,4,Super Eco,,,,
1788587834556,2026-09-05 13:57:14,1826,30.05,30.026236290264592,50,4,1,Eco/Super Eco,OFF,50,,,50,25,step,4,Super Eco,,,,
1788587835557,2026-09-05 13:57:15,1828,30.01,30.026236290264592,50,4,1,Eco/Super Eco,OFF,50,,,50,25,step,4,Super Eco,,,,
1788587836558,2026-09-05 13:57:16,1826,30.05,30.026236290264592,50,4,1,Eco/Super Eco,OFF,50,,,50,25,step,4,Super Eco,,,,
1788587837560,2026-09-05 13:57:17,1825,30.07,30.026236290264592,50,4,1,Eco/Super Eco,OFF,50,,,50,25,step,4,Super Eco,,,,
1788587838561,2026-09-05 13:57:18,1825,30.07,30.04724039711141,50,4,1,Eco/Super Eco,OFF,50,,,50,25,step,4,Super Eco,,,,
1788587839563,2026-09-05 13:57:19,1824,30.09,30.04724039711141,50,4,1,Eco/Super Eco,OFF,50,,,50,25,step,4,Super Eco,,,,
1788587840564,2026-09-05 13:57:20,1826,30.05,30.04724039711141,50,4,1,Eco/Super Eco,OFF,50,,,50,25,step,4,Super Eco,,,,
1788587841566,2026-09-05 13:57:21,1826,30.05,30.04724039711141,50,4,1,Eco/Super Eco,OFF,50,,,50,25,step,4,Super Eco,,,,
1788587842568,2026-09-05 13:57:22,1823,30.11,30.04724039711141,50,4,1,Eco/Super Eco,OFF,50,,,50,25,step,4,Super Eco,,,,
1788587843569,2026-09-05 13:57:23,1823,30.11,30.04724039711141,50,4,1,Eco/Super Eco,OFF,50,,,50,25,step,4,Super Eco,,,,
1788587844571,2026-09-05 13:57:24,1823,30.11,30.04724039711141,50,4,1,Eco/Super Eco,OFF,50,,,50,25,step,4,Super Eco,,,,
1788587845571,2026-09-05 13:57:25,1824,30.09,30.04724039711141,50,4,1,Eco/Super Eco,OFF,50,,,50,25,step,4,Super Eco,,,,
1788587846573,2026-09-05 13:57:26,1822,30.13,30.04724039711141,50,4,1,Eco/Super Eco,OFF,50,,,50,25,step,4,Super Eco,,,,
1788587847574,2026-09-05 13:57:27,1832,29.92,30.04724039711141,50,4,1,Eco/Super Eco,OFF,50,,,50,25,step,4,Super Eco,,,,
1788587848575,2026-09-05 13:57:28,1823,30.11,30.04724039711141,50,4,1,Eco/Super Eco,OFF,50,,,50,25,step,4,Super Eco,,,,
1788587849576,2026-09-05 13:57:29,1822,30.13,30.04724039711141,50,4,1,Eco/Super Eco,OFF,50,,,50,25,step,4,Super Eco,,,,
1788587850577,2026-09-05 13:57:30,1823,30.11,30.04724039711141,50,4,1,Eco/Super Eco,OFF,50,,,50,25,step,4,Super Eco,,,,
1788587851577,2026-09-05 13:57:31,1824,30.09,30.04724039711141,50,4,1,Eco/Super Eco,OFF,50,,,50,25,step,4,Super Eco,,,,
1788587852579,2026-09-05 13:57:32,1825,30.07,30.04724039711141,50,4,1,Eco/Super Eco,OFF,50,,,50,25,step,4,Super Eco,,,,
1788587853581,2026-09-05 13:57:33,1822,30.13,30.11028373680284,50,4,1,Eco/Super Eco,OFF,50,,,50,25,step,4,Super Eco,,,,
1788587854582,2026-09-05 13:57:34,1824,30.09,30.11028373680284,50,4,1,Eco/Super Eco,OFF,50,,,50,25,step,4,Super Eco,,,,
1788587855583,2026-09-05 13:57:35,1825,30.07,30.11028373680284,50,4,1,Eco/Super Eco,OFF,50,,,50,25,step,4,Super Eco,,,,
1788587856586,2026-09-05 13:57:36,1821,30.15,30.11028373680284,50,4,1,Eco/Super Eco,OFF,50,,,50,25,step,4,Super Eco,,,,
1788587857587,2026-09-05 13:57:37,1822,30.13,30.11028373680284,50,4,1,Eco/Super Eco,OFF,50,,,50,25,step,4,Super Eco,,,,
1788587858588,2026-09-05 13:57:38,1823,30.11,30.11028373680284,50,4,1,Eco/Super Eco,OFF,50,,,50,25,step,4,Super Eco,,,,
1788587859589,2026-09-05 13:57:39,1822,30.13,30.11028373680284,50,4,1,Eco/Super Eco,OFF,50,,,50,25,step,4,Super Eco,,,,
1788587860592,2026-09-05 13:57:40,1822,30.13,30.11028373680284,50,4,1,Eco/Super Eco,OFF,50,,,50,25,step,4,Super Eco,,,,
1788587861593,2026-09-05 13:57:41,1821,30.15,30.11028373680284,50,4,1,Eco/Super Eco,OFF,50,,,50,25,step,4,Super Eco,,,,
1788587862595,2026-09-05 13:57:42,1822,30.13,30.11028373680284,50,4,1,Eco/Super Eco,OFF,50,,,50,25,step,4,Super Eco,,,,
1788587863596,2026-09-05 13:57:43,1820,30.17,30.11028373680284,50,4,1,Eco/Super Eco,OFF,50,,,50,25,step,4,Super Eco,,,,
1788587864598,2026-09-05 13:57:44,1822,30.13,30.11028373680284,50,4,1,Eco/Super Eco,OFF,50,,,50,25,step,4,Super Eco,,,,
1788587865599,2026-09-05 13:57:45,1821,30.15,30.11028373680284,50,4,1,Eco/Super Eco,OFF,50,,,50,25,step,4,Super Eco,,,,
1788587866599,2026-09-05 13:57:46,1821,30.15,30.11028373680284,50,4,1,Eco/Super Eco,OFF,50,,,50,25,step,4,Super Eco,,,,
1788587867601,2026-09-05 13:57:47,1822,30.13,30.11028373680284,50,4,1,Eco/Super Eco,OFF,50,,,50,25,step,4,Super Eco,,,,
1788587868603,2026-09-05 13:57:48,1821,30.15,30.11028373680284,50,4,1,Eco/Super Eco,OFF,50,,,50,25,step,4,Super Eco,,,,
1788587869603,2026-09-05 13:57:49,1821,30.15,30.11028373680284,50,4,1,Eco/Super Eco,OFF,50,,,50,25,step,4,Super Eco,,,,
1788587870605,2026-09-05 13:57:50,1822,30.13,30.11028373680284,50,4,1,Eco/Super Eco,OFF,50,,,50,25,step,4,Super Eco,,,,
1788587871607,2026-09-05 13:57:51,1820,30.17,30.11028373680284,50,4,1,Eco/Super Eco,OFF,50,,,50,25,step,4,Super Eco,,,,
1788587872608,2026-09-05 13:57:52,1821,30.15,30.11028373680284,50,4,1,Eco/Super Eco,OFF,50,,,50,25,step,4,Super Eco,,,,
1788587873610,2026-09-05 13:57:53,1823,30.11,30.11028373680284,50,4,1,Eco/Super Eco,OFF,50,,,50,25,step,4,Super Eco,,,,
1788587874611,2026-09-05 13:57:54,1821,30.15,30.11028373680284,50,4,1,Eco/Super Eco,OFF,50,,,50,25,step,4,Super Eco,,,,
1788587875612,2026-09-05 13:57:55,1821,30.15,30.11028373680284,50,4,1,Eco/Super Eco,OFF,50,,,50,25,step,4,Super Eco,,,,
1788587876614,2026-09-05 13:57:56,1820,30.17,30.11028373680284,50,4,1,Eco/Super Eco,OFF,50,,,50,25,step,4,Super Eco,,,,
1788587877615,2026-09-05 13:57:57,1820,30.17,30.11028373680284,50,4,1,Eco/Super Eco,OFF,50,,,50,25,step,4,Super Eco,,,,
1788587878616,2026-09-05 13:57:58,1822,30.13,30.11028373680284,50,4,1,Eco/Super Eco,OFF,50,,,50,25,step,4,Super Eco,,,,
1788587879618,2026-09-05 13:57:59,1819,30.19,30.11028373680284,50,4,1,Eco/Super Eco,OFF,50,,,50,25,step,4,Super Eco,,,,
1788587880620,2026-09-05 13:58:00,1822,30.13,30.11028373680284,50,4,1,Eco/Super Eco,OFF,50,,,50,25,step,4,Super Eco,,,,
1788587881621,2026-09-05 13:58:01,1822,30.13,30.11028373680284,50,4,1,Eco/Super Eco,OFF,50,,,50,25,step,4,Super Eco,,,,
1788587882623,2026-09-05 13:58:02,1821,30.15,30.11028373680284,50,4,1,Eco/Super Eco,OFF,50,,,50,25,step,4,Super Eco,,,,
1788587883624,2026-09-05 13:58:03,1821,30.15,30.152338601084466,50,4,1,Eco/Super Eco,OFF,50,,,50,25,step,4,Super Eco,,,,
1788587884625,2026-09-05 13:58:04,1820,30.17,30.152338601084466,50,4,1,Eco/Super Eco,OFF,50,,,50,25,step,4,Super Eco,,,,
1788587885626,2026-09-05 13:58:05,1821,30.15,30.152338601084466,50,4,1,Eco/Super Eco,OFF,50,,,50,25,step,4,Super Eco,,,,
1788587886626,2026-09-05 13:58:06,1819,30.19,30.152338601084466,50,4,1,Eco/Super Eco,OFF,50,,,50,25,step,4,Super Eco,,,,
1788587887628,2026-09-05 13:58:07,1818,30.22,30.152338601084466,50,4,1,Eco/Super Eco,OFF,50,,,50,25,step,4,Super Eco,,,,
1788587888628,2026-09-05 13:58:08,1821,30.15,30.152338601084466,50,4,1,Eco/Super Eco,OFF,50,,,50,25,step,4,Super Eco,,,,
1788587889630,2026-09-05 13:58:09,1821,30.15,30.152338601084466,50,4,1,Eco/Super Eco,OFF,50,,,50,25,step,4,Super Eco,,,,
1788587890630,2026-09-05 13:58:10,1819,30.19,30.152338601084466,50,4,1,Eco/Super Eco,OFF,50,,,50,25,step,4,Super Eco,,,,
1788587891631,2026-09-05 13:58:11,1820,30.17,30.152338601084466,50,4,1,Eco/Super Eco,OFF,50,,,50,25,step,4,Super Eco,,,,
1788587892633,2026-09-05 13:58:12,1822,30.13,30.152338601084466,50,4,1,Eco/Super Eco,OFF,50,,,50,25,step,4,Super Eco,,,,
1788587893633,2026-09-05 13:58:13,1830,29.96,30.152338601084466,50,4,1,Eco/Super Eco,OFF,50,,,50,25,step,4,Super Eco,,,,
1788587894635,2026-09-05 13:58:14,1824,30.09,30.152338601084466,50,4,1,Eco/Super Eco,OFF,50,,,50,25,step,4,Super Eco,,,,
1788587895635,2026-09-05 13:58:15,1819,30.19,30.152338601084466,50,4,1,Eco/Super Eco,OFF,50,,,50,25,step,4,Super Eco,,,,
1788587896637,2026-09-05 13:58:16,1818,30.22,30.152338601084466,50,4,1,Eco/Super Eco,OFF,50,,,50,25,step,4,Super Eco,,,,
1788587897637,2026-09-05 13:58:17,1821,30.15,30.152338601084466,50,4,1,Eco/Super Eco,OFF,50,,,50,25,step,4,Super Eco,,,,
1788587898639,2026-09-05 13:58:18,1820,30.17,30.1944143562755,50,4,1,Eco/Super Eco,OFF,50,,,50,25,step,4,Super Eco,,,,
1788587899639,2026-09-05 13:58:19,1820,30.17,30.1944143562755,50,4,1,Eco/Super Eco,OFF,50,,,50,25,step,4,Super Eco,,,,
1788587900640,2026-09-05 13:58:20,1819,30.19,30.1944143562755,50,4,1,Eco/Super Eco,OFF,50,,,50,25,step,4,Super Eco,,,,
1788587901642,2026-09-05 13:58:21,1820,30.17,30.1944143562755,50,4,1,Eco/Super Eco,OFF,50,,,50,25,step,4,Super Eco,,,,
1788587902644,2026-09-05 13:58:22,1818,30.22,30.1944143562755,50,4,1,Eco/Super Eco,OFF,50,,,50,25,step,4,Super Eco,,,,
1788587903645,2026-09-05 13:58:23,1819,30.19,30.1944143562755,50,4,1,Eco/Super Eco,OFF,50,,,50,25,step,4,Super Eco,,,,
1788587904645,2026-09-05 13:58:24,1819,30.19,30.1944143562755,50,4,1,Eco/Super Eco,OFF,50,,,50,25,step,4,Super Eco,,,,
1788587905647,2026-09-05 13:58:25,1821,30.15,30.1944143562755,50,4,1,Eco/Super Eco,OFF,50,,,50,25,step,4,Super Eco,,,,
1788587906648,2026-09-05 13:58:26,1818,30.22,30.1944143562755,50,4,1,Eco/Super Eco,OFF,50,,,50,25,step,4,Super Eco,,,,
1788587907649,2026-09-05 13:58:27,1818,30.22,30.1944143562755,50,4,1,Eco/Super Eco,OFF,50,,,50,25,step,4,Super Eco,,,,
1788587908651,2026-09-05 13:58:28,1819,30.19,30.1944143562755,50,4,1,Eco/Super Eco,OFF,50,,,50,25,step,4,Super Eco,,,,
1788587909652,2026-09-05 13:58:29,1819,30.19,30.1944143562755,50,4,1,Eco/Super Eco,OFF,50,,,50,25,step,4,Super Eco,,,,
1788587910654,2026-09-05 13:58:30,1818,30.22,30.1944143562755,50,4,1,Eco/Super Eco,OFF,50,,,50,25,step,4,Super Eco,,,,
1788587911655,2026-09-05 13:58:31,1821,30.15,30.1944143562755,50,4,1,Eco/Super Eco,OFF,50,,,50,25,step,4,Super Eco,,,,
1788587912657,2026-09-05 13:58:32,1818,30.22,30.1944143562755,50,4,1,Eco/Super Eco,OFF,50,,,50,25,step,4,Super Eco,,,,
1788587913658,2026-09-05 13:58:33,1818,30.22,30.173373861199877,50,4,1,Eco/Super Eco,OFF,50,,,50,25,step,4,Super Eco,,,,
1788587914660,2026-09-05 13:58:34,1820,30.17,30.173373861199877,50,4,1,Eco/Super Eco,OFF,50,,,50,25,step,4,Super Eco,,,,
1788587915662,2026-09-05 13:58:35,1821,30.15,30.173373861199877,50,4,1,Eco/Super Eco,OFF,50,,,50,25,step,4,Super Eco,,,,
1788587916663,2026-09-05 13:58:36,1818,30.22,30.173373861199877,50,4,1,Eco/Super Eco,OFF,50,,,50,25,step,4,Super Eco,,,,
1788587917664,2026-09-05 13:58:37,1819,30.19,30.173373861199877,50,4,1,Eco/Super Eco,OFF,50,,,50,25,step,4,Super Eco,,,,
1788587918665,2026-09-05 13:58:38,1818,30.22,30.173373861199877,50,4,1,Eco/Super Eco,OFF,50,,,50,25,step,4,Super Eco,,,,
1788587919667,2026-09-05 13:58:39,1820,30.17,30.173373861199877,50,4,1,Eco/Super Eco,OFF,50,,,50,25,step,4,Super Eco,,,,
1788587920668,2026-09-05 13:58:40,1814,30.30,30.173373861199877,50,4,1,Eco/Super Eco,OFF,50,,,50,25,step,4,Super Eco,,,,
1788587921669,2026-09-05 13:58:41,1820,30.17,30.173373861199877,50,4,1,Eco/Super Eco,OFF,50,,,50,25,step,4,Super Eco,,,,
1788587922670,2026-09-05 13:58:42,1817,30.24,30.173373861199877,50,4,1,Eco/Super Eco,OFF,50,,,50,25,step,4,Super Eco,,,,
1788587923672,2026-09-05 13:58:43,1815,30.28,30.173373861199877,50,4,1,Eco/Super Eco,OFF,50,,,50,25,step,4,Super Eco,,,,
1788587924674,2026-09-05 13:58:44,1818,30.22,30.173373861199877,50,4,1,Eco/Super Eco,OFF,50,,,50,25,step,4,Super Eco,,,,
1788587925675,2026-09-05 13:58:45,1820,30.17,30.173373861199877,50,4,1,Eco/Super Eco,OFF,50,,,50,25,step,4,Super Eco,,,,
1788587926677,2026-09-05 13:58:46,1817,30.24,30.173373861199877,50,4,1,Eco/Super Eco,OFF,50,,,50,25,step,4,Super Eco,,,,
1788587927678,2026-09-05 13:58:47,1819,30.19,30.173373861199877,50,4,1,Eco/Super Eco,OFF,50,,,50,25,step,4,Super Eco,,,,
1788587928680,2026-09-05 13:58:48,1818,30.22,30.23651110031983,50,4,1,Eco/Super Eco,OFF,50,,,50,25,step,4,Super Eco,,,,
1788587929680,2026-09-05 13:58:49,1817,30.24,30.23651110031983,50,4,1,Eco/Super Eco,OFF,50,,,50,25,step,4,Super Eco,,,,
1788587930681,2026-09-05 13:58:50,1816,30.26,30.23651110031983,50,4,1,Eco/Super Eco,OFF,50,,,50,25,step,4,Super Eco,,,,
1788587931681,2026-09-05 13:58:51,1817,30.24,30.23651110031983,50,4,1,Eco/Super Eco,OFF,50,,,50,25,step,4,Super Eco,,,,
1788587932683,2026-09-05 13:58:52,1819,30.19,30.23651110031983,50,4,1,Eco/Super Eco,OFF,50,,,50,25,step,4,Super Eco,,,,
1788587933685,2026-09-05 13:58:53,1817,30.24,30.23651110031983,50,4,1,Eco/Super Eco,OFF,50,,,50,25,step,4,Super Eco,,,,
1788587934686,2026-09-05 13:58:54,1818,30.22,30.23651110031983,50,4,1,Eco/Super Eco,OFF,50,,,50,25,step,4,Super Eco,,,,
1788587935689,2026-09-05 13:58:55,1818,30.22,30.23651110031983,50,4,1,Eco/Super Eco,OFF,50,,,50,25,step,4,Super Eco,,,,
1788587936689,2026-09-05 13:58:56,1817,30.24,30.23651110031983,50,4,1,Eco/Super Eco,OFF,50,,,50,25,step,4,Super Eco,,,,
1788587937691,2026-09-05 13:58:57,1821,30.15,30.23651110031983,50,4,1,Eco/Super Eco,OFF,50,,,50,25,step,4,Super Eco,,,,
1788587938692,2026-09-05 13:58:58,1817,30.24,30.23651110031983,50,4,1,Eco/Super Eco,OFF,50,,,50,25,step,4,Super Eco,,,,
1788587939693,2026-09-05 13:58:59,1818,30.22,30.23651110031983,50,4,1,Eco/Super Eco,OFF,50,,,50,25,step,4,Super Eco,,,,
1788587940694,2026-09-05 13:59:00,1816,30.26,30.23651110031983,50,4,1,Eco/Super Eco,OFF,50,,,50,25,step,4,Super Eco,,,,
1788587941696,2026-09-05 13:59:01,1825,30.07,30.23651110031983,50,4,1,Eco/Super Eco,OFF,50,,,50,25,step,4,Super Eco,,,,
1788587942698,2026-09-05 13:59:02,1818,30.22,30.23651110031983,50,4,1,Eco/Super Eco,OFF,50,,,50,25,step,4,Super Eco,,,,
1788587943699,2026-09-05 13:59:03,1818,30.22,30.23651110031983,50,4,1,Eco/Super Eco,OFF,50,,,50,25,step,4,Super Eco,,,,
1788587944701,2026-09-05 13:59:04,1818,30.22,30.23651110031983,50,4,1,Eco/Super Eco,OFF,50,,,50,25,step,4,Super Eco,,,,
1788587945703,2026-09-05 13:59:05,1816,30.26,30.23651110031983,50,4,1,Eco/Super Eco,OFF,50,,,50,25,step,4,Super Eco,,,,
1788587946704,2026-09-05 13:59:06,1817,30.24,30.23651110031983,50,4,1,Eco/Super Eco,OFF,50,,,50,25,step,4,Super Eco,,,,
1788587947704,2026-09-05 13:59:07,1817,30.24,30.23651110031983,50,4,1,Eco/Super Eco,OFF,50,,,50,25,step,4,Super Eco,,,,
1788587948706,2026-09-05 13:59:08,1817,30.24,30.23651110031983,50,4,1,Eco/Super Eco,OFF,50,,,50,25,step,4,Super Eco,,,,
1788587949707,2026-09-05 13:59:09,1818,30.22,30.23651110031983,50,4,1,Eco/Super Eco,OFF,50,,,50,25,step,4,Super Eco,,,,
1788587950708,2026-09-05 13:59:10,1815,30.28,30.23651110031983,50,4,1,Eco/Super Eco,OFF,50,,,50,25,step,4,Super Eco,,,,
1788587951709,2026-09-05 13:59:11,1819,30.19,30.23651110031983,50,4,1,Eco/Super Eco,OFF,50,,,50,25,step,4,Super Eco,,,,
1788587952709,2026-09-05 13:59:12,1817,30.24,30.23651110031983,50,4,1,Eco/Super Eco,OFF,50,,,50,25,step,4,Super Eco,,,,
1788587953709,2026-09-05 13:59:13,1817,30.24,30.23651110031983,50,4,1,Eco/Super Eco,OFF,50,,,50,25,step,4,Super Eco,,,,
1788587954710,2026-09-05 13:59:14,1816,30.26,30.23651110031983,50,4,1,Eco/Super Eco,OFF,50,,,50,25,step,4,Super Eco,,,,
1788587955711,2026-09-05 13:59:15,1817,30.24,30.23651110031983,50,4,1,Eco/Super Eco,OFF,50,,,50,25,step,4,Super Eco,,,,
1788587956712,2026-09-05 13:59:16,1816,30.26,30.23651110031983,50,4,1,Eco/Super Eco,OFF,50,,,50,25,step,4,Super Eco,,,,
1788587957713,2026-09-05 13:59:17,1817,30.24,30.23651110031983,50,4,1,Eco/Super Eco,OFF,50,,,50,25,step,4,Super Eco,,,,
1788587958714,2026-09-05 13:59:18,1818,30.22,30.278628931378023,50,4,1,Eco/Super Eco,OFF,50,,,50,25,step,4,Super Eco,,,,
1788587959715,2026-09-05 13:59:19,1817,30.24,30.278628931378023,50,4,1,Eco/Super Eco,OFF,50,,,50,25,step,4,Super Eco,,,,
1788587960717,2026-09-05 13:59:20,1816,30.26,30.278628931378023,50,4,1,Eco/Super Eco,OFF,50,,,50,25,step,4,Super Eco,,,,
1788587961718,2026-09-05 13:59:21,1816,30.26,30.278628931378023,50,4,1,Eco/Super Eco,OFF,50,,,50,25,step,4,Super Eco,,,,
1788587962719,2026-09-05 13:59:22,1818,30.22,30.278628931378023,50,4,1,Eco/Super Eco,OFF,50,,,50,25,step,4,Super Eco,,,,
1788587963720,2026-09-05 13:59:23,1815,30.28,30.278628931378023,50,4,1,Eco/Super Eco,OFF,50,,,50,25,step,4,Super Eco,,,,
1788587964721,2026-09-05 13:59:24,1816,30.26,30.278628931378023,50,4,1,Eco/Super Eco,OFF,50,,,50,25,step,4,Super Eco,,,,
1788587965722,2026-09-05 13:59:25,1817,30.24,30.278628931378023,50,4,1,Eco/Super Eco,OFF,50,,,50,25,step,4,Super Eco,,,,
1788587966722,2026-09-05 13:59:26,1818,30.22,30.278628931378023,50,4,1,Eco/Super Eco,OFF,50,,,50,25,step,4,Super Eco,,,,
1788587967723,2026-09-05 13:59:27,1817,30.24,30.278628931378023,50,4,1,Eco/Super Eco,OFF,50,,,50,25,step,4,Super Eco,,,,
1788587968724,2026-09-05 13:59:28,1815,30.28,30.278628931378023,50,4,1,Eco/Super Eco,OFF,50,,,50,25,step,4,Super Eco,,,,
1788587969725,2026-09-05 13:59:29,1819,30.19,30.278628931378023,50,4,1,Eco/Super Eco,OFF,50,,,50,25,step,4,Super Eco,,,,
1788587970726,2026-09-05 13:59:30,1817,30.24,30.278628931378023,50,4,1,Eco/Super Eco,OFF,50,,,50,25,step,4,Super Eco,,,,
1788587971727,2026-09-05 13:59:31,1818,30.22,30.278628931378023,50,4,1,Eco/Super Eco,OFF,50,,,50,25,step,4,Super Eco,,,,
1788587972728,2026-09-05 13:59:32,1817,30.24,30.278628931378023,50,4,1,Eco/Super Eco,OFF,50,,,50,25,step,4,Super Eco,,,,
1788587973729,2026-09-05 13:59:33,1813,30.32,30.23651110031983,50,4,1,Eco/Super Eco,OFF,50,,,50,25,step,4,Super Eco,,,,
1788587974731,2026-09-05 13:59:34,1815,30.28,30.23651110031983,50,4,1,Eco/Super Eco,OFF,50,,,50,25,step,4,Super Eco,,,,
1788587975731,2026-09-05 13:59:35,1815,30.28,30.23651110031983,50,4,1,Eco/Super Eco,OFF,50,,,50,25,step,4,Super Eco,,,,
1788587976733,2026-09-05 13:59:36,1816,30.26,30.23651110031983,50,4,1,Eco/Super Eco,OFF,50,,,50,25,step,4,Super Eco,,,,
1788587977735,2026-09-05 13:59:37,1815,30.28,30.23651110031983,50,4,1,Eco/Super Eco,OFF,50,,,50,25,step,4,Super Eco,,,,
1788587978736,2026-09-05 13:59:38,1817,30.24,30.23651110031983,50,4,1,Eco/Super Eco,OFF,50,,,50,25,step,4,Super Eco,,,,
1788587979737,2026-09-05 13:59:39,1815,30.28,30.23651110031983,50,4,1,Eco/Super Eco,OFF,50,,,50,25,step,4,Super Eco,,,,
1788587980738,2026-09-05 13:59:40,1816,30.26,30.23651110031983,50,4,1,Eco/Super Eco,OFF,50,,,50,25,step,4,Super Eco,,,,
1788587981739,2026-09-05 13:59:41,1818,30.22,30.23651110031983,50,4,1,Eco/Super Eco,OFF,50,,,50,25,step,4,Super Eco,,,,
1788587982740,2026-09-05 13:59:42,1815,30.28,30.23651110031983,50,4,1,Eco/Super Eco,OFF,50,,,50,25,step,4,Super Eco,,,,
1788587983740,2026-09-05 13:59:43,1818,30.22,30.23651110031983,50,4,1,Eco/Super Eco,OFF,50,,,50,25,step,4,Super Eco,,,,
1788587984742,2026-09-05 13:59:44,1818,30.22,30.23651110031983,50,4,1,Eco/Super Eco,OFF,50,,,50,25,step,4,Super Eco,,,,
1788587985742,2026-09-05 13:59:45,1815,30.28,30.23651110031983,50,4,1,Eco/Super Eco,OFF,50,,,50,25,step,4,Super Eco,,,,
1788587986743,2026-09-05 13:59:46,1809,30.41,30.23651110031983,50,4,1,Eco/Super Eco,OFF,50,,,50,25,step,4,Super Eco,,,,
1788587987743,2026-09-05 13:59:47,1815,30.28,30.23651110031983,50,4,1,Eco/Super Eco,OFF,50,,,50,25,step,4,Super Eco,,,,
1788587988745,2026-09-05 13:59:48,1816,30.26,30.299695785271865,50,4,1,Eco/Super Eco,OFF,50,,,50,25,step,4,Super Eco,,,,
1788587989745,2026-09-05 13:59:49,1816,30.26,30.299695785271865,50,4,1,Eco/Super Eco,OFF,50,,,50,25,step,4,Super Eco,,,,
1788587990745,2026-09-05 13:59:50,1815,30.28,30.299695785271865,50,4,1,Eco/Super Eco,OFF,50,,,50,25,step,4,Super Eco,,,,
1788587991746,2026-09-05 13:59:51,1816,30.26,30.299695785271865,50,4,1,Eco/Super Eco,OFF,50,,,50,25,step,4,Super Eco,,,,
1788587992747,2026-09-05 13:59:52,1817,30.24,30.299695785271865,50,4,1,Eco/Super Eco,OFF,50,,,50,25,step,4,Super Eco,,,,
1788587993749,2026-09-05 13:59:53,1815,30.28,30.299695785271865,50,4,1,Eco/Super Eco,OFF,45,45,DLPC temp UNAVAILABLE,45,26,step,4,Super Eco,step_end:settled;step_start duty=45 mode=Super Eco;dlpc_unavailable,,,unavailable
1788587994750,2026-09-05 13:59:54,1815,30.28,30.299695785271865,45,4,1,Eco/Super Eco,OFF,45,,,45,26,step,4,Super Eco,,,,
1788587995750,2026-09-05 13:59:55,1816,30.26,30.299695785271865,45,4,1,Eco/Super Eco,OFF,45,,,45,26,step,4,Super Eco,,,,
1788587996751,2026-09-05 13:59:56,1812,30.34,30.299695785271865,45,4,1,Eco/Super Eco,OFF,45,,,45,26,step,4,Super Eco,,,,
1788587997752,2026-09-05 13:59:57,1816,30.26,30.299695785271865,45,4,1,Eco/Super Eco,OFF,45,,,45,26,step,4,Super Eco,,,,
1788587998754,2026-09-05 13:59:58,1818,30.22,30.299695785271865,45,4,1,Eco/Super Eco,OFF,45,,,45,26,step,4,Super Eco,,,,
1788587999754,2026-09-05 13:59:59,1814,30.30,30.299695785271865,45,4,1,Eco/Super Eco,OFF,45,,,45,26,step,4,Super Eco,,,,
1788588000756,2026-09-05 14:00:00,1817,30.24,30.299695785271865,45,4,1,Eco/Super Eco,OFF,45,,,45,26,step,4,Super Eco,,,,
1788588001756,2026-09-05 14:00:01,1818,30.22,30.299695785271865,45,4,1,Eco/Super Eco,OFF,45,,,45,26,step,4,Super Eco,,,,
1788588002757,2026-09-05 14:00:02,1814,30.30,30.299695785271865,45,4,1,Eco/Super Eco,OFF,45,,,45,26,step,4,Super Eco,,,,
1788588003758,2026-09-05 14:00:03,1817,30.24,30.23651110031983,45,4,1,Eco/Super Eco,OFF,45,,,45,26,step,4,Super Eco,,,,
1788588004759,2026-09-05 14:00:04,1813,30.32,30.23651110031983,45,4,1,Eco/Super Eco,OFF,45,,,45,26,step,4,Super Eco,,,,
1788588005761,2026-09-05 14:00:05,1813,30.32,30.23651110031983,45,4,1,Eco/Super Eco,OFF,45,,,45,26,step,4,Super Eco,,,,
1788588006762,2026-09-05 14:00:06,1815,30.28,30.23651110031983,45,4,1,Eco/Super Eco,OFF,45,,,45,26,step,4,Super Eco,,,,
1788588007763,2026-09-05 14:00:07,1816,30.26,30.23651110031983,45,4,1,Eco/Super Eco,OFF,45,,,45,26,step,4,Super Eco,,,,
1788588008765,2026-09-05 14:00:08,1817,30.24,30.23651110031983,45,4,1,Eco/Super Eco,OFF,45,,,45,26,step,4,Super Eco,,,,
1788588009766,2026-09-05 14:00:09,1810,30.38,30.23651110031983,45,4,1,Eco/Super Eco,OFF,45,,,45,26,step,4,Super Eco,,,,
1788588010767,2026-09-05 14:00:10,1814,30.30,30.23651110031983,45,4,1,Eco/Super Eco,OFF,45,,,45,26,step,4,Super Eco,,,,
1788588011769,2026-09-05 14:00:11,1813,30.32,30.23651110031983,45,4,1,Eco/Super Eco,OFF,45,,,45,26,step,4,Super Eco,,,,
1788588012769,2026-09-05 14:00:12,1814,30.30,30.23651110031983,45,4,1,Eco/Super Eco,OFF,45,,,45,26,step,4,Super Eco,,,,
1788588013770,2026-09-05 14:00:13,1815,30.28,30.23651110031983,45,4,1,Eco/Super Eco,OFF,45,,,45,26,step,4,Super Eco,,,,
1788588014770,2026-09-05 14:00:14,1813,30.32,30.23651110031983,45,4,1,Eco/Super Eco,OFF,45,,,45,26,step,4,Super Eco,,,,
1788588015771,2026-09-05 14:00:15,1813,30.32,30.23651110031983,45,4,1,Eco/Super Eco,OFF,45,,,45,26,step,4,Super Eco,,,,
1788588016773,2026-09-05 14:00:16,1814,30.30,30.23651110031983,45,4,1,Eco/Super Eco,OFF,45,,,45,26,step,4,Super Eco,,,,
1788588017774,2026-09-05 14:00:17,1812,30.34,30.23651110031983,45,4,1,Eco/Super Eco,OFF,45,,,45,26,step,4,Super Eco,,,,
1788588018775,2026-09-05 14:00:18,1812,30.34,30.341845431377976,45,4,1,Eco/Super Eco,OFF,45,,,45,26,step,4,Super Eco,,,,
1788588019775,2026-09-05 14:00:19,1814,30.30,30.341845431377976,45,4,1,Eco/Super Eco,OFF,45,,,45,26,step,4,Super Eco,,,,
1788588020777,2026-09-05 14:00:20,1813,30.32,30.341845431377976,45,4,1,Eco/Super Eco,OFF,45,,,45,26,step,4,Super Eco,,,,
1788588021777,2026-09-05 14:00:21,1813,30.32,30.341845431377976,45,4,1,Eco/Super Eco,OFF,45,,,45,26,step,4,Super Eco,,,,
1788588022778,2026-09-05 14:00:22,1813,30.32,30.341845431377976,45,4,1,Eco/Super Eco,OFF,45,,,45,26,step,4,Super Eco,,,,
1788588023780,2026-09-05 14:00:23,1819,30.19,30.341845431377976,45,4,1,Eco/Super Eco,OFF,45,,,45,26,step,4,Super Eco,,,,
1788588024781,2026-09-05 14:00:24,1812,30.34,30.341845431377976,45,4,1,Eco/Super Eco,OFF,45,,,45,26,step,4,Super Eco,,,,
1788588025781,2026-09-05 14:00:25,1810,30.38,30.341845431377976,45,4,1,Eco/Super Eco,OFF,45,,,45,26,step,4,Super Eco,,,,
1788588026782,2026-09-05 14:00:26,1812,30.34,30.341845431377976,45,4,1,Eco/Super Eco,OFF,45,,,45,26,step,4,Super Eco,,,,
1788588027784,2026-09-05 14:00:27,1810,30.38,30.341845431377976,45,4,1,Eco/Super Eco,OFF,45,,,45,26,step,4,Super Eco,,,,
1788588028784,2026-09-05 14:00:28,1811,30.36,30.341845431377976,45,4,1,Eco/Super Eco,OFF,45,,,45,26,step,4,Super Eco,,,,
1788588029784,2026-09-05 14:00:29,1813,30.32,30.341845431377976,45,4,1,Eco/Super Eco,OFF,45,,,45,26,step,4,Super Eco,,,,
1788588030785,2026-09-05 14:00:30,1814,30.30,30.341845431377976,45,4,1,Eco/Super Eco,OFF,45,,,45,26,step,4,Super Eco,,,,
1788588031785,2026-09-05 14:00:31,1810,30.38,30.341845431377976,45,4,1,Eco/Super Eco,OFF,45,,,45,26,step,4,Super Eco,,,,
1788588032786,2026-09-05 14:00:32,1814,30.30,30.341845431377976,45,4,1,Eco/Super Eco,OFF,45,,,45,26,step,4,Super Eco,,,,
1788588033787,2026-09-05 14:00:33,1812,30.34,30.278628931378023,45,4,1,Eco/Super Eco,OFF,45,,,45,26,step,4,Super Eco,,,,
1788588034789,2026-09-05 14:00:34,1810,30.38,30.278628931378023,45,4,1,Eco/Super Eco,OFF,45,,,45,26,step,4,Super Eco,,,,
1788588035790,2026-09-05 14:00:35,1811,30.36,30.278628931378023,45,4,1,Eco/Super Eco,OFF,45,,,45,26,step,4,Super Eco,,,,
1788588036791,2026-09-05 14:00:36,1813,30.32,30.278628931378023,45,4,1,Eco/Super Eco,OFF,45,,,45,26,step,4,Super Eco,,,,
1788588037792,2026-09-05 14:00:37,1810,30.38,30.278628931378023,45,4,1,Eco/Super Eco,OFF,45,,,45,26,step,4,Super Eco,,,,
1788588038794,2026-09-05 14:00:38,1811,30.36,30.278628931378023,45,4,1,Eco/Super Eco,OFF,45,,,45,26,step,4,Super Eco,,,,
1788588039795,2026-09-05 14:00:39,1811,30.36,30.278628931378023,45,4,1,Eco/Super Eco,OFF,45,,,45,26,step,4,Super Eco,,,,
1788588040796,2026-09-05 14:00:40,1810,30.38,30.278628931378023,45,4,1,Eco/Super Eco,OFF,45,,,45,26,step,4,Super Eco,,,,
1788588041798,2026-09-05 14:00:41,1811,30.36,30.278628931378023,45,4,1,Eco/Super Eco,OFF,45,,,45,26,step,4,Super Eco,,,,
1788588042798,2026-09-05 14:00:42,1810,30.38,30.278628931378023,45,4,1,Eco/Super Eco,OFF,45,,,45,26,step,4,Super Eco,,,,
1788588043800,2026-09-05 14:00:43,1809,30.41,30.278628931378023,45,4,1,Eco/Super Eco,OFF,45,,,45,26,step,4,Super Eco,,,,
1788588044801,2026-09-05 14:00:44,1810,30.38,30.278628931378023,45,4,1,Eco/Super Eco,OFF,45,,,45,26,step,4,Super Eco,,,,
1788588045801,2026-09-05 14:00:45,1810,30.38,30.278628931378023,45,4,1,Eco/Super Eco,OFF,45,,,45,26,step,4,Super Eco,,,,
1788588046802,2026-09-05 14:00:46,1808,30.43,30.278628931378023,45,4,1,Eco/Super Eco,OFF,45,,,45,26,step,4,Super Eco,,,,
1788588047803,2026-09-05 14:00:47,1809,30.41,30.278628931378023,45,4,1,Eco/Super Eco,OFF,45,,,45,26,step,4,Super Eco,,,,
1788588048805,2026-09-05 14:00:48,1811,30.36,30.3840164108542,45,4,1,Eco/Super Eco,OFF,45,,,45,26,step,4,Super Eco,,,,
1788588049805,2026-09-05 14:00:49,1812,30.34,30.3840164108542,45,4,1,Eco/Super Eco,OFF,45,,,45,26,step,4,Super Eco,,,,
1788588050805,2026-09-05 14:00:50,1802,30.55,30.3840164108542,45,4,1,Eco/Super Eco,OFF,45,,,45,26,step,4,Super Eco,,,,
1788588051808,2026-09-05 14:00:51,1811,30.36,30.3840164108542,45,4,1,Eco/Super Eco,OFF,45,,,45,26,step,4,Super Eco,,,,
1788588052812,2026-09-05 14:00:52,1811,30.36,30.3840164108542,45,4,1,Eco/Super Eco,OFF,45,,,45,26,step,4,Super Eco,,,,
1788588053813,2026-09-05 14:00:53,1807,30.45,30.3840164108542,45,4,1,Eco/Super Eco,OFF,45,,,45,26,step,4,Super Eco,,,,
1788588054813,2026-09-05 14:00:54,1809,30.41,30.3840164108542,45,4,1,Eco/Super Eco,OFF,45,,,45,26,step,4,Super Eco,,,,
1788588055814,2026-09-05 14:00:55,1809,30.41,30.3840164108542,45,4,1,Eco/Super Eco,OFF,45,,,45,26,step,4,Super Eco,,,,
1788588056815,2026-09-05 14:00:56,1809,30.41,30.3840164108542,45,4,1,Eco/Super Eco,OFF,45,,,45,26,step,4,Super Eco,,,,
1788588057816,2026-09-05 14:00:57,1806,30.47,30.3840164108542,45,4,1,Eco/Super Eco,OFF,45,,,45,26,step,4,Super Eco,,,,
1788588058816,2026-09-05 14:00:58,1807,30.45,30.3840164108542,45,4,1,Eco/Super Eco,OFF,45,,,45,26,step,4,Super Eco,,,,
1788588059816,2026-09-05 14:00:59,1809,30.41,30.3840164108542,45,4,1,Eco/Super Eco,OFF,45,,,45,26,step,4,Super Eco,,,,
1788588060817,2026-09-05 14:01:00,1807,30.45,30.3840164108542,45,4,1,Eco/Super Eco,OFF,45,,,45,26,step,4,Super Eco,,,,
1788588061818,2026-09-05 14:01:01,1810,30.38,30.3840164108542,45,4,1,Eco/Super Eco,OFF,45,,,45,26,step,4,Super Eco,,,,
1788588062819,2026-09-05 14:01:02,1808,30.43,30.3840164108542,45,4,1,Eco/Super Eco,OFF,45,,,45,26,step,4,Super Eco,,,,
1788588063820,2026-09-05 14:01:03,1809,30.41,30.3840164108542,45,4,1,Eco/Super Eco,OFF,45,,,45,26,step,4,Super Eco,,,,
1788588064822,2026-09-05 14:01:04,1809,30.41,30.3840164108542,45,4,1,Eco/Super Eco,OFF,45,,,45,26,step,4,Super Eco,,,,
1788588065823,2026-09-05 14:01:05,1811,30.36,30.3840164108542,45,4,1,Eco/Super Eco,OFF,45,,,45,26,step,4,Super Eco,,,,
1788588066824,2026-09-05 14:01:06,1808,30.43,30.3840164108542,45,4,1,Eco/Super Eco,OFF,45,,,45,26,step,4,Super Eco,,,,
1788588067826,2026-09-05 14:01:07,1808,30.43,30.3840164108542,45,4,1,Eco/Super Eco,OFF,45,,,45,26,step,4,Super Eco,,,,
1788588068826,2026-09-05 14:01:08,1811,30.36,30.3840164108542,45,4,1,Eco/Super Eco,OFF,45,,,45,26,step,4,Super Eco,,,,
1788588069828,2026-09-05 14:01:09,1808,30.43,30.3840164108542,45,4,1,Eco/Super Eco,OFF,45,,,45,26,step,4,Super Eco,,,,
1788588070828,2026-09-05 14:01:10,1811,30.36,30.3840164108542,45,4,1,Eco/Super Eco,OFF,45,,,45,26,step,4,Super Eco,,,,
1788588071828,2026-09-05 14:01:11,1809,30.41,30.3840164108542,45,4,1,Eco/Super Eco,OFF,45,,,45,26,step,4,Super Eco,,,,
1788588072830,2026-09-05 14:01:12,1809,30.41,30.3840164108542,45,4,1,Eco/Super Eco,OFF,45,,,45,26,step,4,Super Eco,,,,
1788588073831,2026-09-05 14:01:13,1810,30.38,30.3840164108542,45,4,1,Eco/Super Eco,OFF,45,,,45,26,step,4,Super Eco,,,,
1788588074833,2026-09-05 14:01:14,1806,30.47,30.3840164108542,45,4,1,Eco/Super Eco,OFF,45,,,45,26,step,4,Super Eco,,,,
1788588075834,2026-09-05 14:01:15,1806,30.47,30.3840164108542,45,4,1,Eco/Super Eco,OFF,45,,,45,26,step,4,Super Eco,,,,
1788588076834,2026-09-05 14:01:16,1808,30.43,30.3840164108542,45,4,1,Eco/Super Eco,OFF,45,,,45,26,step,4,Super Eco,,,,
1788588077835,2026-09-05 14:01:17,1809,30.41,30.3840164108542,45,4,1,Eco/Super Eco,OFF,45,,,45,26,step,4,Super Eco,,,,
1788588078837,2026-09-05 14:01:18,1807,30.45,30.405109931512584,45,4,1,Eco/Super Eco,OFF,45,,,45,26,step,4,Super Eco,,,,
1788588079838,2026-09-05 14:01:19,1807,30.45,30.405109931512584,45,4,1,Eco/Super Eco,OFF,45,,,45,26,step,4,Super Eco,,,,
1788588080838,2026-09-05 14:01:20,1806,30.47,30.405109931512584,45,4,1,Eco/Super Eco,OFF,45,,,45,26,step,4,Super Eco,,,,
1788588081839,2026-09-05 14:01:21,1808,30.43,30.405109931512584,45,4,1,Eco/Super Eco,OFF,45,,,45,26,step,4,Super Eco,,,,
1788588082841,2026-09-05 14:01:22,1810,30.38,30.405109931512584,45,4,1,Eco/Super Eco,OFF,45,,,45,26,step,4,Super Eco,,,,
1788588083842,2026-09-05 14:01:23,1809,30.41,30.405109931512584,45,4,1,Eco/Super Eco,OFF,45,,,45,26,step,4,Super Eco,,,,
1788588084842,2026-09-05 14:01:24,1807,30.45,30.405109931512584,45,4,1,Eco/Super Eco,OFF,45,,,45,26,step,4,Super Eco,,,,
1788588085844,2026-09-05 14:01:25,1805,30.49,30.405109931512584,45,4,1,Eco/Super Eco,OFF,45,,,45,26,step,4,Super Eco,,,,
1788588086845,2026-09-05 14:01:26,1806,30.47,30.405109931512584,45,4,1,Eco/Super Eco,OFF,45,,,45,26,step,4,Super Eco,,,,
1788588087846,2026-09-05 14:01:27,1809,30.41,30.405109931512584,45,4,1,Eco/Super Eco,OFF,45,,,45,26,step,4,Super Eco,,,,
1788588088847,2026-09-05 14:01:28,1806,30.47,30.405109931512584,45,4,1,Eco/Super Eco,OFF,45,,,45,26,step,4,Super Eco,,,,
1788588089847,2026-09-05 14:01:29,1805,30.49,30.405109931512584,45,4,1,Eco/Super Eco,OFF,45,,,45,26,step,4,Super Eco,,,,
1788588090849,2026-09-05 14:01:30,1809,30.41,30.405109931512584,45,4,1,Eco/Super Eco,OFF,45,,,45,26,step,4,Super Eco,,,,
1788588091851,2026-09-05 14:01:31,1805,30.49,30.405109931512584,45,4,1,Eco/Super Eco,OFF,45,,,45,26,step,4,Super Eco,,,,
1788588092853,2026-09-05 14:01:32,1806,30.47,30.405109931512584,45,4,1,Eco/Super Eco,OFF,45,,,45,26,step,4,Super Eco,,,,
1788588093854,2026-09-05 14:01:33,1808,30.43,30.405109931512584,45,4,1,Eco/Super Eco,OFF,45,,,45,26,step,4,Super Eco,,,,
1788588094856,2026-09-05 14:01:34,1807,30.45,30.405109931512584,45,4,1,Eco/Super Eco,OFF,45,,,45,26,step,4,Super Eco,,,,
1788588095857,2026-09-05 14:01:35,1805,30.49,30.405109931512584,45,4,1,Eco/Super Eco,OFF,45,,,45,26,step,4,Super Eco,,,,
1788588096857,2026-09-05 14:01:36,1810,30.38,30.405109931512584,45,4,1,Eco/Super Eco,OFF,45,,,45,26,step,4,Super Eco,,,,
1788588097857,2026-09-05 14:01:37,1808,30.43,30.405109931512584,45,4,1,Eco/Super Eco,OFF,45,,,45,26,step,4,Super Eco,,,,
1788588098858,2026-09-05 14:01:38,1805,30.49,30.405109931512584,45,4,1,Eco/Super Eco,OFF,45,,,45,26,step,4,Super Eco,,,,
1788588099859,2026-09-05 14:01:39,1806,30.47,30.405109931512584,45,4,1,Eco/Super Eco,OFF,45,,,45,26,step,4,Super Eco,,,,
1788588100860,2026-09-05 14:01:40,1806,30.47,30.405109931512584,45,4,1,Eco/Super Eco,OFF,45,,,45,26,step,4,Super Eco,,,,
1788588101862,2026-09-05 14:01:41,1807,30.45,30.405109931512584,45,4,1,Eco/Super Eco,OFF,45,,,45,26,step,4,Super Eco,,,,
1788588102863,2026-09-05 14:01:42,1806,30.47,30.405109931512584,45,4,1,Eco/Super Eco,OFF,45,,,45,26,step,4,Super Eco,,,,
1788588103863,2026-09-05 14:01:43,1805,30.49,30.405109931512584,45,4,1,Eco/Super Eco,OFF,45,,,45,26,step,4,Super Eco,,,,
1788588104865,2026-09-05 14:01:44,1809,30.41,30.405109931512584,45,4,1,Eco/Super Eco,OFF,45,,,45,26,step,4,Super Eco,,,,
1788588105865,2026-09-05 14:01:45,1804,30.51,30.405109931512584,45,4,1,Eco/Super Eco,OFF,45,,,45,26,step,4,Super Eco,,,,
1788588106865,2026-09-05 14:01:46,1808,30.43,30.405109931512584,45,4,1,Eco/Super Eco,OFF,45,,,45,26,step,4,Super Eco,,,,
1788588107866,2026-09-05 14:01:47,1795,30.70,30.405109931512584,45,4,1,Eco/Super Eco,OFF,45,,,45,26,step,4,Super Eco,,,,
1788588108866,2026-09-05 14:01:48,1805,30.49,30.510658339904126,45,4,1,Eco/Super Eco,OFF,45,,,45,26,step,4,Super Eco,,,,
1788588109867,2026-09-05 14:01:49,1804,30.51,30.510658339904126,45,4,1,Eco/Super Eco,OFF,45,,,45,26,step,4,Super Eco,,,,
1788588110869,2026-09-05 14:01:50,1805,30.49,30.510658339904126,45,4,1,Eco/Super Eco,OFF,45,,,45,26,step,4,Super Eco,,,,
1788588111869,2026-09-05 14:01:51,1805,30.49,30.510658339904126,45,4,1,Eco/Super Eco,OFF,45,,,45,26,step,4,Super Eco,,,,
1788588112869,2026-09-05 14:01:52,1806,30.47,30.510658339904126,45,4,1,Eco/Super Eco,OFF,45,,,45,26,step,4,Super Eco,,,,
1788588113870,2026-09-05 14:01:53,1809,30.41,30.510658339904126,45,4,1,Eco/Super Eco,OFF,45,,,45,26,step,4,Super Eco,,,,
1788588114870,2026-09-05 14:01:54,1805,30.49,30.510658339904126,45,4,1,Eco/Super Eco,OFF,45,,,45,26,step,4,Super Eco,,,,
1788588115871,2026-09-05 14:01:55,1807,30.45,30.510658339904126,45,4,1,Eco/Super Eco,OFF,45,,,45,26,step,4,Super Eco,,,,
1788588116872,2026-09-05 14:01:56,1805,30.49,30.510658339904126,45,4,1,Eco/Super Eco,OFF,45,,,45,26,step,4,Super Eco,,,,
1788588117872,2026-09-05 14:01:57,1803,30.53,30.510658339904126,45,4,1,Eco/Super Eco,OFF,45,,,45,26,step,4,Super Eco,,,,
1788588118874,2026-09-05 14:01:58,1805,30.49,30.510658339904126,45,4,1,Eco/Super Eco,OFF,45,,,45,26,step,4,Super Eco,,,,
1788588119874,2026-09-05 14:01:59,1805,30.49,30.510658339904126,45,4,1,Eco/Super Eco,OFF,45,,,45,26,step,4,Super Eco,,,,
1788588120875,2026-09-05 14:02:00,1803,30.53,30.510658339904126,45,4,1,Eco/Super Eco,OFF,45,,,45,26,step,4,Super Eco,,,,
1788588121876,2026-09-05 14:02:01,1806,30.47,30.510658339904126,45,4,1,Eco/Super Eco,OFF,45,,,45,26,step,4,Super Eco,,,,
1788588122878,2026-09-05 14:02:02,1805,30.49,30.510658339904126,45,4,1,Eco/Super Eco,OFF,45,,,45,26,step,4,Super Eco,,,,
1788588123878,2026-09-05 14:02:03,1806,30.47,30.510658339904126,45,4,1,Eco/Super Eco,OFF,45,,,45,26,step,4,Super Eco,,,,
1788588124878,2026-09-05 14:02:04,1810,30.38,30.510658339904126,45,4,1,Eco/Super Eco,OFF,45,,,45,26,step,4,Super Eco,,,,
1788588125879,2026-09-05 14:02:05,1806,30.47,30.510658339904126,45,4,1,Eco/Super Eco,OFF,45,,,45,26,step,4,Super Eco,,,,
1788588126880,2026-09-05 14:02:06,1805,30.49,30.510658339904126,45,4,1,Eco/Super Eco,OFF,45,,,45,26,step,4,Super Eco,,,,
1788588127881,2026-09-05 14:02:07,1806,30.47,30.510658339904126,45,4,1,Eco/Super Eco,OFF,45,,,45,26,step,4,Super Eco,,,,
1788588128882,2026-09-05 14:02:08,1803,30.53,30.510658339904126,45,4,1,Eco/Super Eco,OFF,45,,,45,26,step,4,Super Eco,,,,
1788588129883,2026-09-05 14:02:09,1804,30.51,30.510658339904126,45,4,1,Eco/Super Eco,OFF,45,,,45,26,step,4,Super Eco,,,,
1788588130885,2026-09-05 14:02:10,1803,30.53,30.510658339904126,45,4,1,Eco/Super Eco,OFF,45,,,45,26,step,4,Super Eco,,,,
1788588131887,2026-09-05 14:02:11,1805,30.49,30.510658339904126,45,4,1,Eco/Super Eco,OFF,45,,,45,26,step,4,Super Eco,,,,
1788588132887,2026-09-05 14:02:12,1805,30.49,30.510658339904126,45,4,1,Eco/Super Eco,OFF,45,,,45,26,step,4,Super Eco,,,,
1788588133889,2026-09-05 14:02:13,1804,30.51,30.510658339904126,45,4,1,Eco/Super Eco,OFF,45,,,45,26,step,4,Super Eco,,,,
1788588134890,2026-09-05 14:02:14,1807,30.45,30.510658339904126,45,4,1,Eco/Super Eco,OFF,45,,,45,26,step,4,Super Eco,,,,
1788588135891,2026-09-05 14:02:15,1806,30.47,30.510658339904126,45,4,1,Eco/Super Eco,OFF,45,,,45,26,step,4,Super Eco,,,,
1788588136891,2026-09-05 14:02:16,1805,30.49,30.510658339904126,45,4,1,Eco/Super Eco,OFF,45,,,45,26,step,4,Super Eco,,,,
1788588137893,2026-09-05 14:02:17,1802,30.55,30.510658339904126,45,4,1,Eco/Super Eco,OFF,45,,,45,26,step,4,Super Eco,,,,
1788588138893,2026-09-05 14:02:18,1803,30.53,30.489537842806158,45,4,1,Eco/Super Eco,OFF,45,,,45,26,step,4,Super Eco,,,,
1788588139896,2026-09-05 14:02:19,1805,30.49,30.489537842806158,45,4,1,Eco/Super Eco,OFF,45,,,45,26,step,4,Super Eco,,,,
1788588140896,2026-09-05 14:02:20,1804,30.51,30.489537842806158,45,4,1,Eco/Super Eco,OFF,45,,,45,26,step,4,Super Eco,,,,
1788588141898,2026-09-05 14:02:21,1806,30.47,30.489537842806158,45,4,1,Eco/Super Eco,OFF,45,,,45,26,step,4,Super Eco,,,,
1788588142899,2026-09-05 14:02:22,1803,30.53,30.489537842806158,45,4,1,Eco/Super Eco,OFF,45,,,45,26,step,4,Super Eco,,,,
1788588143899,2026-09-05 14:02:23,1806,30.47,30.489537842806158,45,4,1,Eco/Super Eco,OFF,45,,,45,26,step,4,Super Eco,,,,
1788588144901,2026-09-05 14:02:24,1806,30.47,30.489537842806158,45,4,1,Eco/Super Eco,OFF,45,,,45,26,step,4,Super Eco,,,,
1788588145901,2026-09-05 14:02:25,1803,30.53,30.489537842806158,45,4,1,Eco/Super Eco,OFF,45,,,45,26,step,4,Super Eco,,,,
1788588146902,2026-09-05 14:02:26,1803,30.53,30.489537842806158,45,4,1,Eco/Super Eco,OFF,45,,,45,26,step,4,Super Eco,,,,
1788588147904,2026-09-05 14:02:27,1804,30.51,30.489537842806158,45,4,1,Eco/Super Eco,OFF,45,,,45,26,step,4,Super Eco,,,,
1788588148904,2026-09-05 14:02:28,1803,30.53,30.489537842806158,45,4,1,Eco/Super Eco,OFF,45,,,45,26,step,4,Super Eco,,,,
1788588149905,2026-09-05 14:02:29,1806,30.47,30.489537842806158,45,4,1,Eco/Super Eco,OFF,45,,,45,26,step,4,Super Eco,,,,
1788588150906,2026-09-05 14:02:30,1804,30.51,30.489537842806158,45,4,1,Eco/Super Eco,OFF,45,,,45,26,step,4,Super Eco,,,,
1788588151906,2026-09-05 14:02:31,1803,30.53,30.489537842806158,45,4,1,Eco/Super Eco,OFF,45,,,45,26,step,4,Super Eco,,,,
1788588152907,2026-09-05 14:02:32,1805,30.49,30.489537842806158,45,4,1,Eco/Super Eco,OFF,45,,,45,26,step,4,Super Eco,,,,
1788588153909,2026-09-05 14:02:33,1799,30.62,30.531784269604998,45,4,1,Eco/Super Eco,OFF,45,,,45,26,step,4,Super Eco,,,,
1788588154910,2026-09-05 14:02:34,1803,30.53,30.531784269604998,45,4,1,Eco/Super Eco,OFF,45,,,45,26,step,4,Super Eco,,,,
1788588155912,2026-09-05 14:02:35,1804,30.51,30.531784269604998,45,4,1,Eco/Super Eco,OFF,45,,,45,26,step,4,Super Eco,,,,
1788588156914,2026-09-05 14:02:36,1803,30.53,30.531784269604998,45,4,1,Eco/Super Eco,OFF,45,,,45,26,step,4,Super Eco,,,,
1788588157914,2026-09-05 14:02:37,1803,30.53,30.531784269604998,45,4,1,Eco/Super Eco,OFF,45,,,45,26,step,4,Super Eco,,,,
1788588158915,2026-09-05 14:02:38,1804,30.51,30.531784269604998,45,4,1,Eco/Super Eco,OFF,45,,,45,26,step,4,Super Eco,,,,
1788588159916,2026-09-05 14:02:39,1802,30.55,30.531784269604998,45,4,1,Eco/Super Eco,OFF,45,,,45,26,step,4,Super Eco,,,,
1788588160918,2026-09-05 14:02:40,1802,30.55,30.531784269604998,45,4,1,Eco/Super Eco,OFF,45,,,45,26,step,4,Super Eco,,,,
1788588161918,2026-09-05 14:02:41,1805,30.49,30.531784269604998,45,4,1,Eco/Super Eco,OFF,45,,,45,26,step,4,Super Eco,,,,
1788588162919,2026-09-05 14:02:42,1802,30.55,30.531784269604998,45,4,1,Eco/Super Eco,OFF,45,,,45,26,step,4,Super Eco,,,,
1788588163920,2026-09-05 14:02:43,1803,30.53,30.531784269604998,45,4,1,Eco/Super Eco,OFF,45,,,45,26,step,4,Super Eco,,,,
1788588164921,2026-09-05 14:02:44,1805,30.49,30.531784269604998,45,4,1,Eco/Super Eco,OFF,45,,,45,26,step,4,Super Eco,,,,
1788588165923,2026-09-05 14:02:45,1802,30.55,30.531784269604998,45,4,1,Eco/Super Eco,OFF,45,,,45,26,step,4,Super Eco,,,,
1788588166923,2026-09-05 14:02:46,1803,30.53,30.531784269604998,45,4,1,Eco/Super Eco,OFF,45,,,45,26,step,4,Super Eco,,,,
1788588167924,2026-09-05 14:02:47,1801,30.57,30.531784269604998,45,4,1,Eco/Super Eco,OFF,45,,,45,26,step,4,Super Eco,,,,
1788588168926,2026-09-05 14:02:48,1804,30.51,30.531784269604998,45,4,1,Eco/Super Eco,OFF,45,,,45,26,step,4,Super Eco,,,,
1788588169927,2026-09-05 14:02:49,1803,30.53,30.531784269604998,45,4,1,Eco/Super Eco,OFF,45,,,45,26,step,4,Super Eco,,,,
1788588170927,2026-09-05 14:02:50,1803,30.53,30.531784269604998,45,4,1,Eco/Super Eco,OFF,45,,,45,26,step,4,Super Eco,,,,
1788588171929,2026-09-05 14:02:51,1806,30.47,30.531784269604998,45,4,1,Eco/Super Eco,OFF,45,,,45,26,step,4,Super Eco,,,,
1788588172930,2026-09-05 14:02:52,1804,30.51,30.531784269604998,45,4,1,Eco/Super Eco,OFF,45,,,45,26,step,4,Super Eco,,,,
1788588173930,2026-09-05 14:02:53,1803,30.53,30.531784269604998,45,4,1,Eco/Super Eco,OFF,40,40,DLPC temp UNAVAILABLE,40,27,step,4,Super Eco,step_end:settled;step_start duty=40 mode=Super Eco;dlpc_unavailable,,,unavailable
1788588174931,2026-09-05 14:02:54,1803,30.53,30.531784269604998,40,4,1,Eco/Super Eco,OFF,40,,,40,27,step,4,Super Eco,,,,
1788588175932,2026-09-05 14:02:55,1803,30.53,30.531784269604998,40,4,1,Eco/Super Eco,OFF,40,,,40,27,step,4,Super Eco,,,,
1788588176933,2026-09-05 14:02:56,1804,30.51,30.531784269604998,40,4,1,Eco/Super Eco,OFF,40,,,40,27,step,4,Super Eco,,,,
1788588177934,2026-09-05 14:02:57,1802,30.55,30.531784269604998,40,4,1,Eco/Super Eco,OFF,40,,,40,27,step,4,Super Eco,,,,
1788588178934,2026-09-05 14:02:58,1803,30.53,30.531784269604998,40,4,1,Eco/Super Eco,OFF,40,,,40,27,step,4,Super Eco,,,,
1788588179936,2026-09-05 14:02:59,1803,30.53,30.531784269604998,40,4,1,Eco/Super Eco,OFF,40,,,40,27,step,4,Super Eco,,,,
1788588180937,2026-09-05 14:03:00,1803,30.53,30.531784269604998,40,4,1,Eco/Super Eco,OFF,40,,,40,27,step,4,Super Eco,,,,
1788588181938,2026-09-05 14:03:01,1802,30.55,30.531784269604998,40,4,1,Eco/Super Eco,OFF,40,,,40,27,step,4,Super Eco,,,,
1788588182938,2026-09-05 14:03:02,1802,30.55,30.531784269604998,40,4,1,Eco/Super Eco,OFF,40,,,40,27,step,4,Super Eco,,,,
1788588183940,2026-09-05 14:03:03,1803,30.53,30.552915644380278,40,4,1,Eco/Super Eco,OFF,40,,,40,27,step,4,Super Eco,,,,
1788588184940,2026-09-05 14:03:04,1803,30.53,30.552915644380278,40,4,1,Eco/Super Eco,OFF,40,,,40,27,step,4,Super Eco,,,,
1788588185942,2026-09-05 14:03:05,1801,30.57,30.552915644380278,40,4,1,Eco/Super Eco,OFF,40,,,40,27,step,4,Super Eco,,,,
1788588186943,2026-09-05 14:03:06,1802,30.55,30.552915644380278,40,4,1,Eco/Super Eco,OFF,40,,,40,27,step,4,Super Eco,,,,
1788588187943,2026-09-05 14:03:07,1802,30.55,30.552915644380278,40,4,1,Eco/Super Eco,OFF,40,,,40,27,step,4,Super Eco,,,,
1788588188944,2026-09-05 14:03:08,1798,30.64,30.552915644380278,40,4,1,Eco/Super Eco,OFF,40,,,40,27,step,4,Super Eco,,,,
1788588189946,2026-09-05 14:03:09,1801,30.57,30.552915644380278,40,4,1,Eco/Super Eco,OFF,40,,,40,27,step,4,Super Eco,,,,
1788588190947,2026-09-05 14:03:10,1799,30.62,30.552915644380278,40,4,1,Eco/Super Eco,OFF,40,,,40,27,step,4,Super Eco,,,,
1788588191947,2026-09-05 14:03:11,1810,30.38,30.552915644380278,40,4,1,Eco/Super Eco,OFF,40,,,40,27,step,4,Super Eco,,,,
1788588192949,2026-09-05 14:03:12,1800,30.60,30.552915644380278,40,4,1,Eco/Super Eco,OFF,40,,,40,27,step,4,Super Eco,,,,
1788588193951,2026-09-05 14:03:13,1803,30.53,30.552915644380278,40,4,1,Eco/Super Eco,OFF,40,,,40,27,step,4,Super Eco,,,,
1788588194951,2026-09-05 14:03:14,1802,30.55,30.552915644380278,40,4,1,Eco/Super Eco,OFF,40,,,40,27,step,4,Super Eco,,,,
1788588195953,2026-09-05 14:03:15,1800,30.60,30.552915644380278,40,4,1,Eco/Super Eco,OFF,40,,,40,27,step,4,Super Eco,,,,
1788588196953,2026-09-05 14:03:16,1799,30.62,30.552915644380278,40,4,1,Eco/Super Eco,OFF,40,,,40,27,step,4,Super Eco,,,,
1788588197954,2026-09-05 14:03:17,1799,30.62,30.552915644380278,40,4,1,Eco/Super Eco,OFF,40,,,40,27,step,4,Super Eco,,,,
1788588198956,2026-09-05 14:03:18,1802,30.55,30.5951947791105,40,4,1,Eco/Super Eco,OFF,40,,,40,27,step,4,Super Eco,,,,
1788588199958,2026-09-05 14:03:19,1798,30.64,30.5951947791105,40,4,1,Eco/Super Eco,OFF,40,,,40,27,step,4,Super Eco,,,,
1788588200959,2026-09-05 14:03:20,1801,30.57,30.5951947791105,40,4,1,Eco/Super Eco,OFF,40,,,40,27,step,4,Super Eco,,,,
1788588201959,2026-09-05 14:03:21,1800,30.60,30.5951947791105,40,4,1,Eco/Super Eco,OFF,40,,,40,27,step,4,Super Eco,,,,
1788588202961,2026-09-05 14:03:22,1799,30.62,30.5951947791105,40,4,1,Eco/Super Eco,OFF,40,,,40,27,step,4,Super Eco,,,,
1788588203962,2026-09-05 14:03:23,1798,30.64,30.5951947791105,40,4,1,Eco/Super Eco,OFF,40,,,40,27,step,4,Super Eco,,,,
1788588204963,2026-09-05 14:03:24,1800,30.60,30.5951947791105,40,4,1,Eco/Super Eco,OFF,40,,,40,27,step,4,Super Eco,,,,
1788588205964,2026-09-05 14:03:25,1798,30.64,30.5951947791105,40,4,1,Eco/Super Eco,OFF,40,,,40,27,step,4,Super Eco,,,,
1788588206966,2026-09-05 14:03:26,1799,30.62,30.5951947791105,40,4,1,Eco/Super Eco,OFF,40,,,40,27,step,4,Super Eco,,,,
1788588207967,2026-09-05 14:03:27,1796,30.68,30.5951947791105,40,4,1,Eco/Super Eco,OFF,40,,,40,27,step,4,Super Eco,,,,
1788588208967,2026-09-05 14:03:28,1798,30.64,30.5951947791105,40,4,1,Eco/Super Eco,OFF,40,,,40,27,step,4,Super Eco,,,,
1788588209969,2026-09-05 14:03:29,1798,30.64,30.5951947791105,40,4,1,Eco/Super Eco,OFF,40,,,40,27,step,4,Super Eco,,,,
1788588210970,2026-09-05 14:03:30,1798,30.64,30.5951947791105,40,4,1,Eco/Super Eco,OFF,40,,,40,27,step,4,Super Eco,,,,
1788588211970,2026-09-05 14:03:31,1799,30.62,30.5951947791105,40,4,1,Eco/Super Eco,OFF,40,,,40,27,step,4,Super Eco,,,,
1788588212970,2026-09-05 14:03:32,1796,30.68,30.5951947791105,40,4,1,Eco/Super Eco,OFF,40,,,40,27,step,4,Super Eco,,,,
1788588213970,2026-09-05 14:03:33,1796,30.68,30.65865463186816,40,4,1,Eco/Super Eco,OFF,40,,,40,27,step,4,Super Eco,,,,
1788588214970,2026-09-05 14:03:34,1796,30.68,30.65865463186816,40,4,1,Eco/Super Eco,OFF,40,,,40,27,step,4,Super Eco,,,,
1788588215971,2026-09-05 14:03:35,1797,30.66,30.65865463186816,40,4,1,Eco/Super Eco,OFF,40,,,40,27,step,4,Super Eco,,,,
1788588216972,2026-09-05 14:03:36,1799,30.62,30.65865463186816,40,4,1,Eco/Super Eco,OFF,40,,,40,27,step,4,Super Eco,,,,
1788588217974,2026-09-05 14:03:37,1798,30.64,30.65865463186816,40,4,1,Eco/Super Eco,OFF,40,,,40,27,step,4,Super Eco,,,,
1788588218974,2026-09-05 14:03:38,1797,30.66,30.65865463186816,40,4,1,Eco/Super Eco,OFF,40,,,40,27,step,4,Super Eco,,,,
1788588219976,2026-09-05 14:03:39,1799,30.62,30.65865463186816,40,4,1,Eco/Super Eco,OFF,40,,,40,27,step,4,Super Eco,,,,
1788588220977,2026-09-05 14:03:40,1794,30.72,30.65865463186816,40,4,1,Eco/Super Eco,OFF,40,,,40,27,step,4,Super Eco,,,,
1788588221977,2026-09-05 14:03:41,1797,30.66,30.65865463186816,40,4,1,Eco/Super Eco,OFF,40,,,40,27,step,4,Super Eco,,,,
1788588222978,2026-09-05 14:03:42,1797,30.66,30.65865463186816,40,4,1,Eco/Super Eco,OFF,40,,,40,27,step,4,Super Eco,,,,
1788588223979,2026-09-05 14:03:43,1795,30.70,30.65865463186816,40,4,1,Eco/Super Eco,OFF,40,,,40,27,step,4,Super Eco,,,,
1788588224981,2026-09-05 14:03:44,1797,30.66,30.65865463186816,40,4,1,Eco/Super Eco,OFF,40,,,40,27,step,4,Super Eco,,,,
1788588225982,2026-09-05 14:03:45,1797,30.66,30.65865463186816,40,4,1,Eco/Super Eco,OFF,40,,,40,27,step,4,Super Eco,,,,
1788588226983,2026-09-05 14:03:46,1796,30.68,30.65865463186816,40,4,1,Eco/Super Eco,OFF,40,,,40,27,step,4,Super Eco,,,,
1788588227983,2026-09-05 14:03:47,1796,30.68,30.65865463186816,40,4,1,Eco/Super Eco,OFF,40,,,40,27,step,4,Super Eco,,,,
1788588228985,2026-09-05 14:03:48,1796,30.68,30.849333642158797,40,4,1,Eco/Super Eco,OFF,40,,,40,27,step,4,Super Eco,,,,
1788588229986,2026-09-05 14:03:49,1795,30.70,30.849333642158797,40,4,1,Eco/Super Eco,OFF,40,,,40,27,step,4,Super Eco,,,,
1788588230986,2026-09-05 14:03:50,1791,30.79,30.849333642158797,40,4,1,Eco/Super Eco,OFF,40,,,40,27,step,4,Super Eco,,,,
1788588231987,2026-09-05 14:03:51,1795,30.70,30.849333642158797,40,4,1,Eco/Super Eco,OFF,40,,,40,27,step,4,Super Eco,,,,
1788588232989,2026-09-05 14:03:52,1796,30.68,30.849333642158797,40,4,1,Eco/Super Eco,OFF,40,,,40,27,step,4,Super Eco,,,,
1788588233990,2026-09-05 14:03:53,1795,30.70,30.849333642158797,40,4,1,Eco/Super Eco,OFF,40,,,40,27,step,4,Super Eco,,,,
1788588234991,2026-09-05 14:03:54,1797,30.66,30.849333642158797,40,4,1,Eco/Super Eco,OFF,40,,,40,27,step,4,Super Eco,,,,
1788588235992,2026-09-05 14:03:55,1796,30.68,30.849333642158797,40,4,1,Eco/Super Eco,OFF,40,,,40,27,step,4,Super Eco,,,,
1788588236993,2026-09-05 14:03:56,1795,30.70,30.849333642158797,40,4,1,Eco/Super Eco,OFF,40,,,40,27,step,4,Super Eco,,,,
1788588237994,2026-09-05 14:03:57,1794,30.72,30.849333642158797,40,4,1,Eco/Super Eco,OFF,40,,,40,27,step,4,Super Eco,,,,
1788588238994,2026-09-05 14:03:58,1797,30.66,30.849333642158797,40,4,1,Eco/Super Eco,OFF,40,,,40,27,step,4,Super Eco,,,,
1788588239995,2026-09-05 14:03:59,1796,30.68,30.849333642158797,40,4,1,Eco/Super Eco,OFF,40,,,40,27,step,4,Super Eco,,,,
1788588240996,2026-09-05 14:04:00,1793,30.74,30.849333642158797,40,4,1,Eco/Super Eco,OFF,40,,,40,27,step,4,Super Eco,,,,
1788588241997,2026-09-05 14:04:01,1794,30.72,30.849333642158797,40,4,1,Eco/Super Eco,OFF,40,,,40,27,step,4,Super Eco,,,,
1788588242998,2026-09-05 14:04:02,1797,30.66,30.849333642158797,40,4,1,Eco/Super Eco,OFF,40,,,40,27,step,4,Super Eco,,,,
1788588244004,2026-09-05 14:04:04,1794,30.72,30.65865463186816,40,4,1,Eco/Super Eco,OFF,40,,,40,27,step,4,Super Eco,,,,
1788588245006,2026-09-05 14:04:05,1797,30.66,30.65865463186816,40,4,1,Eco/Super Eco,OFF,40,,,40,27,step,4,Super Eco,,,,
1788588246007,2026-09-05 14:04:06,1795,30.70,30.65865463186816,40,4,1,Eco/Super Eco,OFF,40,,,40,27,step,4,Super Eco,,,,
1788588247007,2026-09-05 14:04:07,1793,30.74,30.65865463186816,40,4,1,Eco/Super Eco,OFF,40,,,40,27,step,4,Super Eco,,,,
1788588248009,2026-09-05 14:04:08,1794,30.72,30.65865463186816,40,4,1,Eco/Super Eco,OFF,40,,,40,27,step,4,Super Eco,,,,
1788588249009,2026-09-05 14:04:09,1791,30.79,30.65865463186816,40,4,1,Eco/Super Eco,OFF,40,,,40,27,step,4,Super Eco,,,,
1788588250011,2026-09-05 14:04:10,1793,30.74,30.65865463186816,40,4,1,Eco/Super Eco,OFF,40,,,40,27,step,4,Super Eco,,,,
1788588251012,2026-09-05 14:04:11,1793,30.74,30.65865463186816,40,4,1,Eco/Super Eco,OFF,40,,,40,27,step,4,Super Eco,,,,
1788588252014,2026-09-05 14:04:12,1793,30.74,30.65865463186816,40,4,1,Eco/Super Eco,OFF,40,,,40,27,step,4,Super Eco,,,,
1788588253014,2026-09-05 14:04:13,1794,30.72,30.65865463186816,40,4,1,Eco/Super Eco,OFF,40,,,40,27,step,4,Super Eco,,,,
1788588254015,2026-09-05 14:04:14,1794,30.72,30.65865463186816,40,4,1,Eco/Super Eco,OFF,40,,,40,27,step,4,Super Eco,,,,
1788588255017,2026-09-05 14:04:15,1790,30.81,30.65865463186816,40,4,1,Eco/Super Eco,OFF,40,,,40,27,step,4,Super Eco,,,,
1788588256018,2026-09-05 14:04:16,1791,30.79,30.65865463186816,40,4,1,Eco/Super Eco,OFF,40,,,40,27,step,4,Super Eco,,,,
1788588257019,2026-09-05 14:04:17,1794,30.72,30.65865463186816,40,4,1,Eco/Super Eco,OFF,40,,,40,27,step,4,Super Eco,,,,
1788588258019,2026-09-05 14:04:18,1790,30.81,30.65865463186816,40,4,1,Eco/Super Eco,OFF,40,,,40,27,step,4,Super Eco,,,,
1788588259021,2026-09-05 14:04:19,1793,30.74,30.70098878048327,40,4,1,Eco/Super Eco,OFF,40,,,40,27,step,4,Super Eco,,,,
1788588260021,2026-09-05 14:04:20,1794,30.72,30.70098878048327,40,4,1,Eco/Super Eco,OFF,40,,,40,27,step,4,Super Eco,,,,
1788588261022,2026-09-05 14:04:21,1790,30.81,30.70098878048327,40,4,1,Eco/Super Eco,OFF,40,,,40,27,step,4,Super Eco,,,,
1788588262023,2026-09-05 14:04:22,1791,30.79,30.70098878048327,40,4,1,Eco/Super Eco,OFF,40,,,40,27,step,4,Super Eco,,,,
1788588263023,2026-09-05 14:04:23,1794,30.72,30.70098878048327,40,4,1,Eco/Super Eco,OFF,40,,,40,27,step,4,Super Eco,,,,
1788588264024,2026-09-05 14:04:24,1795,30.70,30.70098878048327,40,4,1,Eco/Super Eco,OFF,40,,,40,27,step,4,Super Eco,,,,
1788588265026,2026-09-05 14:04:25,1790,30.81,30.70098878048327,40,4,1,Eco/Super Eco,OFF,40,,,40,27,step,4,Super Eco,,,,
1788588266027,2026-09-05 14:04:26,1791,30.79,30.70098878048327,40,4,1,Eco/Super Eco,OFF,40,,,40,27,step,4,Super Eco,,,,
1788588267027,2026-09-05 14:04:27,1801,30.57,30.70098878048327,40,4,1,Eco/Super Eco,OFF,40,,,40,27,step,4,Super Eco,,,,
1788588268029,2026-09-05 14:04:28,1795,30.70,30.70098878048327,40,4,1,Eco/Super Eco,OFF,40,,,40,27,step,4,Super Eco,,,,
1788588269030,2026-09-05 14:04:29,1793,30.74,30.70098878048327,40,4,1,Eco/Super Eco,OFF,40,,,40,27,step,4,Super Eco,,,,
1788588270031,2026-09-05 14:04:30,1793,30.74,30.70098878048327,40,4,1,Eco/Super Eco,OFF,40,,,40,27,step,4,Super Eco,,,,
1788588271031,2026-09-05 14:04:31,1782,30.98,30.70098878048327,40,4,1,Eco/Super Eco,OFF,40,,,40,27,step,4,Super Eco,,,,
1788588272033,2026-09-05 14:04:32,1792,30.76,30.70098878048327,40,4,1,Eco/Super Eco,OFF,40,,,40,27,step,4,Super Eco,,,,
1788588273033,2026-09-05 14:04:33,1791,30.79,30.70098878048327,40,4,1,Eco/Super Eco,OFF,40,,,40,27,step,4,Super Eco,,,,
1788588274034,2026-09-05 14:04:34,1790,30.81,30.806921416622174,40,4,1,Eco/Super Eco,OFF,40,,,40,27,step,4,Super Eco,,,,
1788588275035,2026-09-05 14:04:35,1791,30.79,30.806921416622174,40,4,1,Eco/Super Eco,OFF,40,,,40,27,step,4,Super Eco,,,,
1788588276037,2026-09-05 14:04:36,1792,30.76,30.806921416622174,40,4,1,Eco/Super Eco,OFF,40,,,40,27,step,4,Super Eco,,,,
1788588277039,2026-09-05 14:04:37,1790,30.81,30.806921416622174,40,4,1,Eco/Super Eco,OFF,40,,,40,27,step,4,Super Eco,,,,
1788588278041,2026-09-05 14:04:38,1790,30.81,30.806921416622174,40,4,1,Eco/Super Eco,OFF,40,,,40,27,step,4,Super Eco,,,,
1788588279043,2026-09-05 14:04:39,1790,30.81,30.806921416622174,40,4,1,Eco/Super Eco,OFF,40,,,40,27,step,4,Super Eco,,,,
1788588280043,2026-09-05 14:04:40,1791,30.79,30.806921416622174,40,4,1,Eco/Super Eco,OFF,40,,,40,27,step,4,Super Eco,,,,
1788588281045,2026-09-05 14:04:41,1791,30.79,30.806921416622174,40,4,1,Eco/Super Eco,OFF,40,,,40,27,step,4,Super Eco,,,,
1788588282046,2026-09-05 14:04:42,1789,30.83,30.806921416622174,40,4,1,Eco/Super Eco,OFF,40,,,40,27,step,4,Super Eco,,,,
1788588283047,2026-09-05 14:04:43,1789,30.83,30.806921416622174,40,4,1,Eco/Super Eco,OFF,40,,,40,27,step,4,Super Eco,,,,
1788588284047,2026-09-05 14:04:44,1791,30.79,30.806921416622174,40,4,1,Eco/Super Eco,OFF,40,,,40,27,step,4,Super Eco,,,,
1788588285049,2026-09-05 14:04:45,1793,30.74,30.806921416622174,40,4,1,Eco/Super Eco,OFF,40,,,40,27,step,4,Super Eco,,,,
1788588286050,2026-09-05 14:04:46,1789,30.83,30.806921416622174,40,4,1,Eco/Super Eco,OFF,40,,,40,27,step,4,Super Eco,,,,
1788588287051,2026-09-05 14:04:47,1788,30.85,30.806921416622174,40,4,1,Eco/Super Eco,OFF,40,,,40,27,step,4,Super Eco,,,,
1788588288052,2026-09-05 14:04:48,1788,30.85,30.806921416622174,40,4,1,Eco/Super Eco,OFF,40,,,40,27,step,4,Super Eco,,,,
1788588289054,2026-09-05 14:04:49,1790,30.81,30.806921416622174,40,4,1,Eco/Super Eco,OFF,40,,,40,27,step,4,Super Eco,,,,
1788588290054,2026-09-05 14:04:50,1788,30.85,30.806921416622174,40,4,1,Eco/Super Eco,OFF,40,,,40,27,step,4,Super Eco,,,,
1788588291056,2026-09-05 14:04:51,1790,30.81,30.806921416622174,40,4,1,Eco/Super Eco,OFF,40,,,40,27,step,4,Super Eco,,,,
1788588292058,2026-09-05 14:04:52,1790,30.81,30.806921416622174,40,4,1,Eco/Super Eco,OFF,40,,,40,27,step,4,Super Eco,,,,
1788588293059,2026-09-05 14:04:53,1789,30.83,30.806921416622174,40,4,1,Eco/Super Eco,OFF,40,,,40,27,step,4,Super Eco,,,,
1788588294060,2026-09-05 14:04:54,1789,30.83,30.806921416622174,40,4,1,Eco/Super Eco,OFF,40,,,40,27,step,4,Super Eco,,,,
1788588295061,2026-09-05 14:04:55,1789,30.83,30.806921416622174,40,4,1,Eco/Super Eco,OFF,40,,,40,27,step,4,Super Eco,,,,
1788588296064,2026-09-05 14:04:56,1789,30.83,30.806921416622174,40,4,1,Eco/Super Eco,OFF,40,,,40,27,step,4,Super Eco,,,,
1788588297064,2026-09-05 14:04:57,1787,30.87,30.806921416622174,40,4,1,Eco/Super Eco,OFF,40,,,40,27,step,4,Super Eco,,,,
1788588298066,2026-09-05 14:04:58,1790,30.81,30.806921416622174,40,4,1,Eco/Super Eco,OFF,40,,,40,27,step,4,Super Eco,,,,
1788588299068,2026-09-05 14:04:59,1788,30.85,30.806921416622174,40,4,1,Eco/Super Eco,OFF,40,,,40,27,step,4,Super Eco,,,,
1788588300069,2026-09-05 14:05:00,1790,30.81,30.806921416622174,40,4,1,Eco/Super Eco,OFF,40,,,40,27,step,4,Super Eco,,,,
1788588301071,2026-09-05 14:05:01,1786,30.89,30.806921416622174,40,4,1,Eco/Super Eco,OFF,40,,,40,27,step,4,Super Eco,,,,
1788588302071,2026-09-05 14:05:02,1787,30.87,30.806921416622174,40,4,1,Eco/Super Eco,OFF,40,,,40,27,step,4,Super Eco,,,,
1788588303073,2026-09-05 14:05:03,1788,30.85,30.806921416622174,40,4,1,Eco/Super Eco,OFF,40,,,40,27,step,4,Super Eco,,,,
1788588304074,2026-09-05 14:05:04,1786,30.89,30.870548199399877,40,4,1,Eco/Super Eco,OFF,40,,,40,27,step,4,Super Eco,,,,
1788588305074,2026-09-05 14:05:05,1787,30.87,30.870548199399877,40,4,1,Eco/Super Eco,OFF,40,,,40,27,step,4,Super Eco,,,,
1788588306076,2026-09-05 14:05:06,1789,30.83,30.870548199399877,40,4,1,Eco/Super Eco,OFF,40,,,40,27,step,4,Super Eco,,,,
1788588307076,2026-09-05 14:05:07,1787,30.87,30.870548199399877,40,4,1,Eco/Super Eco,OFF,40,,,40,27,step,4,Super Eco,,,,
1788588308078,2026-09-05 14:05:08,1788,30.85,30.870548199399877,40,4,1,Eco/Super Eco,OFF,40,,,40,27,step,4,Super Eco,,,,
1788588309079,2026-09-05 14:05:09,1787,30.87,30.870548199399877,40,4,1,Eco/Super Eco,OFF,40,,,40,27,step,4,Super Eco,,,,
1788588310080,2026-09-05 14:05:10,1787,30.87,30.870548199399877,40,4,1,Eco/Super Eco,OFF,40,,,40,27,step,4,Super Eco,,,,
1788588311082,2026-09-05 14:05:11,1788,30.85,30.870548199399877,40,4,1,Eco/Super Eco,OFF,40,,,40,27,step,4,Super Eco,,,,
1788588312083,2026-09-05 14:05:12,1786,30.89,30.870548199399877,40,4,1,Eco/Super Eco,OFF,40,,,40,27,step,4,Super Eco,,,,
1788588313083,2026-09-05 14:05:13,1787,30.87,30.870548199399877,40,4,1,Eco/Super Eco,OFF,40,,,40,27,step,4,Super Eco,,,,
1788588314084,2026-09-05 14:05:14,1789,30.83,30.870548199399877,40,4,1,Eco/Super Eco,OFF,40,,,40,27,step,4,Super Eco,,,,
1788588315086,2026-09-05 14:05:15,1788,30.85,30.870548199399877,40,4,1,Eco/Super Eco,OFF,40,,,40,27,step,4,Super Eco,,,,
1788588316088,2026-09-05 14:05:16,1789,30.83,30.870548199399877,40,4,1,Eco/Super Eco,OFF,40,,,40,27,step,4,Super Eco,,,,
1788588317088,2026-09-05 14:05:17,1789,30.83,30.870548199399877,40,4,1,Eco/Super Eco,OFF,40,,,40,27,step,4,Super Eco,,,,
1788588318090,2026-09-05 14:05:18,1788,30.85,30.870548199399877,40,4,1,Eco/Super Eco,OFF,40,,,40,27,step,4,Super Eco,,,,
1788588319091,2026-09-05 14:05:19,1788,30.85,30.891768403224035,40,4,1,Eco/Super Eco,OFF,40,,,40,27,step,4,Super Eco,,,,
1788588320091,2026-09-05 14:05:20,1785,30.91,30.891768403224035,40,4,1,Eco/Super Eco,OFF,40,,,40,27,step,4,Super Eco,,,,
1788588321093,2026-09-05 14:05:21,1786,30.89,30.891768403224035,40,4,1,Eco/Super Eco,OFF,40,,,40,27,step,4,Super Eco,,,,
1788588322094,2026-09-05 14:05:22,1788,30.85,30.891768403224035,40,4,1,Eco/Super Eco,OFF,40,,,40,27,step,4,Super Eco,,,,
1788588323094,2026-09-05 14:05:23,1787,30.87,30.891768403224035,40,4,1,Eco/Super Eco,OFF,40,,,40,27,step,4,Super Eco,,,,
1788588324096,2026-09-05 14:05:24,1786,30.89,30.891768403224035,40,4,1,Eco/Super Eco,OFF,40,,,40,27,step,4,Super Eco,,,,
1788588325097,2026-09-05 14:05:25,1788,30.85,30.891768403224035,40,4,1,Eco/Super Eco,OFF,40,,,40,27,step,4,Super Eco,,,,
1788588326098,2026-09-05 14:05:26,1788,30.85,30.891768403224035,40,4,1,Eco/Super Eco,OFF,40,,,40,27,step,4,Super Eco,,,,
1788588327099,2026-09-05 14:05:27,1786,30.89,30.891768403224035,40,4,1,Eco/Super Eco,OFF,40,,,40,27,step,4,Super Eco,,,,
1788588328099,2026-09-05 14:05:28,1787,30.87,30.891768403224035,40,4,1,Eco/Super Eco,OFF,40,,,40,27,step,4,Super Eco,,,,
1788588329101,2026-09-05 14:05:29,1784,30.93,30.891768403224035,40,4,1,Eco/Super Eco,OFF,40,,,40,27,step,4,Super Eco,,,,
1788588330102,2026-09-05 14:05:30,1786,30.89,30.891768403224035,40,4,1,Eco/Super Eco,OFF,40,,,40,27,step,4,Super Eco,,,,
1788588331103,2026-09-05 14:05:31,1787,30.87,30.891768403224035,40,4,1,Eco/Super Eco,OFF,40,,,40,27,step,4,Super Eco,,,,
1788588332104,2026-09-05 14:05:32,1783,30.96,30.891768403224035,40,4,1,Eco/Super Eco,OFF,40,,,40,27,step,4,Super Eco,,,,
1788588333106,2026-09-05 14:05:33,1788,30.85,30.891768403224035,40,4,1,Eco/Super Eco,OFF,40,,,40,27,step,4,Super Eco,,,,
1788588334107,2026-09-05 14:05:34,1787,30.87,30.870548199399877,40,4,1,Eco/Super Eco,OFF,40,,,40,27,step,4,Super Eco,,,,
1788588335108,2026-09-05 14:05:35,1785,30.91,30.870548199399877,40,4,1,Eco/Super Eco,OFF,40,,,40,27,step,4,Super Eco,,,,
1788588336109,2026-09-05 14:05:36,1787,30.87,30.870548199399877,40,4,1,Eco/Super Eco,OFF,40,,,40,27,step,4,Super Eco,,,,
1788588337110,2026-09-05 14:05:37,1787,30.87,30.870548199399877,40,4,1,Eco/Super Eco,OFF,40,,,40,27,step,4,Super Eco,,,,
1788588338111,2026-09-05 14:05:38,1788,30.85,30.870548199399877,40,4,1,Eco/Super Eco,OFF,40,,,40,27,step,4,Super Eco,,,,
1788588339111,2026-09-05 14:05:39,1784,30.93,30.870548199399877,40,4,1,Eco/Super Eco,OFF,40,,,40,27,step,4,Super Eco,,,,
1788588340113,2026-09-05 14:05:40,1787,30.87,30.870548199399877,40,4,1,Eco/Super Eco,OFF,40,,,40,27,step,4,Super Eco,,,,
1788588341114,2026-09-05 14:05:41,1786,30.89,30.870548199399877,40,4,1,Eco/Super Eco,OFF,40,,,40,27,step,4,Super Eco,,,,
1788588342114,2026-09-05 14:05:42,1784,30.93,30.870548199399877,40,4,1,Eco/Super Eco,OFF,40,,,40,27,step,4,Super Eco,,,,
1788588343115,2026-09-05 14:05:43,1787,30.87,30.870548199399877,40,4,1,Eco/Super Eco,OFF,40,,,40,27,step,4,Super Eco,,,,
1788588344117,2026-09-05 14:05:44,1783,30.96,30.870548199399877,40,4,1,Eco/Super Eco,OFF,40,,,40,27,step,4,Super Eco,,,,
1788588345118,2026-09-05 14:05:45,1785,30.91,30.870548199399877,40,4,1,Eco/Super Eco,OFF,40,,,40,27,step,4,Super Eco,,,,
1788588346120,2026-09-05 14:05:46,1790,30.81,30.870548199399877,40,4,1,Eco/Super Eco,OFF,40,,,40,27,step,4,Super Eco,,,,
1788588347120,2026-09-05 14:05:47,1786,30.89,30.870548199399877,40,4,1,Eco/Super Eco,OFF,40,,,40,27,step,4,Super Eco,,,,
1788588348122,2026-09-05 14:05:48,1784,30.93,30.870548199399877,40,4,1,Eco/Super Eco,OFF,40,,,40,27,step,4,Super Eco,,,,
1788588349123,2026-09-05 14:05:49,1784,30.93,30.955463021465675,40,4,1,Eco/Super Eco,OFF,40,,,40,27,step,4,Super Eco,,,,
1788588350123,2026-09-05 14:05:50,1784,30.93,30.955463021465675,40,4,1,Eco/Super Eco,OFF,40,,,40,27,step,4,Super Eco,,,,
1788588351124,2026-09-05 14:05:51,1785,30.91,30.955463021465675,40,4,1,Eco/Super Eco,OFF,40,,,40,27,step,4,Super Eco,,,,
1788588352125,2026-09-05 14:05:52,1786,30.89,30.955463021465675,40,4,1,Eco/Super Eco,OFF,40,,,40,27,step,4,Super Eco,,,,
1788588353130,2026-09-05 14:05:53,1783,30.96,30.955463021465675,40,4,1,Eco/Super Eco,OFF,40,,,40,27,step,4,Super Eco,,,,
1788588354131,2026-09-05 14:05:54,1785,30.91,30.955463021465675,40,4,1,Eco/Super Eco,OFF,35,35,DLPC temp UNAVAILABLE,35,28,step,4,Super Eco,step_end:settled;step_start duty=35 mode=Super Eco;dlpc_unavailable,,,unavailable
1788588355133,2026-09-05 14:05:55,1782,30.98,30.955463021465675,35,4,1,Eco/Super Eco,OFF,35,,,35,28,step,4,Super Eco,,,,
1788588356141,2026-09-05 14:05:56,1786,30.89,30.955463021465675,35,4,1,Eco/Super Eco,OFF,35,,,35,28,step,4,Super Eco,,,,
1788588357146,2026-09-05 14:05:57,1785,30.91,30.955463021465675,35,4,1,Eco/Super Eco,OFF,35,,,35,28,step,4,Super Eco,,,,
1788588358147,2026-09-05 14:05:58,1782,30.98,30.955463021465675,35,4,1,Eco/Super Eco,OFF,35,,,35,28,step,4,Super Eco,,,,
1788588359148,2026-09-05 14:05:59,1783,30.96,30.955463021465675,35,4,1,Eco/Super Eco,OFF,35,,,35,28,step,4,Super Eco,,,,
1788588360149,2026-09-05 14:06:00,1782,30.98,30.955463021465675,35,4,1,Eco/Super Eco,OFF,35,,,35,28,step,4,Super Eco,,,,
1788588361151,2026-09-05 14:06:01,1786,30.89,30.955463021465675,35,4,1,Eco/Super Eco,OFF,35,,,35,28,step,4,Super Eco,,,,
1788588362152,2026-09-05 14:06:02,1784,30.93,30.955463021465675,35,4,1,Eco/Super Eco,OFF,35,,,35,28,step,4,Super Eco,,,,
1788588363153,2026-09-05 14:06:03,1794,30.72,30.955463021465675,35,4,1,Eco/Super Eco,OFF,35,,,35,28,step,4,Super Eco,,,,
1788588364153,2026-09-05 14:06:04,1785,30.91,30.934225801514742,35,4,1,Eco/Super Eco,OFF,35,,,35,28,step,4,Super Eco,,,,
1788588365155,2026-09-05 14:06:05,1783,30.96,30.934225801514742,35,4,1,Eco/Super Eco,OFF,35,,,35,28,step,4,Super Eco,,,,
1788588366156,2026-09-05 14:06:06,1781,31.00,30.934225801514742,35,4,1,Eco/Super Eco,OFF,35,,,35,28,step,4,Super Eco,,,,
1788588367157,2026-09-05 14:06:07,1780,31.02,30.934225801514742,35,4,1,Eco/Super Eco,OFF,35,,,35,28,step,4,Super Eco,,,,
1788588368157,2026-09-05 14:06:08,1783,30.96,30.934225801514742,35,4,1,Eco/Super Eco,OFF,35,,,35,28,step,4,Super Eco,,,,
1788588369159,2026-09-05 14:06:09,1783,30.96,30.934225801514742,35,4,1,Eco/Super Eco,OFF,35,,,35,28,step,4,Super Eco,,,,
1788588370160,2026-09-05 14:06:10,1783,30.96,30.934225801514742,35,4,1,Eco/Super Eco,OFF,35,,,35,28,step,4,Super Eco,,,,
1788588371162,2026-09-05 14:06:11,1781,31.00,30.934225801514742,35,4,1,Eco/Super Eco,OFF,35,,,35,28,step,4,Super Eco,,,,
1788588372164,2026-09-05 14:06:12,1782,30.98,30.934225801514742,35,4,1,Eco/Super Eco,OFF,35,,,35,28,step,4,Super Eco,,,,
1788588373165,2026-09-05 14:06:13,1788,30.85,30.934225801514742,35,4,1,Eco/Super Eco,OFF,35,,,35,28,step,4,Super Eco,,,,
1788588374167,2026-09-05 14:06:14,1780,31.02,30.934225801514742,35,4,1,Eco/Super Eco,OFF,35,,,35,28,step,4,Super Eco,,,,
1788588375169,2026-09-05 14:06:15,1782,30.98,30.934225801514742,35,4,1,Eco/Super Eco,OFF,35,,,35,28,step,4,Super Eco,,,,
1788588376170,2026-09-05 14:06:16,1777,31.08,30.934225801514742,35,4,1,Eco/Super Eco,OFF,35,,,35,28,step,4,Super Eco,,,,
1788588377171,2026-09-05 14:06:17,1780,31.02,30.934225801514742,35,4,1,Eco/Super Eco,OFF,35,,,35,28,step,4,Super Eco,,,,
1788588378173,2026-09-05 14:06:18,1782,30.98,30.934225801514742,35,4,1,Eco/Super Eco,OFF,35,,,35,28,step,4,Super Eco,,,,
1788588379174,2026-09-05 14:06:19,1779,31.04,30.97670593896828,35,4,1,Eco/Super Eco,OFF,35,,,35,28,step,4,Super Eco,,,,
1788588380176,2026-09-05 14:06:20,1780,31.02,30.97670593896828,35,4,1,Eco/Super Eco,OFF,35,,,35,28,step,4,Super Eco,,,,
1788588381177,2026-09-05 14:06:21,1780,31.02,30.97670593896828,35,4,1,Eco/Super Eco,OFF,35,,,35,28,step,4,Super Eco,,,,
1788588382179,2026-09-05 14:06:22,1779,31.04,30.97670593896828,35,4,1,Eco/Super Eco,OFF,35,,,35,28,step,4,Super Eco,,,,
1788588383180,2026-09-05 14:06:23,1781,31.00,30.97670593896828,35,4,1,Eco/Super Eco,OFF,35,,,35,28,step,4,Super Eco,,,,
1788588384181,2026-09-05 14:06:24,1778,31.06,30.97670593896828,35,4,1,Eco/Super Eco,OFF,35,,,35,28,step,4,Super Eco,,,,
1788588385183,2026-09-05 14:06:25,1779,31.04,30.97670593896828,35,4,1,Eco/Super Eco,OFF,35,,,35,28,step,4,Super Eco,,,,
1788588386184,2026-09-05 14:06:26,1778,31.06,30.97670593896828,35,4,1,Eco/Super Eco,OFF,35,,,35,28,step,4,Super Eco,,,,
1788588387184,2026-09-05 14:06:27,1780,31.02,30.97670593896828,35,4,1,Eco/Super Eco,OFF,35,,,35,28,step,4,Super Eco,,,,
1788588388186,2026-09-05 14:06:28,1781,31.00,30.97670593896828,35,4,1,Eco/Super Eco,OFF,35,,,35,28,step,4,Super Eco,,,,
1788588389187,2026-09-05 14:06:29,1779,31.04,30.97670593896828,35,4,1,Eco/Super Eco,OFF,35,,,35,28,step,4,Super Eco,,,,
1788588390188,2026-09-05 14:06:30,1777,31.08,30.97670593896828,35,4,1,Eco/Super Eco,OFF,35,,,35,28,step,4,Super Eco,,,,
1788588391190,2026-09-05 14:06:31,1779,31.04,30.97670593896828,35,4,1,Eco/Super Eco,OFF,35,,,35,28,step,4,Super Eco,,,,
1788588392192,2026-09-05 14:06:32,1780,31.02,30.97670593896828,35,4,1,Eco/Super Eco,OFF,35,,,35,28,step,4,Super Eco,,,,
1788588393193,2026-09-05 14:06:33,1777,31.08,30.97670593896828,35,4,1,Eco/Super Eco,OFF,35,,,35,28,step,4,Super Eco,,,,
1788588394195,2026-09-05 14:06:34,1777,31.08,31.04046900466227,43,4,1,Eco/Super Eco,OFF,35,35,foreign_write 43 reassert(was 43),35,28,step,4,Super Eco,foreign_write:43,,,
1788588395196,2026-09-05 14:06:35,1777,31.08,31.04046900466227,35,4,1,Eco/Super Eco,OFF,35,,,35,28,step,4,Super Eco,,,,
1788588396197,2026-09-05 14:06:36,1776,31.10,31.04046900466227,35,4,1,Eco/Super Eco,OFF,35,,,35,28,step,4,Super Eco,,,,
1788588397198,2026-09-05 14:06:37,1778,31.06,31.04046900466227,35,4,1,Eco/Super Eco,OFF,35,,,35,28,step,4,Super Eco,,,,
1788588398198,2026-09-05 14:06:38,1778,31.06,31.04046900466227,35,4,1,Eco/Super Eco,OFF,35,,,35,28,step,4,Super Eco,,,,
1788588399200,2026-09-05 14:06:39,1777,31.08,31.04046900466227,35,4,1,Eco/Super Eco,OFF,35,,,35,28,step,4,Super Eco,,,,
1788588400200,2026-09-05 14:06:40,1777,31.08,31.04046900466227,35,4,1,Eco/Super Eco,OFF,35,,,35,28,step,4,Super Eco,,,,
1788588401201,2026-09-05 14:06:41,1778,31.06,31.04046900466227,35,4,1,Eco/Super Eco,OFF,35,,,35,28,step,4,Super Eco,,,,
1788588402203,2026-09-05 14:06:42,1777,31.08,31.04046900466227,35,4,1,Eco/Super Eco,OFF,35,,,35,28,step,4,Super Eco,,,,
1788588403203,2026-09-05 14:06:43,1780,31.02,31.04046900466227,35,4,1,Eco/Super Eco,OFF,35,,,35,28,step,4,Super Eco,,,,
1788588404205,2026-09-05 14:06:44,1775,31.13,31.04046900466227,35,4,1,Eco/Super Eco,OFF,35,,,35,28,step,4,Super Eco,,,,
1788588405206,2026-09-05 14:06:45,1776,31.10,31.04046900466227,35,4,1,Eco/Super Eco,OFF,35,,,35,28,step,4,Super Eco,,,,
1788588406208,2026-09-05 14:06:46,1777,31.08,31.04046900466227,35,4,1,Eco/Super Eco,OFF,35,,,35,28,step,4,Super Eco,,,,
1788588407209,2026-09-05 14:06:47,1778,31.06,31.04046900466227,35,4,1,Eco/Super Eco,OFF,35,,,35,28,step,4,Super Eco,,,,
1788588408210,2026-09-05 14:06:48,1785,30.91,31.04046900466227,35,4,1,Eco/Super Eco,OFF,35,,,35,28,step,4,Super Eco,,,,
1788588409211,2026-09-05 14:06:49,1777,31.08,31.083006437589347,35,4,1,Eco/Super Eco,OFF,35,,,35,28,step,4,Super Eco,,,,
1788588410212,2026-09-05 14:06:50,1774,31.15,31.083006437589347,35,4,1,Eco/Super Eco,OFF,35,,,35,28,step,4,Super Eco,,,,
1788588411213,2026-09-05 14:06:51,1774,31.15,31.083006437589347,35,4,1,Eco/Super Eco,OFF,35,,,35,28,step,4,Super Eco,,,,
1788588412214,2026-09-05 14:06:52,1773,31.17,31.083006437589347,35,4,1,Eco/Super Eco,OFF,35,,,35,28,step,4,Super Eco,,,,
1788588413215,2026-09-05 14:06:53,1776,31.10,31.083006437589347,35,4,1,Eco/Super Eco,OFF,35,,,35,28,step,4,Super Eco,,,,
1788588414216,2026-09-05 14:06:54,1774,31.15,31.083006437589347,35,4,1,Eco/Super Eco,OFF,35,,,35,28,step,4,Super Eco,,,,
1788588415217,2026-09-05 14:06:55,1773,31.17,31.083006437589347,35,4,1,Eco/Super Eco,OFF,35,,,35,28,step,4,Super Eco,,,,
1788588416218,2026-09-05 14:06:56,1774,31.15,31.083006437589347,35,4,1,Eco/Super Eco,OFF,35,,,35,28,step,4,Super Eco,,,,
1788588417220,2026-09-05 14:06:57,1770,31.23,31.083006437589347,35,4,1,Eco/Super Eco,OFF,35,,,35,28,step,4,Super Eco,,,,
1788588418221,2026-09-05 14:06:58,1773,31.17,31.083006437589347,35,4,1,Eco/Super Eco,OFF,35,,,35,28,step,4,Super Eco,,,,
1788588419222,2026-09-05 14:06:59,1773,31.17,31.083006437589347,35,4,1,Eco/Super Eco,OFF,35,,,35,28,step,4,Super Eco,,,,
1788588420224,2026-09-05 14:07:00,1772,31.19,31.083006437589347,35,4,1,Eco/Super Eco,OFF,35,,,35,28,step,4,Super Eco,,,,
1788588421226,2026-09-05 14:07:01,1772,31.19,31.083006437589347,35,4,1,Eco/Super Eco,OFF,35,,,35,28,step,4,Super Eco,,,,
1788588422228,2026-09-05 14:07:02,1772,31.19,31.083006437589347,35,4,1,Eco/Super Eco,OFF,35,,,35,28,step,4,Super Eco,,,,
1788588423229,2026-09-05 14:07:03,1775,31.13,31.083006437589347,35,4,1,Eco/Super Eco,OFF,35,,,35,28,step,4,Super Eco,,,,
1788588424231,2026-09-05 14:07:04,1774,31.15,31.104283809315632,35,4,1,Eco/Super Eco,OFF,35,,,35,28,step,4,Super Eco,,,,
1788588425232,2026-09-05 14:07:05,1774,31.15,31.104283809315632,35,4,1,Eco/Super Eco,OFF,35,,,35,28,step,4,Super Eco,,,,
1788588426235,2026-09-05 14:07:06,1771,31.21,31.104283809315632,35,4,1,Eco/Super Eco,OFF,35,,,35,28,step,4,Super Eco,,,,
1788588427236,2026-09-05 14:07:07,1771,31.21,31.104283809315632,35,4,1,Eco/Super Eco,OFF,35,,,35,28,step,4,Super Eco,,,,
1788588428237,2026-09-05 14:07:08,1774,31.15,31.104283809315632,35,4,1,Eco/Super Eco,OFF,35,,,35,28,step,4,Super Eco,,,,
1788588429239,2026-09-05 14:07:09,1774,31.15,31.104283809315632,35,4,1,Eco/Super Eco,OFF,35,,,35,28,step,4,Super Eco,,,,
1788588430240,2026-09-05 14:07:10,1771,31.21,31.104283809315632,35,4,1,Eco/Super Eco,OFF,35,,,35,28,step,4,Super Eco,,,,
1788588431241,2026-09-05 14:07:11,1771,31.21,31.104283809315632,35,4,1,Eco/Super Eco,OFF,35,,,35,28,step,4,Super Eco,,,,
1788588432243,2026-09-05 14:07:12,1767,31.30,31.104283809315632,35,4,1,Eco/Super Eco,OFF,35,,,35,28,step,4,Super Eco,,,,
1788588433246,2026-09-05 14:07:13,1774,31.15,31.104283809315632,35,4,1,Eco/Super Eco,OFF,35,,,35,28,step,4,Super Eco,,,,
1788588434247,2026-09-05 14:07:14,1774,31.15,31.104283809315632,35,4,1,Eco/Super Eco,OFF,35,,,35,28,step,4,Super Eco,,,,
1788588435249,2026-09-05 14:07:15,1771,31.21,31.104283809315632,35,4,1,Eco/Super Eco,OFF,35,,,35,28,step,4,Super Eco,,,,
1788588436250,2026-09-05 14:07:16,1770,31.23,31.104283809315632,35,4,1,Eco/Super Eco,OFF,35,,,35,28,step,4,Super Eco,,,,
1788588437252,2026-09-05 14:07:17,1771,31.21,31.104283809315632,35,4,1,Eco/Super Eco,OFF,35,,,35,28,step,4,Super Eco,,,,
1788588438268,2026-09-05 14:07:18,1771,31.21,31.104283809315632,35,4,1,Eco/Super Eco,OFF,35,,,35,28,step,4,Super Eco,,,,
1788588439269,2026-09-05 14:07:19,1770,31.23,31.16815070005532,35,4,1,Eco/Super Eco,OFF,35,,,35,28,step,4,Super Eco,,,,
1788588440271,2026-09-05 14:07:20,1770,31.23,31.16815070005532,35,4,1,Eco/Super Eco,OFF,35,,,35,28,step,4,Super Eco,,,,
1788588441271,2026-09-05 14:07:21,1770,31.23,31.16815070005532,35,4,1,Eco/Super Eco,OFF,35,,,35,28,step,4,Super Eco,,,,
1788588442273,2026-09-05 14:07:22,1770,31.23,31.16815070005532,35,4,1,Eco/Super Eco,OFF,35,,,35,28,step,4,Super Eco,,,,
1788588443275,2026-09-05 14:07:23,1768,31.27,31.16815070005532,35,4,1,Eco/Super Eco,OFF,35,,,35,28,step,4,Super Eco,,,,
1788588444277,2026-09-05 14:07:24,1771,31.21,31.16815070005532,35,4,1,Eco/Super Eco,OFF,35,,,35,28,step,4,Super Eco,,,,
1788588445278,2026-09-05 14:07:25,1770,31.23,31.16815070005532,35,4,1,Eco/Super Eco,OFF,35,,,35,28,step,4,Super Eco,,,,
1788588446279,2026-09-05 14:07:26,1771,31.21,31.16815070005532,35,4,1,Eco/Super Eco,OFF,35,,,35,28,step,4,Super Eco,,,,
1788588447281,2026-09-05 14:07:27,1765,31.34,31.16815070005532,35,4,1,Eco/Super Eco,OFF,35,,,35,28,step,4,Super Eco,,,,
1788588448282,2026-09-05 14:07:28,1768,31.27,31.16815070005532,35,4,1,Eco/Super Eco,OFF,35,,,35,28,step,4,Super Eco,,,,
1788588449283,2026-09-05 14:07:29,1767,31.30,31.16815070005532,35,4,1,Eco/Super Eco,OFF,35,,,35,28,step,4,Super Eco,,,,
1788588450284,2026-09-05 14:07:30,1772,31.19,31.16815070005532,35,4,1,Eco/Super Eco,OFF,35,,,35,28,step,4,Super Eco,,,,
1788588451286,2026-09-05 14:07:31,1769,31.25,31.16815070005532,35,4,1,Eco/Super Eco,OFF,35,,,35,28,step,4,Super Eco,,,,
1788588452287,2026-09-05 14:07:32,1769,31.25,31.16815070005532,35,4,1,Eco/Super Eco,OFF,35,,,35,28,step,4,Super Eco,,,,
1788588453287,2026-09-05 14:07:33,1771,31.21,31.16815070005532,35,4,1,Eco/Super Eco,OFF,35,,,35,28,step,4,Super Eco,,,,
1788588454289,2026-09-05 14:07:34,1770,31.23,31.210757735918435,35,4,1,Eco/Super Eco,OFF,35,,,35,28,step,4,Super Eco,,,,
1788588455289,2026-09-05 14:07:35,1769,31.25,31.210757735918435,35,4,1,Eco/Super Eco,OFF,35,,,35,28,step,4,Super Eco,,,,
1788588456291,2026-09-05 14:07:36,1769,31.25,31.210757735918435,35,4,1,Eco/Super Eco,OFF,35,,,35,28,step,4,Super Eco,,,,
1788588457292,2026-09-05 14:07:37,1768,31.27,31.210757735918435,35,4,1,Eco/Super Eco,OFF,35,,,35,28,step,4,Super Eco,,,,
1788588458293,2026-09-05 14:07:38,1769,31.25,31.210757735918435,35,4,1,Eco/Super Eco,OFF,35,,,35,28,step,4,Super Eco,,,,
1788588459295,2026-09-05 14:07:39,1770,31.23,31.210757735918435,35,4,1,Eco/Super Eco,OFF,35,,,35,28,step,4,Super Eco,,,,
1788588460296,2026-09-05 14:07:40,1769,31.25,31.210757735918435,35,4,1,Eco/Super Eco,OFF,35,,,35,28,step,4,Super Eco,,,,
1788588461297,2026-09-05 14:07:41,1766,31.32,31.210757735918435,35,4,1,Eco/Super Eco,OFF,35,,,35,28,step,4,Super Eco,,,,
1788588462299,2026-09-05 14:07:42,1767,31.30,31.210757735918435,35,4,1,Eco/Super Eco,OFF,35,,,35,28,step,4,Super Eco,,,,
1788588463300,2026-09-05 14:07:43,1768,31.27,31.210757735918435,35,4,1,Eco/Super Eco,OFF,35,,,35,28,step,4,Super Eco,,,,
1788588464301,2026-09-05 14:07:44,1767,31.30,31.210757735918435,35,4,1,Eco/Super Eco,OFF,35,,,35,28,step,4,Super Eco,,,,
1788588465303,2026-09-05 14:07:45,1768,31.27,31.210757735918435,35,4,1,Eco/Super Eco,OFF,35,,,35,28,step,4,Super Eco,,,,
1788588466304,2026-09-05 14:07:46,1766,31.32,31.210757735918435,35,4,1,Eco/Super Eco,OFF,35,,,35,28,step,4,Super Eco,,,,
1788588467305,2026-09-05 14:07:47,1770,31.23,31.210757735918435,35,4,1,Eco/Super Eco,OFF,35,,,35,28,step,4,Super Eco,,,,
1788588468306,2026-09-05 14:07:48,1769,31.25,31.210757735918435,35,4,1,Eco/Super Eco,OFF,35,,,35,28,step,4,Super Eco,,,,
1788588469307,2026-09-05 14:07:49,1765,31.34,31.317377961454554,35,4,1,Eco/Super Eco,OFF,35,,,35,28,step,4,Super Eco,,,,
1788588470307,2026-09-05 14:07:50,1769,31.25,31.317377961454554,35,4,1,Eco/Super Eco,OFF,35,,,35,28,step,4,Super Eco,,,,
1788588471309,2026-09-05 14:07:51,1763,31.38,31.317377961454554,35,4,1,Eco/Super Eco,OFF,35,,,35,28,step,4,Super Eco,,,,
1788588472310,2026-09-05 14:07:52,1768,31.27,31.317377961454554,35,4,1,Eco/Super Eco,OFF,35,,,35,28,step,4,Super Eco,,,,
1788588473310,2026-09-05 14:07:53,1769,31.25,31.317377961454554,35,4,1,Eco/Super Eco,OFF,35,,,35,28,step,4,Super Eco,,,,
1788588474311,2026-09-05 14:07:54,1766,31.32,31.317377961454554,35,4,1,Eco/Super Eco,OFF,35,,,35,28,step,4,Super Eco,,,,
1788588475313,2026-09-05 14:07:55,1766,31.32,31.317377961454554,35,4,1,Eco/Super Eco,OFF,35,,,35,28,step,4,Super Eco,,,,
1788588476314,2026-09-05 14:07:56,1767,31.30,31.317377961454554,35,4,1,Eco/Super Eco,OFF,35,,,35,28,step,4,Super Eco,,,,
1788588477316,2026-09-05 14:07:57,1765,31.34,31.317377961454554,35,4,1,Eco/Super Eco,OFF,35,,,35,28,step,4,Super Eco,,,,
1788588478316,2026-09-05 14:07:58,1765,31.34,31.317377961454554,35,4,1,Eco/Super Eco,OFF,35,,,35,28,step,4,Super Eco,,,,
1788588479318,2026-09-05 14:07:59,1768,31.27,31.317377961454554,35,4,1,Eco/Super Eco,OFF,35,,,35,28,step,4,Super Eco,,,,
1788588480319,2026-09-05 14:08:00,1766,31.32,31.317377961454554,35,4,1,Eco/Super Eco,OFF,35,,,35,28,step,4,Super Eco,,,,
1788588481320,2026-09-05 14:08:01,1768,31.27,31.317377961454554,35,4,1,Eco/Super Eco,OFF,35,,,35,28,step,4,Super Eco,,,,
1788588482323,2026-09-05 14:08:02,1768,31.27,31.317377961454554,35,4,1,Eco/Super Eco,OFF,35,,,35,28,step,4,Super Eco,,,,
1788588483323,2026-09-05 14:08:03,1766,31.32,31.317377961454554,35,4,1,Eco/Super Eco,OFF,35,,,35,28,step,4,Super Eco,,,,
1788588484325,2026-09-05 14:08:04,1767,31.30,31.36006737896537,35,4,1,Eco/Super Eco,OFF,35,,,35,28,step,4,Super Eco,,,,
1788588485326,2026-09-05 14:08:05,1765,31.34,31.36006737896537,35,4,1,Eco/Super Eco,OFF,35,,,35,28,step,4,Super Eco,,,,
1788588486328,2026-09-05 14:08:06,1764,31.36,31.36006737896537,35,4,1,Eco/Super Eco,OFF,35,,,35,28,step,4,Super Eco,,,,
1788588487329,2026-09-05 14:08:07,1766,31.32,31.36006737896537,35,4,1,Eco/Super Eco,OFF,35,,,35,28,step,4,Super Eco,,,,
1788588488329,2026-09-05 14:08:08,1763,31.38,31.36006737896537,35,4,1,Eco/Super Eco,OFF,35,,,35,28,step,4,Super Eco,,,,
1788588489331,2026-09-05 14:08:09,1765,31.34,31.36006737896537,35,4,1,Eco/Super Eco,OFF,35,,,35,28,step,4,Super Eco,,,,
1788588490332,2026-09-05 14:08:10,1765,31.34,31.36006737896537,35,4,1,Eco/Super Eco,OFF,35,,,35,28,step,4,Super Eco,,,,
1788588491333,2026-09-05 14:08:11,1765,31.34,31.36006737896537,35,4,1,Eco/Super Eco,OFF,35,,,35,28,step,4,Super Eco,,,,
1788588492334,2026-09-05 14:08:12,1763,31.38,31.36006737896537,35,4,1,Eco/Super Eco,OFF,35,,,35,28,step,4,Super Eco,,,,
1788588493335,2026-09-05 14:08:13,1766,31.32,31.36006737896537,35,4,1,Eco/Super Eco,OFF,35,,,35,28,step,4,Super Eco,,,,
1788588494335,2026-09-05 14:08:14,1765,31.34,31.36006737896537,35,4,1,Eco/Super Eco,OFF,35,,,35,28,step,4,Super Eco,,,,
1788588495337,2026-09-05 14:08:15,1763,31.38,31.36006737896537,35,4,1,Eco/Super Eco,OFF,35,,,35,28,step,4,Super Eco,,,,
1788588496338,2026-09-05 14:08:16,1764,31.36,31.36006737896537,35,4,1,Eco/Super Eco,OFF,35,,,35,28,step,4,Super Eco,,,,
1788588497339,2026-09-05 14:08:17,1766,31.32,31.36006737896537,35,4,1,Eco/Super Eco,OFF,35,,,35,28,step,4,Super Eco,,,,
1788588498341,2026-09-05 14:08:18,1763,31.38,31.36006737896537,35,4,1,Eco/Super Eco,OFF,35,,,35,28,step,4,Super Eco,,,,
1788588499342,2026-09-05 14:08:19,1766,31.32,31.38142099571877,35,4,1,Eco/Super Eco,OFF,35,,,35,28,step,4,Super Eco,,,,
1788588500344,2026-09-05 14:08:20,1763,31.38,31.38142099571877,35,4,1,Eco/Super Eco,OFF,35,,,35,28,step,4,Super Eco,,,,
1788588501345,2026-09-05 14:08:21,1765,31.34,31.38142099571877,35,4,1,Eco/Super Eco,OFF,35,,,35,28,step,4,Super Eco,,,,
1788588502346,2026-09-05 14:08:22,1763,31.38,31.38142099571877,35,4,1,Eco/Super Eco,OFF,35,,,35,28,step,4,Super Eco,,,,
1788588503348,2026-09-05 14:08:23,1763,31.38,31.38142099571877,35,4,1,Eco/Super Eco,OFF,35,,,35,28,step,4,Super Eco,,,,
1788588504349,2026-09-05 14:08:24,1764,31.36,31.38142099571877,35,4,1,Eco/Super Eco,OFF,35,,,35,28,step,4,Super Eco,,,,
1788588505350,2026-09-05 14:08:25,1763,31.38,31.38142099571877,35,4,1,Eco/Super Eco,OFF,35,,,35,28,step,4,Super Eco,,,,
1788588506350,2026-09-05 14:08:26,1763,31.38,31.38142099571877,35,4,1,Eco/Super Eco,OFF,35,,,35,28,step,4,Super Eco,,,,
1788588507352,2026-09-05 14:08:27,1764,31.36,31.38142099571877,35,4,1,Eco/Super Eco,OFF,35,,,35,28,step,4,Super Eco,,,,
1788588508353,2026-09-05 14:08:28,1765,31.34,31.38142099571877,35,4,1,Eco/Super Eco,OFF,35,,,35,28,step,4,Super Eco,,,,
1788588509355,2026-09-05 14:08:29,1763,31.38,31.38142099571877,35,4,1,Eco/Super Eco,OFF,35,,,35,28,step,4,Super Eco,,,,
1788588510356,2026-09-05 14:08:30,1762,31.40,31.38142099571877,35,4,1,Eco/Super Eco,OFF,35,,,35,28,step,4,Super Eco,,,,
1788588511357,2026-09-05 14:08:31,1763,31.38,31.38142099571877,35,4,1,Eco/Super Eco,OFF,35,,,35,28,step,4,Super Eco,,,,
1788588512359,2026-09-05 14:08:32,1762,31.40,31.38142099571877,35,4,1,Eco/Super Eco,OFF,35,,,35,28,step,4,Super Eco,,,,
1788588513359,2026-09-05 14:08:33,1763,31.38,31.38142099571877,35,4,1,Eco/Super Eco,OFF,35,,,35,28,step,4,Super Eco,,,,
1788588514361,2026-09-05 14:08:34,1764,31.36,31.424146110607865,35,4,1,Eco/Super Eco,OFF,35,,,35,28,step,4,Super Eco,,,,
1788588515362,2026-09-05 14:08:35,1764,31.36,31.424146110607865,35,4,1,Eco/Super Eco,OFF,35,,,35,28,step,4,Super Eco,,,,
1788588516363,2026-09-05 14:08:36,1762,31.40,31.424146110607865,35,4,1,Eco/Super Eco,OFF,35,,,35,28,step,4,Super Eco,,,,
1788588517364,2026-09-05 14:08:37,1762,31.40,31.424146110607865,35,4,1,Eco/Super Eco,OFF,35,,,35,28,step,4,Super Eco,,,,
1788588518364,2026-09-05 14:08:38,1761,31.42,31.424146110607865,35,4,1,Eco/Super Eco,OFF,35,,,35,28,step,4,Super Eco,,,,
1788588519366,2026-09-05 14:08:39,1762,31.40,31.424146110607865,35,4,1,Eco/Super Eco,OFF,35,,,35,28,step,4,Super Eco,,,,
1788588520367,2026-09-05 14:08:40,1762,31.40,31.424146110607865,35,4,1,Eco/Super Eco,OFF,35,,,35,28,step,4,Super Eco,,,,
1788588521369,2026-09-05 14:08:41,1763,31.38,31.424146110607865,35,4,1,Eco/Super Eco,OFF,35,,,35,28,step,4,Super Eco,,,,
1788588522370,2026-09-05 14:08:42,1764,31.36,31.424146110607865,35,4,1,Eco/Super Eco,OFF,35,,,35,28,step,4,Super Eco,,,,
1788588523371,2026-09-05 14:08:43,1761,31.42,31.424146110607865,35,4,1,Eco/Super Eco,OFF,35,,,35,28,step,4,Super Eco,,,,
1788588524372,2026-09-05 14:08:44,1762,31.40,31.424146110607865,35,4,1,Eco/Super Eco,OFF,35,,,35,28,step,4,Super Eco,,,,
1788588525373,2026-09-05 14:08:45,1763,31.38,31.424146110607865,35,4,1,Eco/Super Eco,OFF,35,,,35,28,step,4,Super Eco,,,,
1788588526374,2026-09-05 14:08:46,1762,31.40,31.424146110607865,35,4,1,Eco/Super Eco,OFF,35,,,35,28,step,4,Super Eco,,,,
1788588527375,2026-09-05 14:08:47,1768,31.27,31.424146110607865,35,4,1,Eco/Super Eco,OFF,35,,,35,28,step,4,Super Eco,,,,
1788588528376,2026-09-05 14:08:48,1764,31.36,31.424146110607865,35,4,1,Eco/Super Eco,OFF,35,,,35,28,step,4,Super Eco,,,,
1788588529377,2026-09-05 14:08:49,1764,31.36,31.402780568568403,35,4,1,Eco/Super Eco,OFF,35,,,35,28,step,4,Super Eco,,,,
1788588530378,2026-09-05 14:08:50,1762,31.40,31.402780568568403,35,4,1,Eco/Super Eco,OFF,35,,,35,28,step,4,Super Eco,,,,
1788588531379,2026-09-05 14:08:51,1760,31.45,31.402780568568403,35,4,1,Eco/Super Eco,OFF,35,,,35,28,step,4,Super Eco,,,,
1788588532380,2026-09-05 14:08:52,1763,31.38,31.402780568568403,35,4,1,Eco/Super Eco,OFF,35,,,35,28,step,4,Super Eco,,,,
1788588533382,2026-09-05 14:08:53,1759,31.47,31.402780568568403,35,4,1,Eco/Super Eco,OFF,35,,,35,28,step,4,Super Eco,,,,
1788588534384,2026-09-05 14:08:54,1758,31.49,31.402780568568403,35,4,1,Eco/Super Eco,OFF,83,83,DLPC temp UNAVAILABLE,83,28,done,,,step_end:settled;complete;complete;dlpc_unavailable,,,unavailable
